:START_ID,:END_ID,relation,:TYPE
herb_id_1,meridians-tropism_id_11,has_meridians-tropism,meridians-tropism
herb_id_1,meridians-tropism_id_9,has_meridians-tropism,meridians-tropism
herb_id_1,meridians-tropism_id_7,has_meridians-tropism,meridians-tropism
herb_id_1,meridians-tropism_id_8,has_meridians-tropism,meridians-tropism
herb_id_2,meridians-tropism_id_6,has_meridians-tropism,meridians-tropism
herb_id_2,meridians-tropism_id_9,has_meridians-tropism,meridians-tropism
herb_id_3,meridians-tropism_id_6,has_meridians-tropism,meridians-tropism
herb_id_3,meridians-tropism_id_11,has_meridians-tropism,meridians-tropism
herb_id_4,meridians-tropism_id_7,has_meridians-tropism,meridians-tropism
herb_id_4,meridians-tropism_id_9,has_meridians-tropism,meridians-tropism
herb_id_4,meridians-tropism_id_6,has_meridians-tropism,meridians-tropism
herb_id_5,meridians-tropism_id_4,has_meridians-tropism,meridians-tropism
herb_id_5,meridians-tropism_id_6,has_meridians-tropism,meridians-tropism
herb_id_6,meridians-tropism_id_4,has_meridians-tropism,meridians-tropism
herb_id_6,meridians-tropism_id_6,has_meridians-tropism,meridians-tropism
herb_id_6,meridians-tropism_id_8,has_meridians-tropism,meridians-tropism
herb_id_7,meridians-tropism_id_4,has_meridians-tropism,meridians-tropism
herb_id_7,meridians-tropism_id_6,has_meridians-tropism,meridians-tropism
herb_id_7,meridians-tropism_id_8,has_meridians-tropism,meridians-tropism
herb_id_7,meridians-tropism_id_11,has_meridians-tropism,meridians-tropism
herb_id_8,meridians-tropism_id_6,has_meridians-tropism,meridians-tropism
herb_id_8,meridians-tropism_id_11,has_meridians-tropism,meridians-tropism
herb_id_8,meridians-tropism_id_7,has_meridians-tropism,meridians-tropism
herb_id_8,meridians-tropism_id_2,has_meridians-tropism,meridians-tropism
herb_id_9,meridians-tropism_id_6,has_meridians-tropism,meridians-tropism
herb_id_9,meridians-tropism_id_11,has_meridians-tropism,meridians-tropism
herb_id_9,meridians-tropism_id_7,has_meridians-tropism,meridians-tropism
herb_id_9,meridians-tropism_id_2,has_meridians-tropism,meridians-tropism
herb_id_10,meridians-tropism_id_7,has_meridians-tropism,meridians-tropism
herb_id_10,meridians-tropism_id_11,has_meridians-tropism,meridians-tropism
herb_id_10,meridians-tropism_id_8,has_meridians-tropism,meridians-tropism
herb_id_10,meridians-tropism_id_12,has_meridians-tropism,meridians-tropism
herb_id_11,meridians-tropism_id_6,has_meridians-tropism,meridians-tropism
herb_id_12,meridians-tropism_id_4,has_meridians-tropism,meridians-tropism
herb_id_12,meridians-tropism_id_6,has_meridians-tropism,meridians-tropism
herb_id_12,meridians-tropism_id_11,has_meridians-tropism,meridians-tropism
herb_id_13,meridians-tropism_id_6,has_meridians-tropism,meridians-tropism
herb_id_13,meridians-tropism_id_8,has_meridians-tropism,meridians-tropism
herb_id_13,meridians-tropism_id_11,has_meridians-tropism,meridians-tropism
herb_id_14,meridians-tropism_id_4,has_meridians-tropism,meridians-tropism
herb_id_14,meridians-tropism_id_6,has_meridians-tropism,meridians-tropism
herb_id_14,meridians-tropism_id_11,has_meridians-tropism,meridians-tropism
herb_id_15,meridians-tropism_id_7,has_meridians-tropism,meridians-tropism
herb_id_15,meridians-tropism_id_11,has_meridians-tropism,meridians-tropism
herb_id_15,meridians-tropism_id_12,has_meridians-tropism,meridians-tropism
herb_id_16,meridians-tropism_id_7,has_meridians-tropism,meridians-tropism
herb_id_16,meridians-tropism_id_11,has_meridians-tropism,meridians-tropism
herb_id_16,meridians-tropism_id_12,has_meridians-tropism,meridians-tropism
herb_id_17,meridians-tropism_id_7,has_meridians-tropism,meridians-tropism
herb_id_17,meridians-tropism_id_2,has_meridians-tropism,meridians-tropism
herb_id_17,meridians-tropism_id_8,has_meridians-tropism,meridians-tropism
herb_id_18,meridians-tropism_id_6,has_meridians-tropism,meridians-tropism
herb_id_18,meridians-tropism_id_8,has_meridians-tropism,meridians-tropism
herb_id_19,meridians-tropism_id_7,has_meridians-tropism,meridians-tropism
herb_id_19,meridians-tropism_id_4,has_meridians-tropism,meridians-tropism
herb_id_19,meridians-tropism_id_8,has_meridians-tropism,meridians-tropism
herb_id_20,meridians-tropism_id_11,has_meridians-tropism,meridians-tropism
herb_id_20,meridians-tropism_id_6,has_meridians-tropism,meridians-tropism
herb_id_21,meridians-tropism_id_7,has_meridians-tropism,meridians-tropism
herb_id_21,meridians-tropism_id_4,has_meridians-tropism,meridians-tropism
herb_id_21,meridians-tropism_id_12,has_meridians-tropism,meridians-tropism
herb_id_22,meridians-tropism_id_11,has_meridians-tropism,meridians-tropism
herb_id_22,meridians-tropism_id_7,has_meridians-tropism,meridians-tropism
herb_id_22,meridians-tropism_id_4,has_meridians-tropism,meridians-tropism
herb_id_22,meridians-tropism_id_8,has_meridians-tropism,meridians-tropism
herb_id_23,meridians-tropism_id_6,has_meridians-tropism,meridians-tropism
herb_id_23,meridians-tropism_id_8,has_meridians-tropism,meridians-tropism
herb_id_24,meridians-tropism_id_8,has_meridians-tropism,meridians-tropism
herb_id_24,meridians-tropism_id_6,has_meridians-tropism,meridians-tropism
herb_id_24,meridians-tropism_id_11,has_meridians-tropism,meridians-tropism
herb_id_25,meridians-tropism_id_4,has_meridians-tropism,meridians-tropism
herb_id_25,meridians-tropism_id_6,has_meridians-tropism,meridians-tropism
herb_id_26,meridians-tropism_id_6,has_meridians-tropism,meridians-tropism
herb_id_26,meridians-tropism_id_9,has_meridians-tropism,meridians-tropism
herb_id_26,meridians-tropism_id_4,has_meridians-tropism,meridians-tropism
herb_id_27,meridians-tropism_id_6,has_meridians-tropism,meridians-tropism
herb_id_27,meridians-tropism_id_11,has_meridians-tropism,meridians-tropism
herb_id_27,meridians-tropism_id_8,has_meridians-tropism,meridians-tropism
herb_id_28,meridians-tropism_id_6,has_meridians-tropism,meridians-tropism
herb_id_28,meridians-tropism_id_11,has_meridians-tropism,meridians-tropism
herb_id_28,meridians-tropism_id_9,has_meridians-tropism,meridians-tropism
herb_id_28,meridians-tropism_id_7,has_meridians-tropism,meridians-tropism
herb_id_29,meridians-tropism_id_11,has_meridians-tropism,meridians-tropism
herb_id_29,meridians-tropism_id_9,has_meridians-tropism,meridians-tropism
herb_id_29,meridians-tropism_id_7,has_meridians-tropism,meridians-tropism
herb_id_30,meridians-tropism_id_11,has_meridians-tropism,meridians-tropism
herb_id_30,meridians-tropism_id_9,has_meridians-tropism,meridians-tropism
herb_id_31,meridians-tropism_id_7,has_meridians-tropism,meridians-tropism
herb_id_31,meridians-tropism_id_6,has_meridians-tropism,meridians-tropism
herb_id_31,meridians-tropism_id_11,has_meridians-tropism,meridians-tropism
herb_id_33,meridians-tropism_id_6,has_meridians-tropism,meridians-tropism
herb_id_33,meridians-tropism_id_7,has_meridians-tropism,meridians-tropism
herb_id_33,meridians-tropism_id_9,has_meridians-tropism,meridians-tropism
herb_id_34,meridians-tropism_id_4,has_meridians-tropism,meridians-tropism
herb_id_34,meridians-tropism_id_7,has_meridians-tropism,meridians-tropism
herb_id_35,meridians-tropism_id_6,has_meridians-tropism,meridians-tropism
herb_id_35,meridians-tropism_id_9,has_meridians-tropism,meridians-tropism
herb_id_35,meridians-tropism_id_4,has_meridians-tropism,meridians-tropism
herb_id_35,meridians-tropism_id_7,has_meridians-tropism,meridians-tropism
herb_id_35,meridians-tropism_id_11,has_meridians-tropism,meridians-tropism
herb_id_36,meridians-tropism_id_11,has_meridians-tropism,meridians-tropism
herb_id_36,meridians-tropism_id_7,has_meridians-tropism,meridians-tropism
herb_id_37,meridians-tropism_id_7,has_meridians-tropism,meridians-tropism
herb_id_37,meridians-tropism_id_9,has_meridians-tropism,meridians-tropism
herb_id_37,meridians-tropism_id_2,has_meridians-tropism,meridians-tropism
herb_id_38,meridians-tropism_id_6,has_meridians-tropism,meridians-tropism
herb_id_39,meridians-tropism_id_6,has_meridians-tropism,meridians-tropism
herb_id_39,meridians-tropism_id_9,has_meridians-tropism,meridians-tropism
herb_id_41,meridians-tropism_id_6,has_meridians-tropism,meridians-tropism
herb_id_41,meridians-tropism_id_11,has_meridians-tropism,meridians-tropism
herb_id_42,meridians-tropism_id_11,has_meridians-tropism,meridians-tropism
herb_id_42,meridians-tropism_id_9,has_meridians-tropism,meridians-tropism
herb_id_43,meridians-tropism_id_7,has_meridians-tropism,meridians-tropism
herb_id_43,meridians-tropism_id_2,has_meridians-tropism,meridians-tropism
herb_id_44,meridians-tropism_id_11,has_meridians-tropism,meridians-tropism
herb_id_44,meridians-tropism_id_3,has_meridians-tropism,meridians-tropism
herb_id_45,meridians-tropism_id_7,has_meridians-tropism,meridians-tropism
herb_id_46,meridians-tropism_id_2,has_meridians-tropism,meridians-tropism
herb_id_46,meridians-tropism_id_3,has_meridians-tropism,meridians-tropism
herb_id_46,meridians-tropism_id_6,has_meridians-tropism,meridians-tropism
herb_id_46,meridians-tropism_id_7,has_meridians-tropism,meridians-tropism
herb_id_46,meridians-tropism_id_9,has_meridians-tropism,meridians-tropism
herb_id_46,meridians-tropism_id_12,has_meridians-tropism,meridians-tropism
herb_id_47,meridians-tropism_id_7,has_meridians-tropism,meridians-tropism
herb_id_47,meridians-tropism_id_8,has_meridians-tropism,meridians-tropism
herb_id_48,meridians-tropism_id_4,has_meridians-tropism,meridians-tropism
herb_id_48,meridians-tropism_id_11,has_meridians-tropism,meridians-tropism
herb_id_48,meridians-tropism_id_7,has_meridians-tropism,meridians-tropism
herb_id_49,meridians-tropism_id_6,has_meridians-tropism,meridians-tropism
herb_id_49,meridians-tropism_id_2,has_meridians-tropism,meridians-tropism
herb_id_50,meridians-tropism_id_11,has_meridians-tropism,meridians-tropism
herb_id_50,meridians-tropism_id_9,has_meridians-tropism,meridians-tropism
herb_id_50,meridians-tropism_id_7,has_meridians-tropism,meridians-tropism
herb_id_51,meridians-tropism_id_2,has_meridians-tropism,meridians-tropism
herb_id_51,meridians-tropism_id_4,has_meridians-tropism,meridians-tropism
herb_id_51,meridians-tropism_id_6,has_meridians-tropism,meridians-tropism
herb_id_52,meridians-tropism_id_11,has_meridians-tropism,meridians-tropism
herb_id_52,meridians-tropism_id_9,has_meridians-tropism,meridians-tropism
herb_id_52,meridians-tropism_id_2,has_meridians-tropism,meridians-tropism
herb_id_52,meridians-tropism_id_8,has_meridians-tropism,meridians-tropism
herb_id_53,meridians-tropism_id_4,has_meridians-tropism,meridians-tropism
herb_id_53,meridians-tropism_id_11,has_meridians-tropism,meridians-tropism
herb_id_54,meridians-tropism_id_4,has_meridians-tropism,meridians-tropism
herb_id_54,meridians-tropism_id_6,has_meridians-tropism,meridians-tropism
herb_id_54,meridians-tropism_id_11,has_meridians-tropism,meridians-tropism
herb_id_55,meridians-tropism_id_6,has_meridians-tropism,meridians-tropism
herb_id_55,meridians-tropism_id_4,has_meridians-tropism,meridians-tropism
herb_id_55,meridians-tropism_id_8,has_meridians-tropism,meridians-tropism
herb_id_56,meridians-tropism_id_4,has_meridians-tropism,meridians-tropism
herb_id_56,meridians-tropism_id_6,has_meridians-tropism,meridians-tropism
herb_id_56,meridians-tropism_id_8,has_meridians-tropism,meridians-tropism
herb_id_56,meridians-tropism_id_11,has_meridians-tropism,meridians-tropism
herb_id_57,meridians-tropism_id_9,has_meridians-tropism,meridians-tropism
herb_id_57,meridians-tropism_id_6,has_meridians-tropism,meridians-tropism
herb_id_58,meridians-tropism_id_4,has_meridians-tropism,meridians-tropism
herb_id_58,meridians-tropism_id_6,has_meridians-tropism,meridians-tropism
herb_id_58,meridians-tropism_id_8,has_meridians-tropism,meridians-tropism
herb_id_58,meridians-tropism_id_11,has_meridians-tropism,meridians-tropism
herb_id_59,meridians-tropism_id_4,has_meridians-tropism,meridians-tropism
herb_id_59,meridians-tropism_id_8,has_meridians-tropism,meridians-tropism
herb_id_59,meridians-tropism_id_7,has_meridians-tropism,meridians-tropism
herb_id_60,meridians-tropism_id_4,has_meridians-tropism,meridians-tropism
herb_id_60,meridians-tropism_id_8,has_meridians-tropism,meridians-tropism
herb_id_60,meridians-tropism_id_11,has_meridians-tropism,meridians-tropism
herb_id_61,meridians-tropism_id_9,has_meridians-tropism,meridians-tropism
herb_id_61,meridians-tropism_id_2,has_meridians-tropism,meridians-tropism
herb_id_61,meridians-tropism_id_8,has_meridians-tropism,meridians-tropism
herb_id_62,meridians-tropism_id_7,has_meridians-tropism,meridians-tropism
herb_id_63,meridians-tropism_id_7,has_meridians-tropism,meridians-tropism
herb_id_64,meridians-tropism_id_11,has_meridians-tropism,meridians-tropism
herb_id_64,meridians-tropism_id_7,has_meridians-tropism,meridians-tropism
herb_id_65,meridians-tropism_id_7,has_meridians-tropism,meridians-tropism
herb_id_65,meridians-tropism_id_9,has_meridians-tropism,meridians-tropism
herb_id_66,meridians-tropism_id_6,has_meridians-tropism,meridians-tropism
herb_id_66,meridians-tropism_id_8,has_meridians-tropism,meridians-tropism
herb_id_66,meridians-tropism_id_9,has_meridians-tropism,meridians-tropism
herb_id_68,meridians-tropism_id_7,has_meridians-tropism,meridians-tropism
herb_id_68,meridians-tropism_id_11,has_meridians-tropism,meridians-tropism
herb_id_68,meridians-tropism_id_9,has_meridians-tropism,meridians-tropism
herb_id_68,meridians-tropism_id_2,has_meridians-tropism,meridians-tropism
herb_id_69,meridians-tropism_id_11,has_meridians-tropism,meridians-tropism
herb_id_69,meridians-tropism_id_9,has_meridians-tropism,meridians-tropism
herb_id_69,meridians-tropism_id_7,has_meridians-tropism,meridians-tropism
herb_id_70,meridians-tropism_id_7,has_meridians-tropism,meridians-tropism
herb_id_70,meridians-tropism_id_11,has_meridians-tropism,meridians-tropism
herb_id_70,meridians-tropism_id_2,has_meridians-tropism,meridians-tropism
herb_id_71,meridians-tropism_id_7,has_meridians-tropism,meridians-tropism
herb_id_71,meridians-tropism_id_6,has_meridians-tropism,meridians-tropism
herb_id_71,meridians-tropism_id_8,has_meridians-tropism,meridians-tropism
herb_id_72,meridians-tropism_id_7,has_meridians-tropism,meridians-tropism
herb_id_72,meridians-tropism_id_9,has_meridians-tropism,meridians-tropism
herb_id_73,meridians-tropism_id_11,has_meridians-tropism,meridians-tropism
herb_id_73,meridians-tropism_id_9,has_meridians-tropism,meridians-tropism
herb_id_73,meridians-tropism_id_7,has_meridians-tropism,meridians-tropism
herb_id_73,meridians-tropism_id_2,has_meridians-tropism,meridians-tropism
herb_id_74,meridians-tropism_id_11,has_meridians-tropism,meridians-tropism
herb_id_74,meridians-tropism_id_9,has_meridians-tropism,meridians-tropism
herb_id_74,meridians-tropism_id_7,has_meridians-tropism,meridians-tropism
herb_id_75,meridians-tropism_id_4,has_meridians-tropism,meridians-tropism
herb_id_75,meridians-tropism_id_6,has_meridians-tropism,meridians-tropism
herb_id_76,meridians-tropism_id_4,has_meridians-tropism,meridians-tropism
herb_id_76,meridians-tropism_id_6,has_meridians-tropism,meridians-tropism
herb_id_77,meridians-tropism_id_7,has_meridians-tropism,meridians-tropism
herb_id_77,meridians-tropism_id_9,has_meridians-tropism,meridians-tropism
herb_id_78,meridians-tropism_id_6,has_meridians-tropism,meridians-tropism
herb_id_78,meridians-tropism_id_11,has_meridians-tropism,meridians-tropism
herb_id_78,meridians-tropism_id_9,has_meridians-tropism,meridians-tropism
herb_id_78,meridians-tropism_id_8,has_meridians-tropism,meridians-tropism
herb_id_79,meridians-tropism_id_7,has_meridians-tropism,meridians-tropism
herb_id_79,meridians-tropism_id_11,has_meridians-tropism,meridians-tropism
herb_id_79,meridians-tropism_id_8,has_meridians-tropism,meridians-tropism
herb_id_79,meridians-tropism_id_2,has_meridians-tropism,meridians-tropism
herb_id_80,meridians-tropism_id_6,has_meridians-tropism,meridians-tropism
herb_id_81,meridians-tropism_id_6,has_meridians-tropism,meridians-tropism
herb_id_81,meridians-tropism_id_11,has_meridians-tropism,meridians-tropism
herb_id_82,meridians-tropism_id_4,has_meridians-tropism,meridians-tropism
herb_id_82,meridians-tropism_id_7,has_meridians-tropism,meridians-tropism
herb_id_82,meridians-tropism_id_12,has_meridians-tropism,meridians-tropism
herb_id_83,meridians-tropism_id_6,has_meridians-tropism,meridians-tropism
herb_id_83,meridians-tropism_id_9,has_meridians-tropism,meridians-tropism
herb_id_84,meridians-tropism_id_7,has_meridians-tropism,meridians-tropism
herb_id_84,meridians-tropism_id_11,has_meridians-tropism,meridians-tropism
herb_id_85,meridians-tropism_id_6,has_meridians-tropism,meridians-tropism
herb_id_86,meridians-tropism_id_4,has_meridians-tropism,meridians-tropism
herb_id_86,meridians-tropism_id_6,has_meridians-tropism,meridians-tropism
herb_id_87,meridians-tropism_id_12,has_meridians-tropism,meridians-tropism
herb_id_87,meridians-tropism_id_8,has_meridians-tropism,meridians-tropism
herb_id_88,meridians-tropism_id_6,has_meridians-tropism,meridians-tropism
herb_id_88,meridians-tropism_id_2,has_meridians-tropism,meridians-tropism
herb_id_89,meridians-tropism_id_6,has_meridians-tropism,meridians-tropism
herb_id_89,meridians-tropism_id_2,has_meridians-tropism,meridians-tropism
herb_id_90,meridians-tropism_id_8,has_meridians-tropism,meridians-tropism
herb_id_90,meridians-tropism_id_12,has_meridians-tropism,meridians-tropism
herb_id_91,meridians-tropism_id_7,has_meridians-tropism,meridians-tropism
herb_id_91,meridians-tropism_id_6,has_meridians-tropism,meridians-tropism
herb_id_91,meridians-tropism_id_9,has_meridians-tropism,meridians-tropism
herb_id_91,meridians-tropism_id_2,has_meridians-tropism,meridians-tropism
herb_id_91,meridians-tropism_id_12,has_meridians-tropism,meridians-tropism
herb_id_92,meridians-tropism_id_7,has_meridians-tropism,meridians-tropism
herb_id_92,meridians-tropism_id_6,has_meridians-tropism,meridians-tropism
herb_id_92,meridians-tropism_id_8,has_meridians-tropism,meridians-tropism
herb_id_93,meridians-tropism_id_4,has_meridians-tropism,meridians-tropism
herb_id_93,meridians-tropism_id_6,has_meridians-tropism,meridians-tropism
herb_id_93,meridians-tropism_id_8,has_meridians-tropism,meridians-tropism
herb_id_94,meridians-tropism_id_6,has_meridians-tropism,meridians-tropism
herb_id_94,meridians-tropism_id_11,has_meridians-tropism,meridians-tropism
herb_id_94,meridians-tropism_id_12,has_meridians-tropism,meridians-tropism
herb_id_95,meridians-tropism_id_6,has_meridians-tropism,meridians-tropism
herb_id_95,meridians-tropism_id_10,has_meridians-tropism,meridians-tropism
herb_id_95,meridians-tropism_id_3,has_meridians-tropism,meridians-tropism
herb_id_96,meridians-tropism_id_8,has_meridians-tropism,meridians-tropism
herb_id_96,meridians-tropism_id_6,has_meridians-tropism,meridians-tropism
herb_id_97,meridians-tropism_id_6,has_meridians-tropism,meridians-tropism
herb_id_97,meridians-tropism_id_10,has_meridians-tropism,meridians-tropism
herb_id_98,meridians-tropism_id_7,has_meridians-tropism,meridians-tropism
herb_id_98,meridians-tropism_id_11,has_meridians-tropism,meridians-tropism
herb_id_98,meridians-tropism_id_8,has_meridians-tropism,meridians-tropism
herb_id_99,meridians-tropism_id_11,has_meridians-tropism,meridians-tropism
herb_id_99,meridians-tropism_id_9,has_meridians-tropism,meridians-tropism
herb_id_99,meridians-tropism_id_4,has_meridians-tropism,meridians-tropism
herb_id_100,meridians-tropism_id_11,has_meridians-tropism,meridians-tropism
herb_id_100,meridians-tropism_id_9,has_meridians-tropism,meridians-tropism
herb_id_100,meridians-tropism_id_2,has_meridians-tropism,meridians-tropism
herb_id_100,meridians-tropism_id_3,has_meridians-tropism,meridians-tropism
herb_id_101,meridians-tropism_id_4,has_meridians-tropism,meridians-tropism
herb_id_101,meridians-tropism_id_6,has_meridians-tropism,meridians-tropism
herb_id_102,meridians-tropism_id_6,has_meridians-tropism,meridians-tropism
herb_id_102,meridians-tropism_id_2,has_meridians-tropism,meridians-tropism
herb_id_103,meridians-tropism_id_11,has_meridians-tropism,meridians-tropism
herb_id_103,meridians-tropism_id_9,has_meridians-tropism,meridians-tropism
herb_id_103,meridians-tropism_id_7,has_meridians-tropism,meridians-tropism
herb_id_104,meridians-tropism_id_4,has_meridians-tropism,meridians-tropism
herb_id_104,meridians-tropism_id_9,has_meridians-tropism,meridians-tropism
herb_id_105,meridians-tropism_id_11,has_meridians-tropism,meridians-tropism
herb_id_105,meridians-tropism_id_9,has_meridians-tropism,meridians-tropism
herb_id_105,meridians-tropism_id_2,has_meridians-tropism,meridians-tropism
herb_id_105,meridians-tropism_id_6,has_meridians-tropism,meridians-tropism
herb_id_105,meridians-tropism_id_5,has_meridians-tropism,meridians-tropism
herb_id_106,meridians-tropism_id_6,has_meridians-tropism,meridians-tropism
herb_id_106,meridians-tropism_id_11,has_meridians-tropism,meridians-tropism
herb_id_106,meridians-tropism_id_8,has_meridians-tropism,meridians-tropism
herb_id_107,meridians-tropism_id_7,has_meridians-tropism,meridians-tropism
herb_id_107,meridians-tropism_id_8,has_meridians-tropism,meridians-tropism
herb_id_108,meridians-tropism_id_7,has_meridians-tropism,meridians-tropism
herb_id_108,meridians-tropism_id_6,has_meridians-tropism,meridians-tropism
herb_id_108,meridians-tropism_id_11,has_meridians-tropism,meridians-tropism
herb_id_109,meridians-tropism_id_7,has_meridians-tropism,meridians-tropism
herb_id_109,meridians-tropism_id_8,has_meridians-tropism,meridians-tropism
herb_id_110,meridians-tropism_id_7,has_meridians-tropism,meridians-tropism
herb_id_110,meridians-tropism_id_6,has_meridians-tropism,meridians-tropism
herb_id_111,meridians-tropism_id_4,has_meridians-tropism,meridians-tropism
herb_id_111,meridians-tropism_id_6,has_meridians-tropism,meridians-tropism
herb_id_112,meridians-tropism_id_7,has_meridians-tropism,meridians-tropism
herb_id_112,meridians-tropism_id_9,has_meridians-tropism,meridians-tropism
herb_id_113,meridians-tropism_id_6,has_meridians-tropism,meridians-tropism
herb_id_113,meridians-tropism_id_9,has_meridians-tropism,meridians-tropism
herb_id_114,meridians-tropism_id_6,has_meridians-tropism,meridians-tropism
herb_id_115,meridians-tropism_id_11,has_meridians-tropism,meridians-tropism
herb_id_115,meridians-tropism_id_7,has_meridians-tropism,meridians-tropism
herb_id_117,meridians-tropism_id_6,has_meridians-tropism,meridians-tropism
herb_id_117,meridians-tropism_id_8,has_meridians-tropism,meridians-tropism
herb_id_118,meridians-tropism_id_11,has_meridians-tropism,meridians-tropism
herb_id_118,meridians-tropism_id_9,has_meridians-tropism,meridians-tropism
herb_id_118,meridians-tropism_id_7,has_meridians-tropism,meridians-tropism
herb_id_120,meridians-tropism_id_11,has_meridians-tropism,meridians-tropism
herb_id_120,meridians-tropism_id_9,has_meridians-tropism,meridians-tropism
herb_id_120,meridians-tropism_id_10,has_meridians-tropism,meridians-tropism
herb_id_121,meridians-tropism_id_11,has_meridians-tropism,meridians-tropism
herb_id_121,meridians-tropism_id_6,has_meridians-tropism,meridians-tropism
herb_id_122,meridians-tropism_id_12,has_meridians-tropism,meridians-tropism
herb_id_123,meridians-tropism_id_6,has_meridians-tropism,meridians-tropism
herb_id_123,meridians-tropism_id_9,has_meridians-tropism,meridians-tropism
herb_id_124,meridians-tropism_id_4,has_meridians-tropism,meridians-tropism
herb_id_124,meridians-tropism_id_11,has_meridians-tropism,meridians-tropism
herb_id_125,meridians-tropism_id_6,has_meridians-tropism,meridians-tropism
herb_id_126,meridians-tropism_id_4,has_meridians-tropism,meridians-tropism
herb_id_126,meridians-tropism_id_9,has_meridians-tropism,meridians-tropism
herb_id_126,meridians-tropism_id_8,has_meridians-tropism,meridians-tropism
herb_id_127,meridians-tropism_id_7,has_meridians-tropism,meridians-tropism
herb_id_128,meridians-tropism_id_6,has_meridians-tropism,meridians-tropism
herb_id_129,meridians-tropism_id_6,has_meridians-tropism,meridians-tropism
herb_id_129,meridians-tropism_id_8,has_meridians-tropism,meridians-tropism
herb_id_129,meridians-tropism_id_11,has_meridians-tropism,meridians-tropism
herb_id_129,meridians-tropism_id_9,has_meridians-tropism,meridians-tropism
herb_id_130,meridians-tropism_id_4,has_meridians-tropism,meridians-tropism
herb_id_130,meridians-tropism_id_6,has_meridians-tropism,meridians-tropism
herb_id_131,meridians-tropism_id_4,has_meridians-tropism,meridians-tropism
herb_id_131,meridians-tropism_id_6,has_meridians-tropism,meridians-tropism
herb_id_132,meridians-tropism_id_7,has_meridians-tropism,meridians-tropism
herb_id_132,meridians-tropism_id_9,has_meridians-tropism,meridians-tropism
herb_id_134,meridians-tropism_id_4,has_meridians-tropism,meridians-tropism
herb_id_134,meridians-tropism_id_11,has_meridians-tropism,meridians-tropism
herb_id_134,meridians-tropism_id_8,has_meridians-tropism,meridians-tropism
herb_id_135,meridians-tropism_id_7,has_meridians-tropism,meridians-tropism
herb_id_135,meridians-tropism_id_9,has_meridians-tropism,meridians-tropism
herb_id_136,meridians-tropism_id_6,has_meridians-tropism,meridians-tropism
herb_id_136,meridians-tropism_id_9,has_meridians-tropism,meridians-tropism
herb_id_136,meridians-tropism_id_7,has_meridians-tropism,meridians-tropism
herb_id_137,meridians-tropism_id_11,has_meridians-tropism,meridians-tropism
herb_id_137,meridians-tropism_id_9,has_meridians-tropism,meridians-tropism
herb_id_137,meridians-tropism_id_6,has_meridians-tropism,meridians-tropism
herb_id_138,meridians-tropism_id_6,has_meridians-tropism,meridians-tropism
herb_id_138,meridians-tropism_id_8,has_meridians-tropism,meridians-tropism
herb_id_139,meridians-tropism_id_11,has_meridians-tropism,meridians-tropism
herb_id_139,meridians-tropism_id_7,has_meridians-tropism,meridians-tropism
herb_id_139,meridians-tropism_id_8,has_meridians-tropism,meridians-tropism
herb_id_140,meridians-tropism_id_6,has_meridians-tropism,meridians-tropism
herb_id_140,meridians-tropism_id_8,has_meridians-tropism,meridians-tropism
herb_id_141,meridians-tropism_id_4,has_meridians-tropism,meridians-tropism
herb_id_141,meridians-tropism_id_7,has_meridians-tropism,meridians-tropism
herb_id_141,meridians-tropism_id_2,has_meridians-tropism,meridians-tropism
herb_id_142,meridians-tropism_id_6,has_meridians-tropism,meridians-tropism
herb_id_142,meridians-tropism_id_11,has_meridians-tropism,meridians-tropism
herb_id_143,meridians-tropism_id_6,has_meridians-tropism,meridians-tropism
herb_id_143,meridians-tropism_id_8,has_meridians-tropism,meridians-tropism
herb_id_144,meridians-tropism_id_4,has_meridians-tropism,meridians-tropism
herb_id_144,meridians-tropism_id_3,has_meridians-tropism,meridians-tropism
herb_id_144,meridians-tropism_id_12,has_meridians-tropism,meridians-tropism
herb_id_145,meridians-tropism_id_11,has_meridians-tropism,meridians-tropism
herb_id_145,meridians-tropism_id_9,has_meridians-tropism,meridians-tropism
herb_id_145,meridians-tropism_id_2,has_meridians-tropism,meridians-tropism
herb_id_145,meridians-tropism_id_10,has_meridians-tropism,meridians-tropism
herb_id_146,meridians-tropism_id_6,has_meridians-tropism,meridians-tropism
herb_id_146,meridians-tropism_id_3,has_meridians-tropism,meridians-tropism
herb_id_146,meridians-tropism_id_12,has_meridians-tropism,meridians-tropism
herb_id_147,meridians-tropism_id_6,has_meridians-tropism,meridians-tropism
herb_id_147,meridians-tropism_id_8,has_meridians-tropism,meridians-tropism
herb_id_148,meridians-tropism_id_6,has_meridians-tropism,meridians-tropism
herb_id_148,meridians-tropism_id_8,has_meridians-tropism,meridians-tropism
herb_id_149,meridians-tropism_id_6,has_meridians-tropism,meridians-tropism
herb_id_149,meridians-tropism_id_10,has_meridians-tropism,meridians-tropism
herb_id_149,meridians-tropism_id_5,has_meridians-tropism,meridians-tropism
herb_id_150,meridians-tropism_id_7,has_meridians-tropism,meridians-tropism
herb_id_150,meridians-tropism_id_4,has_meridians-tropism,meridians-tropism
herb_id_151,meridians-tropism_id_8,has_meridians-tropism,meridians-tropism
herb_id_151,meridians-tropism_id_6,has_meridians-tropism,meridians-tropism
herb_id_152,meridians-tropism_id_9,has_meridians-tropism,meridians-tropism
herb_id_152,meridians-tropism_id_2,has_meridians-tropism,meridians-tropism
herb_id_153,meridians-tropism_id_7,has_meridians-tropism,meridians-tropism
herb_id_153,meridians-tropism_id_6,has_meridians-tropism,meridians-tropism
herb_id_153,meridians-tropism_id_4,has_meridians-tropism,meridians-tropism
herb_id_154,meridians-tropism_id_11,has_meridians-tropism,meridians-tropism
herb_id_154,meridians-tropism_id_9,has_meridians-tropism,meridians-tropism
herb_id_154,meridians-tropism_id_8,has_meridians-tropism,meridians-tropism
herb_id_154,meridians-tropism_id_4,has_meridians-tropism,meridians-tropism
herb_id_154,meridians-tropism_id_7,has_meridians-tropism,meridians-tropism
herb_id_155,meridians-tropism_id_6,has_meridians-tropism,meridians-tropism
herb_id_155,meridians-tropism_id_11,has_meridians-tropism,meridians-tropism
herb_id_156,meridians-tropism_id_7,has_meridians-tropism,meridians-tropism
herb_id_156,meridians-tropism_id_6,has_meridians-tropism,meridians-tropism
herb_id_157,meridians-tropism_id_6,has_meridians-tropism,meridians-tropism
herb_id_157,meridians-tropism_id_11,has_meridians-tropism,meridians-tropism
herb_id_159,meridians-tropism_id_7,has_meridians-tropism,meridians-tropism
herb_id_160,meridians-tropism_id_6,has_meridians-tropism,meridians-tropism
herb_id_160,meridians-tropism_id_4,has_meridians-tropism,meridians-tropism
herb_id_160,meridians-tropism_id_11,has_meridians-tropism,meridians-tropism
herb_id_161,meridians-tropism_id_6,has_meridians-tropism,meridians-tropism
herb_id_161,meridians-tropism_id_9,has_meridians-tropism,meridians-tropism
herb_id_162,meridians-tropism_id_7,has_meridians-tropism,meridians-tropism
herb_id_162,meridians-tropism_id_9,has_meridians-tropism,meridians-tropism
herb_id_163,meridians-tropism_id_6,has_meridians-tropism,meridians-tropism
herb_id_163,meridians-tropism_id_8,has_meridians-tropism,meridians-tropism
herb_id_164,meridians-tropism_id_11,has_meridians-tropism,meridians-tropism
herb_id_164,meridians-tropism_id_9,has_meridians-tropism,meridians-tropism
herb_id_164,meridians-tropism_id_2,has_meridians-tropism,meridians-tropism
herb_id_165,meridians-tropism_id_11,has_meridians-tropism,meridians-tropism
herb_id_165,meridians-tropism_id_2,has_meridians-tropism,meridians-tropism
herb_id_166,meridians-tropism_id_7,has_meridians-tropism,meridians-tropism
herb_id_166,meridians-tropism_id_6,has_meridians-tropism,meridians-tropism
herb_id_166,meridians-tropism_id_2,has_meridians-tropism,meridians-tropism
herb_id_167,meridians-tropism_id_6,has_meridians-tropism,meridians-tropism
herb_id_167,meridians-tropism_id_11,has_meridians-tropism,meridians-tropism
herb_id_168,meridians-tropism_id_7,has_meridians-tropism,meridians-tropism
herb_id_168,meridians-tropism_id_9,has_meridians-tropism,meridians-tropism
herb_id_169,meridians-tropism_id_7,has_meridians-tropism,meridians-tropism
herb_id_169,meridians-tropism_id_9,has_meridians-tropism,meridians-tropism
herb_id_169,meridians-tropism_id_2,has_meridians-tropism,meridians-tropism
herb_id_170,meridians-tropism_id_7,has_meridians-tropism,meridians-tropism
herb_id_170,meridians-tropism_id_11,has_meridians-tropism,meridians-tropism
herb_id_170,meridians-tropism_id_9,has_meridians-tropism,meridians-tropism
herb_id_170,meridians-tropism_id_2,has_meridians-tropism,meridians-tropism
herb_id_171,meridians-tropism_id_7,has_meridians-tropism,meridians-tropism
herb_id_171,meridians-tropism_id_11,has_meridians-tropism,meridians-tropism
herb_id_171,meridians-tropism_id_6,has_meridians-tropism,meridians-tropism
herb_id_171,meridians-tropism_id_2,has_meridians-tropism,meridians-tropism
herb_id_171,meridians-tropism_id_12,has_meridians-tropism,meridians-tropism
herb_id_172,meridians-tropism_id_7,has_meridians-tropism,meridians-tropism
herb_id_172,meridians-tropism_id_6,has_meridians-tropism,meridians-tropism
herb_id_172,meridians-tropism_id_9,has_meridians-tropism,meridians-tropism
herb_id_173,meridians-tropism_id_6,has_meridians-tropism,meridians-tropism
herb_id_173,meridians-tropism_id_11,has_meridians-tropism,meridians-tropism
herb_id_174,meridians-tropism_id_7,has_meridians-tropism,meridians-tropism
herb_id_174,meridians-tropism_id_9,has_meridians-tropism,meridians-tropism
herb_id_174,meridians-tropism_id_6,has_meridians-tropism,meridians-tropism
herb_id_174,meridians-tropism_id_11,has_meridians-tropism,meridians-tropism
herb_id_174,meridians-tropism_id_8,has_meridians-tropism,meridians-tropism
herb_id_174,meridians-tropism_id_2,has_meridians-tropism,meridians-tropism
herb_id_175,meridians-tropism_id_7,has_meridians-tropism,meridians-tropism
herb_id_175,meridians-tropism_id_6,has_meridians-tropism,meridians-tropism
herb_id_176,meridians-tropism_id_7,has_meridians-tropism,meridians-tropism
herb_id_176,meridians-tropism_id_6,has_meridians-tropism,meridians-tropism
herb_id_177,meridians-tropism_id_4,has_meridians-tropism,meridians-tropism
herb_id_177,meridians-tropism_id_3,has_meridians-tropism,meridians-tropism
herb_id_177,meridians-tropism_id_12,has_meridians-tropism,meridians-tropism
herb_id_178,meridians-tropism_id_7,has_meridians-tropism,meridians-tropism
herb_id_178,meridians-tropism_id_8,has_meridians-tropism,meridians-tropism
herb_id_178,meridians-tropism_id_11,has_meridians-tropism,meridians-tropism
herb_id_178,meridians-tropism_id_12,has_meridians-tropism,meridians-tropism
herb_id_179,meridians-tropism_id_11,has_meridians-tropism,meridians-tropism
herb_id_179,meridians-tropism_id_9,has_meridians-tropism,meridians-tropism
herb_id_179,meridians-tropism_id_2,has_meridians-tropism,meridians-tropism
herb_id_179,meridians-tropism_id_1,has_meridians-tropism,meridians-tropism
herb_id_179,meridians-tropism_id_10,has_meridians-tropism,meridians-tropism
herb_id_180,meridians-tropism_id_4,has_meridians-tropism,meridians-tropism
herb_id_181,meridians-tropism_id_7,has_meridians-tropism,meridians-tropism
herb_id_181,meridians-tropism_id_2,has_meridians-tropism,meridians-tropism
herb_id_182,meridians-tropism_id_6,has_meridians-tropism,meridians-tropism
herb_id_182,meridians-tropism_id_8,has_meridians-tropism,meridians-tropism
herb_id_183,meridians-tropism_id_6,has_meridians-tropism,meridians-tropism
herb_id_183,meridians-tropism_id_11,has_meridians-tropism,meridians-tropism
herb_id_184,meridians-tropism_id_6,has_meridians-tropism,meridians-tropism
herb_id_184,meridians-tropism_id_8,has_meridians-tropism,meridians-tropism
herb_id_185,meridians-tropism_id_4,has_meridians-tropism,meridians-tropism
herb_id_185,meridians-tropism_id_9,has_meridians-tropism,meridians-tropism
herb_id_186,meridians-tropism_id_11,has_meridians-tropism,meridians-tropism
herb_id_186,meridians-tropism_id_7,has_meridians-tropism,meridians-tropism
herb_id_186,meridians-tropism_id_6,has_meridians-tropism,meridians-tropism
herb_id_187,meridians-tropism_id_7,has_meridians-tropism,meridians-tropism
herb_id_187,meridians-tropism_id_9,has_meridians-tropism,meridians-tropism
herb_id_188,meridians-tropism_id_7,has_meridians-tropism,meridians-tropism
herb_id_188,meridians-tropism_id_10,has_meridians-tropism,meridians-tropism
herb_id_188,meridians-tropism_id_11,has_meridians-tropism,meridians-tropism
herb_id_188,meridians-tropism_id_2,has_meridians-tropism,meridians-tropism
herb_id_188,meridians-tropism_id_3,has_meridians-tropism,meridians-tropism
herb_id_189,meridians-tropism_id_11,has_meridians-tropism,meridians-tropism
herb_id_189,meridians-tropism_id_9,has_meridians-tropism,meridians-tropism
herb_id_190,meridians-tropism_id_11,has_meridians-tropism,meridians-tropism
herb_id_190,meridians-tropism_id_9,has_meridians-tropism,meridians-tropism
herb_id_191,meridians-tropism_id_4,has_meridians-tropism,meridians-tropism
herb_id_191,meridians-tropism_id_11,has_meridians-tropism,meridians-tropism
herb_id_192,meridians-tropism_id_6,has_meridians-tropism,meridians-tropism
herb_id_192,meridians-tropism_id_8,has_meridians-tropism,meridians-tropism
herb_id_193,meridians-tropism_id_4,has_meridians-tropism,meridians-tropism
herb_id_193,meridians-tropism_id_8,has_meridians-tropism,meridians-tropism
herb_id_193,meridians-tropism_id_2,has_meridians-tropism,meridians-tropism
herb_id_194,meridians-tropism_id_6,has_meridians-tropism,meridians-tropism
herb_id_194,meridians-tropism_id_10,has_meridians-tropism,meridians-tropism
herb_id_194,meridians-tropism_id_7,has_meridians-tropism,meridians-tropism
herb_id_195,meridians-tropism_id_9,has_meridians-tropism,meridians-tropism
herb_id_196,meridians-tropism_id_4,has_meridians-tropism,meridians-tropism
herb_id_196,meridians-tropism_id_7,has_meridians-tropism,meridians-tropism
herb_id_197,meridians-tropism_id_4,has_meridians-tropism,meridians-tropism
herb_id_197,meridians-tropism_id_7,has_meridians-tropism,meridians-tropism
herb_id_197,meridians-tropism_id_1,has_meridians-tropism,meridians-tropism
herb_id_198,meridians-tropism_id_4,has_meridians-tropism,meridians-tropism
herb_id_198,meridians-tropism_id_6,has_meridians-tropism,meridians-tropism
herb_id_198,meridians-tropism_id_7,has_meridians-tropism,meridians-tropism
herb_id_198,meridians-tropism_id_9,has_meridians-tropism,meridians-tropism
herb_id_200,meridians-tropism_id_8,has_meridians-tropism,meridians-tropism
herb_id_200,meridians-tropism_id_7,has_meridians-tropism,meridians-tropism
herb_id_200,meridians-tropism_id_2,has_meridians-tropism,meridians-tropism
herb_id_201,meridians-tropism_id_4,has_meridians-tropism,meridians-tropism
herb_id_201,meridians-tropism_id_7,has_meridians-tropism,meridians-tropism
herb_id_201,meridians-tropism_id_12,has_meridians-tropism,meridians-tropism
herb_id_202,meridians-tropism_id_8,has_meridians-tropism,meridians-tropism
herb_id_202,meridians-tropism_id_11,has_meridians-tropism,meridians-tropism
herb_id_202,meridians-tropism_id_12,has_meridians-tropism,meridians-tropism
herb_id_203,meridians-tropism_id_4,has_meridians-tropism,meridians-tropism
herb_id_203,meridians-tropism_id_7,has_meridians-tropism,meridians-tropism
herb_id_203,meridians-tropism_id_12,has_meridians-tropism,meridians-tropism
herb_id_204,meridians-tropism_id_4,has_meridians-tropism,meridians-tropism
herb_id_204,meridians-tropism_id_6,has_meridians-tropism,meridians-tropism
herb_id_204,meridians-tropism_id_2,has_meridians-tropism,meridians-tropism
herb_id_205,meridians-tropism_id_7,has_meridians-tropism,meridians-tropism
herb_id_205,meridians-tropism_id_6,has_meridians-tropism,meridians-tropism
herb_id_206,meridians-tropism_id_6,has_meridians-tropism,meridians-tropism
herb_id_206,meridians-tropism_id_8,has_meridians-tropism,meridians-tropism
herb_id_207,meridians-tropism_id_6,has_meridians-tropism,meridians-tropism
herb_id_208,meridians-tropism_id_4,has_meridians-tropism,meridians-tropism
herb_id_208,meridians-tropism_id_6,has_meridians-tropism,meridians-tropism
herb_id_208,meridians-tropism_id_8,has_meridians-tropism,meridians-tropism
herb_id_209,meridians-tropism_id_7,has_meridians-tropism,meridians-tropism
herb_id_210,meridians-tropism_id_6,has_meridians-tropism,meridians-tropism
herb_id_210,meridians-tropism_id_8,has_meridians-tropism,meridians-tropism
herb_id_211,meridians-tropism_id_6,has_meridians-tropism,meridians-tropism
herb_id_212,meridians-tropism_id_7,has_meridians-tropism,meridians-tropism
herb_id_213,meridians-tropism_id_6,has_meridians-tropism,meridians-tropism
herb_id_213,meridians-tropism_id_9,has_meridians-tropism,meridians-tropism
herb_id_213,meridians-tropism_id_7,has_meridians-tropism,meridians-tropism
herb_id_214,meridians-tropism_id_10,has_meridians-tropism,meridians-tropism
herb_id_214,meridians-tropism_id_9,has_meridians-tropism,meridians-tropism
herb_id_215,meridians-tropism_id_7,has_meridians-tropism,meridians-tropism
herb_id_215,meridians-tropism_id_6,has_meridians-tropism,meridians-tropism
herb_id_215,meridians-tropism_id_2,has_meridians-tropism,meridians-tropism
herb_id_216,meridians-tropism_id_11,has_meridians-tropism,meridians-tropism
herb_id_216,meridians-tropism_id_12,has_meridians-tropism,meridians-tropism
herb_id_217,meridians-tropism_id_2,has_meridians-tropism,meridians-tropism
herb_id_217,meridians-tropism_id_9,has_meridians-tropism,meridians-tropism
herb_id_217,meridians-tropism_id_6,has_meridians-tropism,meridians-tropism
herb_id_218,meridians-tropism_id_6,has_meridians-tropism,meridians-tropism
herb_id_218,meridians-tropism_id_2,has_meridians-tropism,meridians-tropism
herb_id_219,meridians-tropism_id_6,has_meridians-tropism,meridians-tropism
herb_id_219,meridians-tropism_id_2,has_meridians-tropism,meridians-tropism
herb_id_220,meridians-tropism_id_9,has_meridians-tropism,meridians-tropism
herb_id_220,meridians-tropism_id_2,has_meridians-tropism,meridians-tropism
herb_id_221,meridians-tropism_id_6,has_meridians-tropism,meridians-tropism
herb_id_221,meridians-tropism_id_8,has_meridians-tropism,meridians-tropism
herb_id_222,meridians-tropism_id_9,has_meridians-tropism,meridians-tropism
herb_id_223,meridians-tropism_id_12,has_meridians-tropism,meridians-tropism
herb_id_223,meridians-tropism_id_3,has_meridians-tropism,meridians-tropism
herb_id_223,meridians-tropism_id_7,has_meridians-tropism,meridians-tropism
herb_id_223,meridians-tropism_id_9,has_meridians-tropism,meridians-tropism
herb_id_223,meridians-tropism_id_11,has_meridians-tropism,meridians-tropism
herb_id_223,meridians-tropism_id_2,has_meridians-tropism,meridians-tropism
herb_id_224,meridians-tropism_id_11,has_meridians-tropism,meridians-tropism
herb_id_224,meridians-tropism_id_6,has_meridians-tropism,meridians-tropism
herb_id_225,meridians-tropism_id_11,has_meridians-tropism,meridians-tropism
herb_id_225,meridians-tropism_id_9,has_meridians-tropism,meridians-tropism
herb_id_225,meridians-tropism_id_7,has_meridians-tropism,meridians-tropism
herb_id_226,meridians-tropism_id_7,has_meridians-tropism,meridians-tropism
herb_id_227,meridians-tropism_id_6,has_meridians-tropism,meridians-tropism
herb_id_227,meridians-tropism_id_10,has_meridians-tropism,meridians-tropism
herb_id_227,meridians-tropism_id_4,has_meridians-tropism,meridians-tropism
herb_id_227,meridians-tropism_id_9,has_meridians-tropism,meridians-tropism
herb_id_228,meridians-tropism_id_4,has_meridians-tropism,meridians-tropism
herb_id_228,meridians-tropism_id_6,has_meridians-tropism,meridians-tropism
herb_id_229,meridians-tropism_id_6,has_meridians-tropism,meridians-tropism
herb_id_229,meridians-tropism_id_11,has_meridians-tropism,meridians-tropism
herb_id_230,meridians-tropism_id_6,has_meridians-tropism,meridians-tropism
herb_id_231,meridians-tropism_id_11,has_meridians-tropism,meridians-tropism
herb_id_231,meridians-tropism_id_9,has_meridians-tropism,meridians-tropism
herb_id_231,meridians-tropism_id_8,has_meridians-tropism,meridians-tropism
herb_id_232,meridians-tropism_id_7,has_meridians-tropism,meridians-tropism
herb_id_232,meridians-tropism_id_9,has_meridians-tropism,meridians-tropism
herb_id_233,meridians-tropism_id_6,has_meridians-tropism,meridians-tropism
herb_id_233,meridians-tropism_id_8,has_meridians-tropism,meridians-tropism
herb_id_234,meridians-tropism_id_4,has_meridians-tropism,meridians-tropism
herb_id_234,meridians-tropism_id_6,has_meridians-tropism,meridians-tropism
herb_id_234,meridians-tropism_id_11,has_meridians-tropism,meridians-tropism
herb_id_235,meridians-tropism_id_11,has_meridians-tropism,meridians-tropism
herb_id_235,meridians-tropism_id_9,has_meridians-tropism,meridians-tropism
herb_id_235,meridians-tropism_id_7,has_meridians-tropism,meridians-tropism
herb_id_236,meridians-tropism_id_7,has_meridians-tropism,meridians-tropism
herb_id_236,meridians-tropism_id_9,has_meridians-tropism,meridians-tropism
herb_id_237,meridians-tropism_id_6,has_meridians-tropism,meridians-tropism
herb_id_237,meridians-tropism_id_11,has_meridians-tropism,meridians-tropism
herb_id_238,meridians-tropism_id_8,has_meridians-tropism,meridians-tropism
herb_id_238,meridians-tropism_id_12,has_meridians-tropism,meridians-tropism
herb_id_239,meridians-tropism_id_2,has_meridians-tropism,meridians-tropism
herb_id_239,meridians-tropism_id_3,has_meridians-tropism,meridians-tropism
herb_id_239,meridians-tropism_id_11,has_meridians-tropism,meridians-tropism
herb_id_239,meridians-tropism_id_7,has_meridians-tropism,meridians-tropism
herb_id_240,meridians-tropism_id_7,has_meridians-tropism,meridians-tropism
herb_id_240,meridians-tropism_id_4,has_meridians-tropism,meridians-tropism
herb_id_241,meridians-tropism_id_4,has_meridians-tropism,meridians-tropism
herb_id_242,meridians-tropism_id_7,has_meridians-tropism,meridians-tropism
herb_id_243,meridians-tropism_id_6,has_meridians-tropism,meridians-tropism
herb_id_243,meridians-tropism_id_11,has_meridians-tropism,meridians-tropism
herb_id_244,meridians-tropism_id_7,has_meridians-tropism,meridians-tropism
herb_id_244,meridians-tropism_id_8,has_meridians-tropism,meridians-tropism
herb_id_245,meridians-tropism_id_6,has_meridians-tropism,meridians-tropism
herb_id_245,meridians-tropism_id_9,has_meridians-tropism,meridians-tropism
herb_id_245,meridians-tropism_id_8,has_meridians-tropism,meridians-tropism
herb_id_246,meridians-tropism_id_7,has_meridians-tropism,meridians-tropism
herb_id_246,meridians-tropism_id_9,has_meridians-tropism,meridians-tropism
herb_id_247,meridians-tropism_id_11,has_meridians-tropism,meridians-tropism
herb_id_247,meridians-tropism_id_8,has_meridians-tropism,meridians-tropism
herb_id_248,meridians-tropism_id_12,has_meridians-tropism,meridians-tropism
herb_id_248,meridians-tropism_id_3,has_meridians-tropism,meridians-tropism
herb_id_249,meridians-tropism_id_3,has_meridians-tropism,meridians-tropism
herb_id_249,meridians-tropism_id_12,has_meridians-tropism,meridians-tropism
herb_id_249,meridians-tropism_id_6,has_meridians-tropism,meridians-tropism
herb_id_250,meridians-tropism_id_6,has_meridians-tropism,meridians-tropism
herb_id_251,meridians-tropism_id_6,has_meridians-tropism,meridians-tropism
herb_id_251,meridians-tropism_id_8,has_meridians-tropism,meridians-tropism
herb_id_252,meridians-tropism_id_4,has_meridians-tropism,meridians-tropism
herb_id_252,meridians-tropism_id_9,has_meridians-tropism,meridians-tropism
herb_id_252,meridians-tropism_id_3,has_meridians-tropism,meridians-tropism
herb_id_253,meridians-tropism_id_6,has_meridians-tropism,meridians-tropism
herb_id_253,meridians-tropism_id_8,has_meridians-tropism,meridians-tropism
herb_id_254,meridians-tropism_id_11,has_meridians-tropism,meridians-tropism
herb_id_254,meridians-tropism_id_9,has_meridians-tropism,meridians-tropism
herb_id_254,meridians-tropism_id_7,has_meridians-tropism,meridians-tropism
herb_id_255,meridians-tropism_id_12,has_meridians-tropism,meridians-tropism
herb_id_255,meridians-tropism_id_7,has_meridians-tropism,meridians-tropism
herb_id_255,meridians-tropism_id_9,has_meridians-tropism,meridians-tropism
herb_id_256,meridians-tropism_id_9,has_meridians-tropism,meridians-tropism
herb_id_256,meridians-tropism_id_2,has_meridians-tropism,meridians-tropism
herb_id_256,meridians-tropism_id_6,has_meridians-tropism,meridians-tropism
herb_id_257,meridians-tropism_id_11,has_meridians-tropism,meridians-tropism
herb_id_257,meridians-tropism_id_9,has_meridians-tropism,meridians-tropism
herb_id_257,meridians-tropism_id_2,has_meridians-tropism,meridians-tropism
herb_id_258,meridians-tropism_id_4,has_meridians-tropism,meridians-tropism
herb_id_258,meridians-tropism_id_7,has_meridians-tropism,meridians-tropism
herb_id_258,meridians-tropism_id_3,has_meridians-tropism,meridians-tropism
herb_id_259,meridians-tropism_id_11,has_meridians-tropism,meridians-tropism
herb_id_259,meridians-tropism_id_9,has_meridians-tropism,meridians-tropism
herb_id_260,meridians-tropism_id_11,has_meridians-tropism,meridians-tropism
herb_id_260,meridians-tropism_id_9,has_meridians-tropism,meridians-tropism
herb_id_260,meridians-tropism_id_6,has_meridians-tropism,meridians-tropism
herb_id_261,meridians-tropism_id_11,has_meridians-tropism,meridians-tropism
herb_id_261,meridians-tropism_id_7,has_meridians-tropism,meridians-tropism
herb_id_261,meridians-tropism_id_8,has_meridians-tropism,meridians-tropism
herb_id_262,meridians-tropism_id_6,has_meridians-tropism,meridians-tropism
herb_id_262,meridians-tropism_id_11,has_meridians-tropism,meridians-tropism
herb_id_263,meridians-tropism_id_7,has_meridians-tropism,meridians-tropism
herb_id_263,meridians-tropism_id_11,has_meridians-tropism,meridians-tropism
herb_id_263,meridians-tropism_id_6,has_meridians-tropism,meridians-tropism
herb_id_263,meridians-tropism_id_9,has_meridians-tropism,meridians-tropism
herb_id_263,meridians-tropism_id_2,has_meridians-tropism,meridians-tropism
herb_id_264,meridians-tropism_id_11,has_meridians-tropism,meridians-tropism
herb_id_264,meridians-tropism_id_9,has_meridians-tropism,meridians-tropism
herb_id_265,meridians-tropism_id_7,has_meridians-tropism,meridians-tropism
herb_id_265,meridians-tropism_id_9,has_meridians-tropism,meridians-tropism
herb_id_266,meridians-tropism_id_11,has_meridians-tropism,meridians-tropism
herb_id_266,meridians-tropism_id_9,has_meridians-tropism,meridians-tropism
herb_id_267,meridians-tropism_id_11,has_meridians-tropism,meridians-tropism
herb_id_267,meridians-tropism_id_9,has_meridians-tropism,meridians-tropism
herb_id_268,meridians-tropism_id_6,has_meridians-tropism,meridians-tropism
herb_id_268,meridians-tropism_id_11,has_meridians-tropism,meridians-tropism
herb_id_269,meridians-tropism_id_11,has_meridians-tropism,meridians-tropism
herb_id_269,meridians-tropism_id_9,has_meridians-tropism,meridians-tropism
herb_id_270,meridians-tropism_id_11,has_meridians-tropism,meridians-tropism
herb_id_270,meridians-tropism_id_9,has_meridians-tropism,meridians-tropism
herb_id_270,meridians-tropism_id_6,has_meridians-tropism,meridians-tropism
herb_id_271,meridians-tropism_id_11,has_meridians-tropism,meridians-tropism
herb_id_271,meridians-tropism_id_7,has_meridians-tropism,meridians-tropism
herb_id_271,meridians-tropism_id_8,has_meridians-tropism,meridians-tropism
herb_id_272,meridians-tropism_id_7,has_meridians-tropism,meridians-tropism
herb_id_272,meridians-tropism_id_11,has_meridians-tropism,meridians-tropism
herb_id_272,meridians-tropism_id_9,has_meridians-tropism,meridians-tropism
herb_id_273,meridians-tropism_id_6,has_meridians-tropism,meridians-tropism
herb_id_273,meridians-tropism_id_5,has_meridians-tropism,meridians-tropism
herb_id_274,meridians-tropism_id_11,has_meridians-tropism,meridians-tropism
herb_id_274,meridians-tropism_id_9,has_meridians-tropism,meridians-tropism
herb_id_275,meridians-tropism_id_6,has_meridians-tropism,meridians-tropism
herb_id_275,meridians-tropism_id_10,has_meridians-tropism,meridians-tropism
herb_id_275,meridians-tropism_id_4,has_meridians-tropism,meridians-tropism
herb_id_276,meridians-tropism_id_11,has_meridians-tropism,meridians-tropism
herb_id_276,meridians-tropism_id_9,has_meridians-tropism,meridians-tropism
herb_id_278,meridians-tropism_id_4,has_meridians-tropism,meridians-tropism
herb_id_278,meridians-tropism_id_7,has_meridians-tropism,meridians-tropism
herb_id_278,meridians-tropism_id_11,has_meridians-tropism,meridians-tropism
herb_id_278,meridians-tropism_id_9,has_meridians-tropism,meridians-tropism
herb_id_279,meridians-tropism_id_7,has_meridians-tropism,meridians-tropism
herb_id_279,meridians-tropism_id_12,has_meridians-tropism,meridians-tropism
herb_id_280,meridians-tropism_id_7,has_meridians-tropism,meridians-tropism
herb_id_280,meridians-tropism_id_11,has_meridians-tropism,meridians-tropism
herb_id_281,meridians-tropism_id_6,has_meridians-tropism,meridians-tropism
herb_id_281,meridians-tropism_id_8,has_meridians-tropism,meridians-tropism
herb_id_282,meridians-tropism_id_11,has_meridians-tropism,meridians-tropism
herb_id_282,meridians-tropism_id_9,has_meridians-tropism,meridians-tropism
herb_id_282,meridians-tropism_id_8,has_meridians-tropism,meridians-tropism
herb_id_283,meridians-tropism_id_11,has_meridians-tropism,meridians-tropism
herb_id_283,meridians-tropism_id_9,has_meridians-tropism,meridians-tropism
herb_id_283,meridians-tropism_id_6,has_meridians-tropism,meridians-tropism
herb_id_284,meridians-tropism_id_6,has_meridians-tropism,meridians-tropism
herb_id_284,meridians-tropism_id_9,has_meridians-tropism,meridians-tropism
herb_id_286,meridians-tropism_id_11,has_meridians-tropism,meridians-tropism
herb_id_286,meridians-tropism_id_9,has_meridians-tropism,meridians-tropism
herb_id_286,meridians-tropism_id_6,has_meridians-tropism,meridians-tropism
herb_id_287,meridians-tropism_id_4,has_meridians-tropism,meridians-tropism
herb_id_287,meridians-tropism_id_7,has_meridians-tropism,meridians-tropism
herb_id_287,meridians-tropism_id_1,has_meridians-tropism,meridians-tropism
herb_id_288,meridians-tropism_id_11,has_meridians-tropism,meridians-tropism
herb_id_288,meridians-tropism_id_9,has_meridians-tropism,meridians-tropism
herb_id_289,meridians-tropism_id_11,has_meridians-tropism,meridians-tropism
herb_id_289,meridians-tropism_id_9,has_meridians-tropism,meridians-tropism
herb_id_290,meridians-tropism_id_6,has_meridians-tropism,meridians-tropism
herb_id_290,meridians-tropism_id_8,has_meridians-tropism,meridians-tropism
herb_id_291,meridians-tropism_id_6,has_meridians-tropism,meridians-tropism
herb_id_291,meridians-tropism_id_7,has_meridians-tropism,meridians-tropism
herb_id_291,meridians-tropism_id_9,has_meridians-tropism,meridians-tropism
herb_id_292,meridians-tropism_id_4,has_meridians-tropism,meridians-tropism
herb_id_292,meridians-tropism_id_6,has_meridians-tropism,meridians-tropism
herb_id_292,meridians-tropism_id_8,has_meridians-tropism,meridians-tropism
herb_id_292,meridians-tropism_id_2,has_meridians-tropism,meridians-tropism
herb_id_293,meridians-tropism_id_10,has_meridians-tropism,meridians-tropism
herb_id_293,meridians-tropism_id_9,has_meridians-tropism,meridians-tropism
herb_id_293,meridians-tropism_id_2,has_meridians-tropism,meridians-tropism
herb_id_293,meridians-tropism_id_1,has_meridians-tropism,meridians-tropism
herb_id_293,meridians-tropism_id_7,has_meridians-tropism,meridians-tropism
herb_id_294,meridians-tropism_id_11,has_meridians-tropism,meridians-tropism
herb_id_294,meridians-tropism_id_9,has_meridians-tropism,meridians-tropism
herb_id_294,meridians-tropism_id_7,has_meridians-tropism,meridians-tropism
herb_id_294,meridians-tropism_id_12,has_meridians-tropism,meridians-tropism
herb_id_295,meridians-tropism_id_6,has_meridians-tropism,meridians-tropism
herb_id_295,meridians-tropism_id_8,has_meridians-tropism,meridians-tropism
herb_id_296,meridians-tropism_id_6,has_meridians-tropism,meridians-tropism
herb_id_296,meridians-tropism_id_8,has_meridians-tropism,meridians-tropism
herb_id_297,meridians-tropism_id_6,has_meridians-tropism,meridians-tropism
herb_id_297,meridians-tropism_id_8,has_meridians-tropism,meridians-tropism
herb_id_298,meridians-tropism_id_9,has_meridians-tropism,meridians-tropism
herb_id_298,meridians-tropism_id_2,has_meridians-tropism,meridians-tropism
herb_id_298,meridians-tropism_id_6,has_meridians-tropism,meridians-tropism
herb_id_299,meridians-tropism_id_7,has_meridians-tropism,meridians-tropism
herb_id_299,meridians-tropism_id_2,has_meridians-tropism,meridians-tropism
herb_id_300,meridians-tropism_id_7,has_meridians-tropism,meridians-tropism
herb_id_300,meridians-tropism_id_8,has_meridians-tropism,meridians-tropism
herb_id_301,meridians-tropism_id_6,has_meridians-tropism,meridians-tropism
herb_id_301,meridians-tropism_id_8,has_meridians-tropism,meridians-tropism
herb_id_302,meridians-tropism_id_7,has_meridians-tropism,meridians-tropism
herb_id_302,meridians-tropism_id_9,has_meridians-tropism,meridians-tropism
herb_id_303,meridians-tropism_id_4,has_meridians-tropism,meridians-tropism
herb_id_303,meridians-tropism_id_6,has_meridians-tropism,meridians-tropism
herb_id_304,meridians-tropism_id_6,has_meridians-tropism,meridians-tropism
herb_id_304,meridians-tropism_id_10,has_meridians-tropism,meridians-tropism
herb_id_304,meridians-tropism_id_8,has_meridians-tropism,meridians-tropism
herb_id_305,meridians-tropism_id_7,has_meridians-tropism,meridians-tropism
herb_id_305,meridians-tropism_id_8,has_meridians-tropism,meridians-tropism
herb_id_305,meridians-tropism_id_2,has_meridians-tropism,meridians-tropism
herb_id_306,meridians-tropism_id_4,has_meridians-tropism,meridians-tropism
herb_id_306,meridians-tropism_id_6,has_meridians-tropism,meridians-tropism
herb_id_307,meridians-tropism_id_6,has_meridians-tropism,meridians-tropism
herb_id_307,meridians-tropism_id_8,has_meridians-tropism,meridians-tropism
herb_id_307,meridians-tropism_id_4,has_meridians-tropism,meridians-tropism
herb_id_307,meridians-tropism_id_12,has_meridians-tropism,meridians-tropism
herb_id_308,meridians-tropism_id_8,has_meridians-tropism,meridians-tropism
herb_id_308,meridians-tropism_id_12,has_meridians-tropism,meridians-tropism
herb_id_309,meridians-tropism_id_4,has_meridians-tropism,meridians-tropism
herb_id_309,meridians-tropism_id_6,has_meridians-tropism,meridians-tropism
herb_id_310,meridians-tropism_id_7,has_meridians-tropism,meridians-tropism
herb_id_310,meridians-tropism_id_9,has_meridians-tropism,meridians-tropism
herb_id_310,meridians-tropism_id_2,has_meridians-tropism,meridians-tropism
herb_id_311,meridians-tropism_id_8,has_meridians-tropism,meridians-tropism
herb_id_311,meridians-tropism_id_12,has_meridians-tropism,meridians-tropism
herb_id_312,meridians-tropism_id_7,has_meridians-tropism,meridians-tropism
herb_id_312,meridians-tropism_id_9,has_meridians-tropism,meridians-tropism
herb_id_312,meridians-tropism_id_8,has_meridians-tropism,meridians-tropism
herb_id_313,meridians-tropism_id_9,has_meridians-tropism,meridians-tropism
herb_id_313,meridians-tropism_id_2,has_meridians-tropism,meridians-tropism
herb_id_314,meridians-tropism_id_7,has_meridians-tropism,meridians-tropism
herb_id_314,meridians-tropism_id_9,has_meridians-tropism,meridians-tropism
herb_id_315,meridians-tropism_id_8,has_meridians-tropism,meridians-tropism
herb_id_315,meridians-tropism_id_9,has_meridians-tropism,meridians-tropism
herb_id_315,meridians-tropism_id_10,has_meridians-tropism,meridians-tropism
herb_id_315,meridians-tropism_id_6,has_meridians-tropism,meridians-tropism
herb_id_316,meridians-tropism_id_6,has_meridians-tropism,meridians-tropism
herb_id_316,meridians-tropism_id_9,has_meridians-tropism,meridians-tropism
herb_id_317,meridians-tropism_id_6,has_meridians-tropism,meridians-tropism
herb_id_317,meridians-tropism_id_11,has_meridians-tropism,meridians-tropism
herb_id_318,meridians-tropism_id_6,has_meridians-tropism,meridians-tropism
herb_id_318,meridians-tropism_id_4,has_meridians-tropism,meridians-tropism
herb_id_319,meridians-tropism_id_4,has_meridians-tropism,meridians-tropism
herb_id_319,meridians-tropism_id_6,has_meridians-tropism,meridians-tropism
herb_id_320,meridians-tropism_id_6,has_meridians-tropism,meridians-tropism
herb_id_320,meridians-tropism_id_4,has_meridians-tropism,meridians-tropism
herb_id_321,meridians-tropism_id_4,has_meridians-tropism,meridians-tropism
herb_id_321,meridians-tropism_id_6,has_meridians-tropism,meridians-tropism
herb_id_321,meridians-tropism_id_3,has_meridians-tropism,meridians-tropism
herb_id_321,meridians-tropism_id_7,has_meridians-tropism,meridians-tropism
herb_id_321,meridians-tropism_id_11,has_meridians-tropism,meridians-tropism
herb_id_321,meridians-tropism_id_12,has_meridians-tropism,meridians-tropism
herb_id_322,meridians-tropism_id_4,has_meridians-tropism,meridians-tropism
herb_id_322,meridians-tropism_id_6,has_meridians-tropism,meridians-tropism
herb_id_322,meridians-tropism_id_3,has_meridians-tropism,meridians-tropism
herb_id_322,meridians-tropism_id_12,has_meridians-tropism,meridians-tropism
herb_id_322,meridians-tropism_id_7,has_meridians-tropism,meridians-tropism
herb_id_322,meridians-tropism_id_11,has_meridians-tropism,meridians-tropism
herb_id_323,meridians-tropism_id_11,has_meridians-tropism,meridians-tropism
herb_id_323,meridians-tropism_id_9,has_meridians-tropism,meridians-tropism
herb_id_324,meridians-tropism_id_7,has_meridians-tropism,meridians-tropism
herb_id_324,meridians-tropism_id_9,has_meridians-tropism,meridians-tropism
herb_id_324,meridians-tropism_id_2,has_meridians-tropism,meridians-tropism
herb_id_325,meridians-tropism_id_7,has_meridians-tropism,meridians-tropism
herb_id_325,meridians-tropism_id_9,has_meridians-tropism,meridians-tropism
herb_id_326,meridians-tropism_id_7,has_meridians-tropism,meridians-tropism
herb_id_326,meridians-tropism_id_9,has_meridians-tropism,meridians-tropism
herb_id_326,meridians-tropism_id_6,has_meridians-tropism,meridians-tropism
herb_id_327,meridians-tropism_id_4,has_meridians-tropism,meridians-tropism
herb_id_327,meridians-tropism_id_7,has_meridians-tropism,meridians-tropism
herb_id_327,meridians-tropism_id_11,has_meridians-tropism,meridians-tropism
herb_id_327,meridians-tropism_id_9,has_meridians-tropism,meridians-tropism
herb_id_328,meridians-tropism_id_4,has_meridians-tropism,meridians-tropism
herb_id_328,meridians-tropism_id_6,has_meridians-tropism,meridians-tropism
herb_id_329,meridians-tropism_id_7,has_meridians-tropism,meridians-tropism
herb_id_329,meridians-tropism_id_8,has_meridians-tropism,meridians-tropism
herb_id_329,meridians-tropism_id_2,has_meridians-tropism,meridians-tropism
herb_id_330,meridians-tropism_id_7,has_meridians-tropism,meridians-tropism
herb_id_330,meridians-tropism_id_2,has_meridians-tropism,meridians-tropism
herb_id_331,meridians-tropism_id_11,has_meridians-tropism,meridians-tropism
herb_id_331,meridians-tropism_id_9,has_meridians-tropism,meridians-tropism
herb_id_331,meridians-tropism_id_7,has_meridians-tropism,meridians-tropism
herb_id_332,meridians-tropism_id_4,has_meridians-tropism,meridians-tropism
herb_id_332,meridians-tropism_id_6,has_meridians-tropism,meridians-tropism
herb_id_332,meridians-tropism_id_8,has_meridians-tropism,meridians-tropism
herb_id_333,meridians-tropism_id_4,has_meridians-tropism,meridians-tropism
herb_id_333,meridians-tropism_id_6,has_meridians-tropism,meridians-tropism
herb_id_333,meridians-tropism_id_8,has_meridians-tropism,meridians-tropism
herb_id_334,meridians-tropism_id_4,has_meridians-tropism,meridians-tropism
herb_id_334,meridians-tropism_id_6,has_meridians-tropism,meridians-tropism
herb_id_334,meridians-tropism_id_8,has_meridians-tropism,meridians-tropism
herb_id_335,meridians-tropism_id_11,has_meridians-tropism,meridians-tropism
herb_id_335,meridians-tropism_id_9,has_meridians-tropism,meridians-tropism
herb_id_335,meridians-tropism_id_2,has_meridians-tropism,meridians-tropism
herb_id_335,meridians-tropism_id_6,has_meridians-tropism,meridians-tropism
herb_id_335,meridians-tropism_id_5,has_meridians-tropism,meridians-tropism
herb_id_336,meridians-tropism_id_7,has_meridians-tropism,meridians-tropism
herb_id_336,meridians-tropism_id_11,has_meridians-tropism,meridians-tropism
herb_id_336,meridians-tropism_id_9,has_meridians-tropism,meridians-tropism
herb_id_337,meridians-tropism_id_11,has_meridians-tropism,meridians-tropism
herb_id_337,meridians-tropism_id_7,has_meridians-tropism,meridians-tropism
herb_id_338,meridians-tropism_id_11,has_meridians-tropism,meridians-tropism
herb_id_338,meridians-tropism_id_7,has_meridians-tropism,meridians-tropism
herb_id_339,meridians-tropism_id_6,has_meridians-tropism,meridians-tropism
herb_id_339,meridians-tropism_id_10,has_meridians-tropism,meridians-tropism
herb_id_339,meridians-tropism_id_8,has_meridians-tropism,meridians-tropism
herb_id_340,meridians-tropism_id_4,has_meridians-tropism,meridians-tropism
herb_id_340,meridians-tropism_id_7,has_meridians-tropism,meridians-tropism
herb_id_340,meridians-tropism_id_11,has_meridians-tropism,meridians-tropism
herb_id_340,meridians-tropism_id_9,has_meridians-tropism,meridians-tropism
herb_id_341,meridians-tropism_id_11,has_meridians-tropism,meridians-tropism
herb_id_341,meridians-tropism_id_9,has_meridians-tropism,meridians-tropism
herb_id_342,meridians-tropism_id_6,has_meridians-tropism,meridians-tropism
herb_id_342,meridians-tropism_id_11,has_meridians-tropism,meridians-tropism
herb_id_343,meridians-tropism_id_11,has_meridians-tropism,meridians-tropism
herb_id_343,meridians-tropism_id_9,has_meridians-tropism,meridians-tropism
herb_id_344,meridians-tropism_id_6,has_meridians-tropism,meridians-tropism
herb_id_344,meridians-tropism_id_4,has_meridians-tropism,meridians-tropism
herb_id_344,meridians-tropism_id_8,has_meridians-tropism,meridians-tropism
herb_id_345,meridians-tropism_id_11,has_meridians-tropism,meridians-tropism
herb_id_345,meridians-tropism_id_9,has_meridians-tropism,meridians-tropism
herb_id_345,meridians-tropism_id_3,has_meridians-tropism,meridians-tropism
herb_id_345,meridians-tropism_id_12,has_meridians-tropism,meridians-tropism
herb_id_346,meridians-tropism_id_7,has_meridians-tropism,meridians-tropism
herb_id_346,meridians-tropism_id_12,has_meridians-tropism,meridians-tropism
herb_id_347,meridians-tropism_id_4,has_meridians-tropism,meridians-tropism
herb_id_347,meridians-tropism_id_6,has_meridians-tropism,meridians-tropism
herb_id_347,meridians-tropism_id_8,has_meridians-tropism,meridians-tropism
herb_id_348,meridians-tropism_id_7,has_meridians-tropism,meridians-tropism
herb_id_348,meridians-tropism_id_6,has_meridians-tropism,meridians-tropism
herb_id_348,meridians-tropism_id_9,has_meridians-tropism,meridians-tropism
herb_id_349,meridians-tropism_id_2,has_meridians-tropism,meridians-tropism
herb_id_350,meridians-tropism_id_7,has_meridians-tropism,meridians-tropism
herb_id_350,meridians-tropism_id_6,has_meridians-tropism,meridians-tropism
herb_id_351,meridians-tropism_id_7,has_meridians-tropism,meridians-tropism
herb_id_351,meridians-tropism_id_8,has_meridians-tropism,meridians-tropism
herb_id_351,meridians-tropism_id_2,has_meridians-tropism,meridians-tropism
herb_id_351,meridians-tropism_id_3,has_meridians-tropism,meridians-tropism
herb_id_352,meridians-tropism_id_7,has_meridians-tropism,meridians-tropism
herb_id_353,meridians-tropism_id_7,has_meridians-tropism,meridians-tropism
herb_id_353,meridians-tropism_id_6,has_meridians-tropism,meridians-tropism
herb_id_353,meridians-tropism_id_9,has_meridians-tropism,meridians-tropism
herb_id_354,meridians-tropism_id_9,has_meridians-tropism,meridians-tropism
herb_id_354,meridians-tropism_id_2,has_meridians-tropism,meridians-tropism
herb_id_355,meridians-tropism_id_11,has_meridians-tropism,meridians-tropism
herb_id_355,meridians-tropism_id_9,has_meridians-tropism,meridians-tropism
herb_id_356,meridians-tropism_id_7,has_meridians-tropism,meridians-tropism
herb_id_356,meridians-tropism_id_9,has_meridians-tropism,meridians-tropism
herb_id_356,meridians-tropism_id_8,has_meridians-tropism,meridians-tropism
herb_id_357,meridians-tropism_id_11,has_meridians-tropism,meridians-tropism
herb_id_357,meridians-tropism_id_9,has_meridians-tropism,meridians-tropism
herb_id_358,meridians-tropism_id_7,has_meridians-tropism,meridians-tropism
herb_id_358,meridians-tropism_id_8,has_meridians-tropism,meridians-tropism
herb_id_359,meridians-tropism_id_7,has_meridians-tropism,meridians-tropism
herb_id_359,meridians-tropism_id_2,has_meridians-tropism,meridians-tropism
herb_id_360,meridians-tropism_id_7,has_meridians-tropism,meridians-tropism
herb_id_360,meridians-tropism_id_8,has_meridians-tropism,meridians-tropism
herb_id_360,meridians-tropism_id_4,has_meridians-tropism,meridians-tropism
herb_id_361,meridians-tropism_id_7,has_meridians-tropism,meridians-tropism
herb_id_361,meridians-tropism_id_11,has_meridians-tropism,meridians-tropism
herb_id_361,meridians-tropism_id_6,has_meridians-tropism,meridians-tropism
herb_id_361,meridians-tropism_id_2,has_meridians-tropism,meridians-tropism
herb_id_362,meridians-tropism_id_9,has_meridians-tropism,meridians-tropism
herb_id_362,meridians-tropism_id_2,has_meridians-tropism,meridians-tropism
herb_id_363,meridians-tropism_id_6,has_meridians-tropism,meridians-tropism
herb_id_363,meridians-tropism_id_11,has_meridians-tropism,meridians-tropism
herb_id_364,meridians-tropism_id_7,has_meridians-tropism,meridians-tropism
herb_id_365,meridians-tropism_id_6,has_meridians-tropism,meridians-tropism
herb_id_366,meridians-tropism_id_4,has_meridians-tropism,meridians-tropism
herb_id_366,meridians-tropism_id_6,has_meridians-tropism,meridians-tropism
herb_id_366,meridians-tropism_id_11,has_meridians-tropism,meridians-tropism
herb_id_367,meridians-tropism_id_9,has_meridians-tropism,meridians-tropism
herb_id_367,meridians-tropism_id_2,has_meridians-tropism,meridians-tropism
herb_id_367,meridians-tropism_id_7,has_meridians-tropism,meridians-tropism
herb_id_368,meridians-tropism_id_7,has_meridians-tropism,meridians-tropism
herb_id_368,meridians-tropism_id_9,has_meridians-tropism,meridians-tropism
herb_id_368,meridians-tropism_id_12,has_meridians-tropism,meridians-tropism
herb_id_370,meridians-tropism_id_4,has_meridians-tropism,meridians-tropism
herb_id_370,meridians-tropism_id_9,has_meridians-tropism,meridians-tropism
herb_id_371,meridians-tropism_id_9,has_meridians-tropism,meridians-tropism
herb_id_371,meridians-tropism_id_6,has_meridians-tropism,meridians-tropism
herb_id_371,meridians-tropism_id_8,has_meridians-tropism,meridians-tropism
herb_id_372,meridians-tropism_id_7,has_meridians-tropism,meridians-tropism
herb_id_372,meridians-tropism_id_11,has_meridians-tropism,meridians-tropism
herb_id_372,meridians-tropism_id_9,has_meridians-tropism,meridians-tropism
herb_id_373,meridians-tropism_id_9,has_meridians-tropism,meridians-tropism
herb_id_373,meridians-tropism_id_6,has_meridians-tropism,meridians-tropism
herb_id_374,meridians-tropism_id_11,has_meridians-tropism,meridians-tropism
herb_id_374,meridians-tropism_id_9,has_meridians-tropism,meridians-tropism
herb_id_374,meridians-tropism_id_12,has_meridians-tropism,meridians-tropism
herb_id_375,meridians-tropism_id_4,has_meridians-tropism,meridians-tropism
herb_id_375,meridians-tropism_id_7,has_meridians-tropism,meridians-tropism
herb_id_376,meridians-tropism_id_6,has_meridians-tropism,meridians-tropism
herb_id_376,meridians-tropism_id_7,has_meridians-tropism,meridians-tropism
herb_id_376,meridians-tropism_id_9,has_meridians-tropism,meridians-tropism
herb_id_377,meridians-tropism_id_7,has_meridians-tropism,meridians-tropism
herb_id_378,meridians-tropism_id_7,has_meridians-tropism,meridians-tropism
herb_id_378,meridians-tropism_id_6,has_meridians-tropism,meridians-tropism
herb_id_379,meridians-tropism_id_7,has_meridians-tropism,meridians-tropism
herb_id_379,meridians-tropism_id_6,has_meridians-tropism,meridians-tropism
herb_id_379,meridians-tropism_id_9,has_meridians-tropism,meridians-tropism
herb_id_379,meridians-tropism_id_2,has_meridians-tropism,meridians-tropism
herb_id_380,meridians-tropism_id_7,has_meridians-tropism,meridians-tropism
herb_id_380,meridians-tropism_id_6,has_meridians-tropism,meridians-tropism
herb_id_380,meridians-tropism_id_9,has_meridians-tropism,meridians-tropism
herb_id_380,meridians-tropism_id_2,has_meridians-tropism,meridians-tropism
herb_id_381,meridians-tropism_id_6,has_meridians-tropism,meridians-tropism
herb_id_381,meridians-tropism_id_9,has_meridians-tropism,meridians-tropism
herb_id_382,meridians-tropism_id_7,has_meridians-tropism,meridians-tropism
herb_id_382,meridians-tropism_id_2,has_meridians-tropism,meridians-tropism
herb_id_383,meridians-tropism_id_11,has_meridians-tropism,meridians-tropism
herb_id_383,meridians-tropism_id_8,has_meridians-tropism,meridians-tropism
herb_id_384,meridians-tropism_id_6,has_meridians-tropism,meridians-tropism
herb_id_384,meridians-tropism_id_5,has_meridians-tropism,meridians-tropism
herb_id_384,meridians-tropism_id_12,has_meridians-tropism,meridians-tropism
herb_id_385,meridians-tropism_id_4,has_meridians-tropism,meridians-tropism
herb_id_385,meridians-tropism_id_3,has_meridians-tropism,meridians-tropism
herb_id_386,meridians-tropism_id_7,has_meridians-tropism,meridians-tropism
herb_id_386,meridians-tropism_id_9,has_meridians-tropism,meridians-tropism
herb_id_386,meridians-tropism_id_8,has_meridians-tropism,meridians-tropism
herb_id_387,meridians-tropism_id_7,has_meridians-tropism,meridians-tropism
herb_id_387,meridians-tropism_id_6,has_meridians-tropism,meridians-tropism
herb_id_388,meridians-tropism_id_6,has_meridians-tropism,meridians-tropism
herb_id_389,meridians-tropism_id_9,has_meridians-tropism,meridians-tropism
herb_id_389,meridians-tropism_id_8,has_meridians-tropism,meridians-tropism
herb_id_390,meridians-tropism_id_7,has_meridians-tropism,meridians-tropism
herb_id_390,meridians-tropism_id_9,has_meridians-tropism,meridians-tropism
herb_id_391,meridians-tropism_id_2,has_meridians-tropism,meridians-tropism
herb_id_392,meridians-tropism_id_8,has_meridians-tropism,meridians-tropism
herb_id_392,meridians-tropism_id_12,has_meridians-tropism,meridians-tropism
herb_id_393,meridians-tropism_id_7,has_meridians-tropism,meridians-tropism
herb_id_393,meridians-tropism_id_9,has_meridians-tropism,meridians-tropism
herb_id_394,meridians-tropism_id_11,has_meridians-tropism,meridians-tropism
herb_id_394,meridians-tropism_id_9,has_meridians-tropism,meridians-tropism
herb_id_394,meridians-tropism_id_4,has_meridians-tropism,meridians-tropism
herb_id_394,meridians-tropism_id_7,has_meridians-tropism,meridians-tropism
herb_id_395,meridians-tropism_id_4,has_meridians-tropism,meridians-tropism
herb_id_395,meridians-tropism_id_9,has_meridians-tropism,meridians-tropism
herb_id_396,meridians-tropism_id_11,has_meridians-tropism,meridians-tropism
herb_id_396,meridians-tropism_id_7,has_meridians-tropism,meridians-tropism
herb_id_397,meridians-tropism_id_6,has_meridians-tropism,meridians-tropism
herb_id_397,meridians-tropism_id_11,has_meridians-tropism,meridians-tropism
herb_id_398,meridians-tropism_id_7,has_meridians-tropism,meridians-tropism
herb_id_398,meridians-tropism_id_12,has_meridians-tropism,meridians-tropism
herb_id_399,meridians-tropism_id_11,has_meridians-tropism,meridians-tropism
herb_id_399,meridians-tropism_id_9,has_meridians-tropism,meridians-tropism
herb_id_399,meridians-tropism_id_8,has_meridians-tropism,meridians-tropism
herb_id_400,meridians-tropism_id_8,has_meridians-tropism,meridians-tropism
herb_id_400,meridians-tropism_id_2,has_meridians-tropism,meridians-tropism
herb_id_401,meridians-tropism_id_7,has_meridians-tropism,meridians-tropism
herb_id_401,meridians-tropism_id_9,has_meridians-tropism,meridians-tropism
herb_id_402,meridians-tropism_id_6,has_meridians-tropism,meridians-tropism
herb_id_402,meridians-tropism_id_4,has_meridians-tropism,meridians-tropism
herb_id_402,meridians-tropism_id_8,has_meridians-tropism,meridians-tropism
herb_id_403,meridians-tropism_id_11,has_meridians-tropism,meridians-tropism
herb_id_403,meridians-tropism_id_9,has_meridians-tropism,meridians-tropism
herb_id_404,meridians-tropism_id_9,has_meridians-tropism,meridians-tropism
herb_id_404,meridians-tropism_id_2,has_meridians-tropism,meridians-tropism
herb_id_405,meridians-tropism_id_6,has_meridians-tropism,meridians-tropism
herb_id_405,meridians-tropism_id_10,has_meridians-tropism,meridians-tropism
herb_id_405,meridians-tropism_id_2,has_meridians-tropism,meridians-tropism
herb_id_406,meridians-tropism_id_9,has_meridians-tropism,meridians-tropism
herb_id_406,meridians-tropism_id_6,has_meridians-tropism,meridians-tropism
herb_id_406,meridians-tropism_id_10,has_meridians-tropism,meridians-tropism
herb_id_407,meridians-tropism_id_11,has_meridians-tropism,meridians-tropism
herb_id_407,meridians-tropism_id_9,has_meridians-tropism,meridians-tropism
herb_id_408,meridians-tropism_id_6,has_meridians-tropism,meridians-tropism
herb_id_408,meridians-tropism_id_9,has_meridians-tropism,meridians-tropism
herb_id_409,meridians-tropism_id_4,has_meridians-tropism,meridians-tropism
herb_id_409,meridians-tropism_id_7,has_meridians-tropism,meridians-tropism
herb_id_409,meridians-tropism_id_2,has_meridians-tropism,meridians-tropism
herb_id_409,meridians-tropism_id_12,has_meridians-tropism,meridians-tropism
herb_id_410,meridians-tropism_id_4,has_meridians-tropism,meridians-tropism
herb_id_410,meridians-tropism_id_7,has_meridians-tropism,meridians-tropism
herb_id_410,meridians-tropism_id_12,has_meridians-tropism,meridians-tropism
herb_id_410,meridians-tropism_id_8,has_meridians-tropism,meridians-tropism
herb_id_411,meridians-tropism_id_4,has_meridians-tropism,meridians-tropism
herb_id_411,meridians-tropism_id_7,has_meridians-tropism,meridians-tropism
herb_id_411,meridians-tropism_id_10,has_meridians-tropism,meridians-tropism
herb_id_411,meridians-tropism_id_9,has_meridians-tropism,meridians-tropism
herb_id_412,meridians-tropism_id_4,has_meridians-tropism,meridians-tropism
herb_id_412,meridians-tropism_id_6,has_meridians-tropism,meridians-tropism
herb_id_413,meridians-tropism_id_4,has_meridians-tropism,meridians-tropism
herb_id_413,meridians-tropism_id_9,has_meridians-tropism,meridians-tropism
herb_id_414,meridians-tropism_id_7,has_meridians-tropism,meridians-tropism
herb_id_414,meridians-tropism_id_9,has_meridians-tropism,meridians-tropism
herb_id_414,meridians-tropism_id_4,has_meridians-tropism,meridians-tropism
herb_id_414,meridians-tropism_id_10,has_meridians-tropism,meridians-tropism
herb_id_415,meridians-tropism_id_7,has_meridians-tropism,meridians-tropism
herb_id_415,meridians-tropism_id_8,has_meridians-tropism,meridians-tropism
herb_id_415,meridians-tropism_id_2,has_meridians-tropism,meridians-tropism
herb_id_416,meridians-tropism_id_8,has_meridians-tropism,meridians-tropism
herb_id_416,meridians-tropism_id_9,has_meridians-tropism,meridians-tropism
herb_id_417,meridians-tropism_id_11,has_meridians-tropism,meridians-tropism
herb_id_417,meridians-tropism_id_9,has_meridians-tropism,meridians-tropism
herb_id_417,meridians-tropism_id_7,has_meridians-tropism,meridians-tropism
herb_id_417,meridians-tropism_id_12,has_meridians-tropism,meridians-tropism
herb_id_418,meridians-tropism_id_12,has_meridians-tropism,meridians-tropism
herb_id_418,meridians-tropism_id_7,has_meridians-tropism,meridians-tropism
herb_id_419,meridians-tropism_id_11,has_meridians-tropism,meridians-tropism
herb_id_419,meridians-tropism_id_9,has_meridians-tropism,meridians-tropism
herb_id_421,meridians-tropism_id_6,has_meridians-tropism,meridians-tropism
herb_id_421,meridians-tropism_id_7,has_meridians-tropism,meridians-tropism
herb_id_421,meridians-tropism_id_8,has_meridians-tropism,meridians-tropism
herb_id_422,meridians-tropism_id_6,has_meridians-tropism,meridians-tropism
herb_id_423,meridians-tropism_id_6,has_meridians-tropism,meridians-tropism
herb_id_423,meridians-tropism_id_11,has_meridians-tropism,meridians-tropism
herb_id_424,meridians-tropism_id_7,has_meridians-tropism,meridians-tropism
herb_id_424,meridians-tropism_id_6,has_meridians-tropism,meridians-tropism
herb_id_424,meridians-tropism_id_8,has_meridians-tropism,meridians-tropism
herb_id_425,meridians-tropism_id_6,has_meridians-tropism,meridians-tropism
herb_id_425,meridians-tropism_id_11,has_meridians-tropism,meridians-tropism
herb_id_426,meridians-tropism_id_8,has_meridians-tropism,meridians-tropism
herb_id_426,meridians-tropism_id_4,has_meridians-tropism,meridians-tropism
herb_id_426,meridians-tropism_id_7,has_meridians-tropism,meridians-tropism
herb_id_427,meridians-tropism_id_7,has_meridians-tropism,meridians-tropism
herb_id_427,meridians-tropism_id_4,has_meridians-tropism,meridians-tropism
herb_id_427,meridians-tropism_id_11,has_meridians-tropism,meridians-tropism
herb_id_427,meridians-tropism_id_8,has_meridians-tropism,meridians-tropism
herb_id_428,meridians-tropism_id_4,has_meridians-tropism,meridians-tropism
herb_id_428,meridians-tropism_id_6,has_meridians-tropism,meridians-tropism
herb_id_429,meridians-tropism_id_7,has_meridians-tropism,meridians-tropism
herb_id_429,meridians-tropism_id_11,has_meridians-tropism,meridians-tropism
herb_id_430,meridians-tropism_id_7,has_meridians-tropism,meridians-tropism
herb_id_430,meridians-tropism_id_11,has_meridians-tropism,meridians-tropism
herb_id_431,meridians-tropism_id_7,has_meridians-tropism,meridians-tropism
herb_id_432,meridians-tropism_id_7,has_meridians-tropism,meridians-tropism
herb_id_433,meridians-tropism_id_4,has_meridians-tropism,meridians-tropism
herb_id_433,meridians-tropism_id_6,has_meridians-tropism,meridians-tropism
herb_id_434,meridians-tropism_id_7,has_meridians-tropism,meridians-tropism
herb_id_435,meridians-tropism_id_6,has_meridians-tropism,meridians-tropism
herb_id_436,meridians-tropism_id_6,has_meridians-tropism,meridians-tropism
herb_id_436,meridians-tropism_id_4,has_meridians-tropism,meridians-tropism
herb_id_437,meridians-tropism_id_11,has_meridians-tropism,meridians-tropism
herb_id_437,meridians-tropism_id_7,has_meridians-tropism,meridians-tropism
herb_id_437,meridians-tropism_id_4,has_meridians-tropism,meridians-tropism
herb_id_437,meridians-tropism_id_8,has_meridians-tropism,meridians-tropism
herb_id_438,meridians-tropism_id_11,has_meridians-tropism,meridians-tropism
herb_id_438,meridians-tropism_id_9,has_meridians-tropism,meridians-tropism
herb_id_439,meridians-tropism_id_4,has_meridians-tropism,meridians-tropism
herb_id_439,meridians-tropism_id_6,has_meridians-tropism,meridians-tropism
herb_id_440,meridians-tropism_id_11,has_meridians-tropism,meridians-tropism
herb_id_440,meridians-tropism_id_7,has_meridians-tropism,meridians-tropism
herb_id_441,meridians-tropism_id_4,has_meridians-tropism,meridians-tropism
herb_id_441,meridians-tropism_id_7,has_meridians-tropism,meridians-tropism
herb_id_441,meridians-tropism_id_8,has_meridians-tropism,meridians-tropism
herb_id_442,meridians-tropism_id_4,has_meridians-tropism,meridians-tropism
herb_id_442,meridians-tropism_id_6,has_meridians-tropism,meridians-tropism
herb_id_442,meridians-tropism_id_8,has_meridians-tropism,meridians-tropism
herb_id_443,meridians-tropism_id_6,has_meridians-tropism,meridians-tropism
herb_id_443,meridians-tropism_id_8,has_meridians-tropism,meridians-tropism
herb_id_444,meridians-tropism_id_4,has_meridians-tropism,meridians-tropism
herb_id_444,meridians-tropism_id_9,has_meridians-tropism,meridians-tropism
herb_id_445,meridians-tropism_id_7,has_meridians-tropism,meridians-tropism
herb_id_445,meridians-tropism_id_2,has_meridians-tropism,meridians-tropism
herb_id_445,meridians-tropism_id_8,has_meridians-tropism,meridians-tropism
herb_id_446,meridians-tropism_id_6,has_meridians-tropism,meridians-tropism
herb_id_447,meridians-tropism_id_6,has_meridians-tropism,meridians-tropism
herb_id_447,meridians-tropism_id_9,has_meridians-tropism,meridians-tropism
herb_id_447,meridians-tropism_id_8,has_meridians-tropism,meridians-tropism
herb_id_448,meridians-tropism_id_4,has_meridians-tropism,meridians-tropism
herb_id_448,meridians-tropism_id_6,has_meridians-tropism,meridians-tropism
herb_id_448,meridians-tropism_id_2,has_meridians-tropism,meridians-tropism
herb_id_449,meridians-tropism_id_12,has_meridians-tropism,meridians-tropism
herb_id_449,meridians-tropism_id_8,has_meridians-tropism,meridians-tropism
herb_id_450,meridians-tropism_id_6,has_meridians-tropism,meridians-tropism
herb_id_450,meridians-tropism_id_4,has_meridians-tropism,meridians-tropism
herb_id_451,meridians-tropism_id_6,has_meridians-tropism,meridians-tropism
herb_id_451,meridians-tropism_id_4,has_meridians-tropism,meridians-tropism
herb_id_452,meridians-tropism_id_6,has_meridians-tropism,meridians-tropism
herb_id_452,meridians-tropism_id_8,has_meridians-tropism,meridians-tropism
herb_id_452,meridians-tropism_id_11,has_meridians-tropism,meridians-tropism
herb_id_453,meridians-tropism_id_8,has_meridians-tropism,meridians-tropism
herb_id_453,meridians-tropism_id_11,has_meridians-tropism,meridians-tropism
herb_id_453,meridians-tropism_id_4,has_meridians-tropism,meridians-tropism
herb_id_453,meridians-tropism_id_6,has_meridians-tropism,meridians-tropism
herb_id_454,meridians-tropism_id_8,has_meridians-tropism,meridians-tropism
herb_id_454,meridians-tropism_id_2,has_meridians-tropism,meridians-tropism
herb_id_455,meridians-tropism_id_11,has_meridians-tropism,meridians-tropism
herb_id_455,meridians-tropism_id_9,has_meridians-tropism,meridians-tropism
herb_id_455,meridians-tropism_id_2,has_meridians-tropism,meridians-tropism
herb_id_456,meridians-tropism_id_7,has_meridians-tropism,meridians-tropism
herb_id_456,meridians-tropism_id_6,has_meridians-tropism,meridians-tropism
herb_id_456,meridians-tropism_id_11,has_meridians-tropism,meridians-tropism
herb_id_457,meridians-tropism_id_6,has_meridians-tropism,meridians-tropism
herb_id_457,meridians-tropism_id_10,has_meridians-tropism,meridians-tropism
herb_id_458,meridians-tropism_id_7,has_meridians-tropism,meridians-tropism
herb_id_458,meridians-tropism_id_2,has_meridians-tropism,meridians-tropism
herb_id_459,meridians-tropism_id_8,has_meridians-tropism,meridians-tropism
herb_id_460,meridians-tropism_id_6,has_meridians-tropism,meridians-tropism
herb_id_460,meridians-tropism_id_9,has_meridians-tropism,meridians-tropism
herb_id_460,meridians-tropism_id_2,has_meridians-tropism,meridians-tropism
herb_id_461,meridians-tropism_id_11,has_meridians-tropism,meridians-tropism
herb_id_461,meridians-tropism_id_9,has_meridians-tropism,meridians-tropism
herb_id_461,meridians-tropism_id_7,has_meridians-tropism,meridians-tropism
herb_id_462,meridians-tropism_id_7,has_meridians-tropism,meridians-tropism
herb_id_462,meridians-tropism_id_9,has_meridians-tropism,meridians-tropism
herb_id_463,meridians-tropism_id_8,has_meridians-tropism,meridians-tropism
herb_id_463,meridians-tropism_id_6,has_meridians-tropism,meridians-tropism
herb_id_464,meridians-tropism_id_6,has_meridians-tropism,meridians-tropism
herb_id_464,meridians-tropism_id_10,has_meridians-tropism,meridians-tropism
herb_id_464,meridians-tropism_id_11,has_meridians-tropism,meridians-tropism
herb_id_465,meridians-tropism_id_6,has_meridians-tropism,meridians-tropism
herb_id_465,meridians-tropism_id_11,has_meridians-tropism,meridians-tropism
herb_id_465,meridians-tropism_id_8,has_meridians-tropism,meridians-tropism
herb_id_466,meridians-tropism_id_6,has_meridians-tropism,meridians-tropism
herb_id_466,meridians-tropism_id_11,has_meridians-tropism,meridians-tropism
herb_id_467,meridians-tropism_id_9,has_meridians-tropism,meridians-tropism
herb_id_467,meridians-tropism_id_2,has_meridians-tropism,meridians-tropism
herb_id_468,meridians-tropism_id_11,has_meridians-tropism,meridians-tropism
herb_id_468,meridians-tropism_id_9,has_meridians-tropism,meridians-tropism
herb_id_469,meridians-tropism_id_11,has_meridians-tropism,meridians-tropism
herb_id_469,meridians-tropism_id_8,has_meridians-tropism,meridians-tropism
herb_id_470,meridians-tropism_id_7,has_meridians-tropism,meridians-tropism
herb_id_470,meridians-tropism_id_9,has_meridians-tropism,meridians-tropism
herb_id_471,meridians-tropism_id_6,has_meridians-tropism,meridians-tropism
herb_id_471,meridians-tropism_id_9,has_meridians-tropism,meridians-tropism
herb_id_471,meridians-tropism_id_2,has_meridians-tropism,meridians-tropism
herb_id_472,meridians-tropism_id_7,has_meridians-tropism,meridians-tropism
herb_id_472,meridians-tropism_id_11,has_meridians-tropism,meridians-tropism
herb_id_472,meridians-tropism_id_8,has_meridians-tropism,meridians-tropism
herb_id_473,meridians-tropism_id_7,has_meridians-tropism,meridians-tropism
herb_id_473,meridians-tropism_id_11,has_meridians-tropism,meridians-tropism
herb_id_474,meridians-tropism_id_7,has_meridians-tropism,meridians-tropism
herb_id_474,meridians-tropism_id_9,has_meridians-tropism,meridians-tropism
herb_id_475,meridians-tropism_id_11,has_meridians-tropism,meridians-tropism
herb_id_475,meridians-tropism_id_9,has_meridians-tropism,meridians-tropism
herb_id_475,meridians-tropism_id_8,has_meridians-tropism,meridians-tropism
herb_id_476,meridians-tropism_id_11,has_meridians-tropism,meridians-tropism
herb_id_476,meridians-tropism_id_7,has_meridians-tropism,meridians-tropism
herb_id_477,meridians-tropism_id_11,has_meridians-tropism,meridians-tropism
herb_id_477,meridians-tropism_id_7,has_meridians-tropism,meridians-tropism
herb_id_478,meridians-tropism_id_6,has_meridians-tropism,meridians-tropism
herb_id_479,meridians-tropism_id_4,has_meridians-tropism,meridians-tropism
herb_id_479,meridians-tropism_id_7,has_meridians-tropism,meridians-tropism
herb_id_480,meridians-tropism_id_11,has_meridians-tropism,meridians-tropism
herb_id_480,meridians-tropism_id_9,has_meridians-tropism,meridians-tropism
herb_id_480,meridians-tropism_id_6,has_meridians-tropism,meridians-tropism
herb_id_481,meridians-tropism_id_7,has_meridians-tropism,meridians-tropism
herb_id_482,meridians-tropism_id_6,has_meridians-tropism,meridians-tropism
herb_id_482,meridians-tropism_id_4,has_meridians-tropism,meridians-tropism
herb_id_482,meridians-tropism_id_12,has_meridians-tropism,meridians-tropism
herb_id_483,meridians-tropism_id_7,has_meridians-tropism,meridians-tropism
herb_id_483,meridians-tropism_id_11,has_meridians-tropism,meridians-tropism
herb_id_484,meridians-tropism_id_7,has_meridians-tropism,meridians-tropism
herb_id_484,meridians-tropism_id_6,has_meridians-tropism,meridians-tropism
herb_id_484,meridians-tropism_id_11,has_meridians-tropism,meridians-tropism
herb_id_484,meridians-tropism_id_9,has_meridians-tropism,meridians-tropism
herb_id_485,meridians-tropism_id_7,has_meridians-tropism,meridians-tropism
herb_id_486,meridians-tropism_id_4,has_meridians-tropism,meridians-tropism
herb_id_486,meridians-tropism_id_6,has_meridians-tropism,meridians-tropism
herb_id_486,meridians-tropism_id_11,has_meridians-tropism,meridians-tropism
herb_id_487,meridians-tropism_id_7,has_meridians-tropism,meridians-tropism
herb_id_487,meridians-tropism_id_11,has_meridians-tropism,meridians-tropism
herb_id_488,meridians-tropism_id_11,has_meridians-tropism,meridians-tropism
herb_id_488,meridians-tropism_id_7,has_meridians-tropism,meridians-tropism
herb_id_488,meridians-tropism_id_8,has_meridians-tropism,meridians-tropism
herb_id_489,meridians-tropism_id_4,has_meridians-tropism,meridians-tropism
herb_id_489,meridians-tropism_id_6,has_meridians-tropism,meridians-tropism
herb_id_489,meridians-tropism_id_9,has_meridians-tropism,meridians-tropism
herb_id_489,meridians-tropism_id_2,has_meridians-tropism,meridians-tropism
herb_id_489,meridians-tropism_id_12,has_meridians-tropism,meridians-tropism
herb_id_490,meridians-tropism_id_4,has_meridians-tropism,meridians-tropism
herb_id_490,meridians-tropism_id_6,has_meridians-tropism,meridians-tropism
herb_id_490,meridians-tropism_id_2,has_meridians-tropism,meridians-tropism
herb_id_491,meridians-tropism_id_7,has_meridians-tropism,meridians-tropism
herb_id_491,meridians-tropism_id_2,has_meridians-tropism,meridians-tropism
herb_id_492,meridians-tropism_id_6,has_meridians-tropism,meridians-tropism
herb_id_492,meridians-tropism_id_11,has_meridians-tropism,meridians-tropism
herb_id_492,meridians-tropism_id_9,has_meridians-tropism,meridians-tropism
herb_id_493,meridians-tropism_id_6,has_meridians-tropism,meridians-tropism
herb_id_494,meridians-tropism_id_4,has_meridians-tropism,meridians-tropism
herb_id_494,meridians-tropism_id_11,has_meridians-tropism,meridians-tropism
herb_id_495,meridians-tropism_id_4,has_meridians-tropism,meridians-tropism
herb_id_495,meridians-tropism_id_7,has_meridians-tropism,meridians-tropism
herb_id_495,meridians-tropism_id_11,has_meridians-tropism,meridians-tropism
herb_id_495,meridians-tropism_id_8,has_meridians-tropism,meridians-tropism
herb_id_496,meridians-tropism_id_7,has_meridians-tropism,meridians-tropism
herb_id_496,meridians-tropism_id_11,has_meridians-tropism,meridians-tropism
herb_id_496,meridians-tropism_id_8,has_meridians-tropism,meridians-tropism
herb_id_497,meridians-tropism_id_11,has_meridians-tropism,meridians-tropism
herb_id_497,meridians-tropism_id_9,has_meridians-tropism,meridians-tropism
herb_id_497,meridians-tropism_id_6,has_meridians-tropism,meridians-tropism
herb_id_497,meridians-tropism_id_10,has_meridians-tropism,meridians-tropism
herb_id_498,meridians-tropism_id_11,has_meridians-tropism,meridians-tropism
herb_id_498,meridians-tropism_id_9,has_meridians-tropism,meridians-tropism
herb_id_498,meridians-tropism_id_6,has_meridians-tropism,meridians-tropism
herb_id_498,meridians-tropism_id_10,has_meridians-tropism,meridians-tropism
herb_id_499,meridians-tropism_id_5,has_meridians-tropism,meridians-tropism
herb_id_499,meridians-tropism_id_6,has_meridians-tropism,meridians-tropism
herb_id_500,meridians-tropism_id_7,has_meridians-tropism,meridians-tropism
herb_id_500,meridians-tropism_id_6,has_meridians-tropism,meridians-tropism
herb_id_501,meridians-tropism_id_7,has_meridians-tropism,meridians-tropism
herb_id_501,meridians-tropism_id_6,has_meridians-tropism,meridians-tropism
herb_id_502,meridians-tropism_id_4,has_meridians-tropism,meridians-tropism
herb_id_502,meridians-tropism_id_6,has_meridians-tropism,meridians-tropism
herb_id_502,meridians-tropism_id_8,has_meridians-tropism,meridians-tropism
herb_id_502,meridians-tropism_id_11,has_meridians-tropism,meridians-tropism
herb_id_503,meridians-tropism_id_11,has_meridians-tropism,meridians-tropism
herb_id_503,meridians-tropism_id_9,has_meridians-tropism,meridians-tropism
herb_id_504,meridians-tropism_id_11,has_meridians-tropism,meridians-tropism
herb_id_504,meridians-tropism_id_9,has_meridians-tropism,meridians-tropism
herb_id_505,meridians-tropism_id_6,has_meridians-tropism,meridians-tropism
herb_id_505,meridians-tropism_id_8,has_meridians-tropism,meridians-tropism
herb_id_506,meridians-tropism_id_7,has_meridians-tropism,meridians-tropism
herb_id_506,meridians-tropism_id_9,has_meridians-tropism,meridians-tropism
herb_id_507,meridians-tropism_id_6,has_meridians-tropism,meridians-tropism
herb_id_507,meridians-tropism_id_4,has_meridians-tropism,meridians-tropism
herb_id_507,meridians-tropism_id_7,has_meridians-tropism,meridians-tropism
herb_id_508,meridians-tropism_id_7,has_meridians-tropism,meridians-tropism
herb_id_508,meridians-tropism_id_6,has_meridians-tropism,meridians-tropism
herb_id_509,meridians-tropism_id_6,has_meridians-tropism,meridians-tropism
herb_id_509,meridians-tropism_id_11,has_meridians-tropism,meridians-tropism
herb_id_509,meridians-tropism_id_9,has_meridians-tropism,meridians-tropism
herb_id_510,meridians-tropism_id_11,has_meridians-tropism,meridians-tropism
herb_id_510,meridians-tropism_id_12,has_meridians-tropism,meridians-tropism
herb_id_511,meridians-tropism_id_11,has_meridians-tropism,meridians-tropism
herb_id_511,meridians-tropism_id_6,has_meridians-tropism,meridians-tropism
herb_id_511,meridians-tropism_id_2,has_meridians-tropism,meridians-tropism
herb_id_512,meridians-tropism_id_7,has_meridians-tropism,meridians-tropism
herb_id_512,meridians-tropism_id_9,has_meridians-tropism,meridians-tropism
herb_id_513,meridians-tropism_id_6,has_meridians-tropism,meridians-tropism
herb_id_513,meridians-tropism_id_11,has_meridians-tropism,meridians-tropism
herb_id_514,meridians-tropism_id_7,has_meridians-tropism,meridians-tropism
herb_id_514,meridians-tropism_id_11,has_meridians-tropism,meridians-tropism
herb_id_514,meridians-tropism_id_9,has_meridians-tropism,meridians-tropism
herb_id_515,meridians-tropism_id_11,has_meridians-tropism,meridians-tropism
herb_id_515,meridians-tropism_id_8,has_meridians-tropism,meridians-tropism
herb_id_515,meridians-tropism_id_4,has_meridians-tropism,meridians-tropism
herb_id_516,meridians-tropism_id_4,has_meridians-tropism,meridians-tropism
herb_id_516,meridians-tropism_id_8,has_meridians-tropism,meridians-tropism
herb_id_517,meridians-tropism_id_6,has_meridians-tropism,meridians-tropism
herb_id_518,meridians-tropism_id_4,has_meridians-tropism,meridians-tropism
herb_id_518,meridians-tropism_id_11,has_meridians-tropism,meridians-tropism
herb_id_518,meridians-tropism_id_8,has_meridians-tropism,meridians-tropism
herb_id_518,meridians-tropism_id_9,has_meridians-tropism,meridians-tropism
herb_id_518,meridians-tropism_id_6,has_meridians-tropism,meridians-tropism
herb_id_518,meridians-tropism_id_12,has_meridians-tropism,meridians-tropism
herb_id_519,meridians-tropism_id_4,has_meridians-tropism,meridians-tropism
herb_id_519,meridians-tropism_id_7,has_meridians-tropism,meridians-tropism
herb_id_519,meridians-tropism_id_8,has_meridians-tropism,meridians-tropism
herb_id_520,meridians-tropism_id_4,has_meridians-tropism,meridians-tropism
herb_id_520,meridians-tropism_id_8,has_meridians-tropism,meridians-tropism
herb_id_521,meridians-tropism_id_7,has_meridians-tropism,meridians-tropism
herb_id_521,meridians-tropism_id_6,has_meridians-tropism,meridians-tropism
herb_id_522,meridians-tropism_id_4,has_meridians-tropism,meridians-tropism
herb_id_522,meridians-tropism_id_6,has_meridians-tropism,meridians-tropism
herb_id_522,meridians-tropism_id_11,has_meridians-tropism,meridians-tropism
herb_id_523,meridians-tropism_id_6,has_meridians-tropism,meridians-tropism
herb_id_523,meridians-tropism_id_8,has_meridians-tropism,meridians-tropism
herb_id_523,meridians-tropism_id_11,has_meridians-tropism,meridians-tropism
herb_id_524,meridians-tropism_id_6,has_meridians-tropism,meridians-tropism
herb_id_524,meridians-tropism_id_9,has_meridians-tropism,meridians-tropism
herb_id_524,meridians-tropism_id_12,has_meridians-tropism,meridians-tropism
herb_id_525,meridians-tropism_id_12,has_meridians-tropism,meridians-tropism
herb_id_526,meridians-tropism_id_11,has_meridians-tropism,meridians-tropism
herb_id_526,meridians-tropism_id_9,has_meridians-tropism,meridians-tropism
herb_id_526,meridians-tropism_id_7,has_meridians-tropism,meridians-tropism
herb_id_527,meridians-tropism_id_9,has_meridians-tropism,meridians-tropism
herb_id_529,meridians-tropism_id_7,has_meridians-tropism,meridians-tropism
herb_id_529,meridians-tropism_id_9,has_meridians-tropism,meridians-tropism
herb_id_530,meridians-tropism_id_7,has_meridians-tropism,meridians-tropism
herb_id_530,meridians-tropism_id_12,has_meridians-tropism,meridians-tropism
herb_id_531,meridians-tropism_id_6,has_meridians-tropism,meridians-tropism
herb_id_531,meridians-tropism_id_9,has_meridians-tropism,meridians-tropism
herb_id_532,meridians-tropism_id_6,has_meridians-tropism,meridians-tropism
herb_id_532,meridians-tropism_id_5,has_meridians-tropism,meridians-tropism
herb_id_533,meridians-tropism_id_6,has_meridians-tropism,meridians-tropism
herb_id_533,meridians-tropism_id_5,has_meridians-tropism,meridians-tropism
herb_id_535,meridians-tropism_id_6,has_meridians-tropism,meridians-tropism
herb_id_536,meridians-tropism_id_12,has_meridians-tropism,meridians-tropism
herb_id_536,meridians-tropism_id_6,has_meridians-tropism,meridians-tropism
herb_id_536,meridians-tropism_id_9,has_meridians-tropism,meridians-tropism
herb_id_537,meridians-tropism_id_7,has_meridians-tropism,meridians-tropism
herb_id_537,meridians-tropism_id_6,has_meridians-tropism,meridians-tropism
herb_id_538,meridians-tropism_id_11,has_meridians-tropism,meridians-tropism
herb_id_538,meridians-tropism_id_9,has_meridians-tropism,meridians-tropism
herb_id_538,meridians-tropism_id_7,has_meridians-tropism,meridians-tropism
herb_id_539,meridians-tropism_id_4,has_meridians-tropism,meridians-tropism
herb_id_539,meridians-tropism_id_7,has_meridians-tropism,meridians-tropism
herb_id_539,meridians-tropism_id_9,has_meridians-tropism,meridians-tropism
herb_id_539,meridians-tropism_id_2,has_meridians-tropism,meridians-tropism
herb_id_540,meridians-tropism_id_12,has_meridians-tropism,meridians-tropism
herb_id_541,meridians-tropism_id_7,has_meridians-tropism,meridians-tropism
herb_id_541,meridians-tropism_id_9,has_meridians-tropism,meridians-tropism
herb_id_542,meridians-tropism_id_6,has_meridians-tropism,meridians-tropism
herb_id_542,meridians-tropism_id_7,has_meridians-tropism,meridians-tropism
herb_id_542,meridians-tropism_id_9,has_meridians-tropism,meridians-tropism
herb_id_543,meridians-tropism_id_6,has_meridians-tropism,meridians-tropism
herb_id_543,meridians-tropism_id_7,has_meridians-tropism,meridians-tropism
herb_id_543,meridians-tropism_id_9,has_meridians-tropism,meridians-tropism
herb_id_544,meridians-tropism_id_9,has_meridians-tropism,meridians-tropism
herb_id_544,meridians-tropism_id_7,has_meridians-tropism,meridians-tropism
herb_id_545,meridians-tropism_id_11,has_meridians-tropism,meridians-tropism
herb_id_545,meridians-tropism_id_9,has_meridians-tropism,meridians-tropism
herb_id_545,meridians-tropism_id_7,has_meridians-tropism,meridians-tropism
herb_id_546,meridians-tropism_id_6,has_meridians-tropism,meridians-tropism
herb_id_546,meridians-tropism_id_10,has_meridians-tropism,meridians-tropism
herb_id_547,meridians-tropism_id_6,has_meridians-tropism,meridians-tropism
herb_id_547,meridians-tropism_id_8,has_meridians-tropism,meridians-tropism
herb_id_548,meridians-tropism_id_6,has_meridians-tropism,meridians-tropism
herb_id_549,meridians-tropism_id_6,has_meridians-tropism,meridians-tropism
herb_id_549,meridians-tropism_id_11,has_meridians-tropism,meridians-tropism
herb_id_549,meridians-tropism_id_9,has_meridians-tropism,meridians-tropism
herb_id_550,meridians-tropism_id_8,has_meridians-tropism,meridians-tropism
herb_id_551,meridians-tropism_id_7,has_meridians-tropism,meridians-tropism
herb_id_551,meridians-tropism_id_6,has_meridians-tropism,meridians-tropism
herb_id_551,meridians-tropism_id_2,has_meridians-tropism,meridians-tropism
herb_id_552,meridians-tropism_id_6,has_meridians-tropism,meridians-tropism
herb_id_553,meridians-tropism_id_7,has_meridians-tropism,meridians-tropism
herb_id_553,meridians-tropism_id_8,has_meridians-tropism,meridians-tropism
herb_id_553,meridians-tropism_id_9,has_meridians-tropism,meridians-tropism
herb_id_554,meridians-tropism_id_7,has_meridians-tropism,meridians-tropism
herb_id_554,meridians-tropism_id_8,has_meridians-tropism,meridians-tropism
herb_id_555,meridians-tropism_id_6,has_meridians-tropism,meridians-tropism
herb_id_556,meridians-tropism_id_11,has_meridians-tropism,meridians-tropism
herb_id_556,meridians-tropism_id_7,has_meridians-tropism,meridians-tropism
herb_id_556,meridians-tropism_id_8,has_meridians-tropism,meridians-tropism
herb_id_557,meridians-tropism_id_6,has_meridians-tropism,meridians-tropism
herb_id_558,meridians-tropism_id_9,has_meridians-tropism,meridians-tropism
herb_id_559,meridians-tropism_id_7,has_meridians-tropism,meridians-tropism
herb_id_559,meridians-tropism_id_11,has_meridians-tropism,meridians-tropism
herb_id_559,meridians-tropism_id_2,has_meridians-tropism,meridians-tropism
herb_id_560,meridians-tropism_id_6,has_meridians-tropism,meridians-tropism
herb_id_561,meridians-tropism_id_7,has_meridians-tropism,meridians-tropism
herb_id_561,meridians-tropism_id_9,has_meridians-tropism,meridians-tropism
herb_id_562,meridians-tropism_id_7,has_meridians-tropism,meridians-tropism
herb_id_563,meridians-tropism_id_7,has_meridians-tropism,meridians-tropism
herb_id_563,meridians-tropism_id_6,has_meridians-tropism,meridians-tropism
herb_id_564,meridians-tropism_id_4,has_meridians-tropism,meridians-tropism
herb_id_565,meridians-tropism_id_6,has_meridians-tropism,meridians-tropism
herb_id_565,meridians-tropism_id_9,has_meridians-tropism,meridians-tropism
herb_id_566,meridians-tropism_id_4,has_meridians-tropism,meridians-tropism
herb_id_566,meridians-tropism_id_6,has_meridians-tropism,meridians-tropism
herb_id_567,meridians-tropism_id_8,has_meridians-tropism,meridians-tropism
herb_id_567,meridians-tropism_id_11,has_meridians-tropism,meridians-tropism
herb_id_568,meridians-tropism_id_7,has_meridians-tropism,meridians-tropism
herb_id_568,meridians-tropism_id_9,has_meridians-tropism,meridians-tropism
herb_id_568,meridians-tropism_id_4,has_meridians-tropism,meridians-tropism
herb_id_569,meridians-tropism_id_4,has_meridians-tropism,meridians-tropism
herb_id_569,meridians-tropism_id_7,has_meridians-tropism,meridians-tropism
herb_id_569,meridians-tropism_id_8,has_meridians-tropism,meridians-tropism
herb_id_570,meridians-tropism_id_4,has_meridians-tropism,meridians-tropism
herb_id_570,meridians-tropism_id_9,has_meridians-tropism,meridians-tropism
herb_id_570,meridians-tropism_id_12,has_meridians-tropism,meridians-tropism
herb_id_571,meridians-tropism_id_9,has_meridians-tropism,meridians-tropism
herb_id_571,meridians-tropism_id_11,has_meridians-tropism,meridians-tropism
herb_id_572,meridians-tropism_id_4,has_meridians-tropism,meridians-tropism
herb_id_572,meridians-tropism_id_6,has_meridians-tropism,meridians-tropism
herb_id_573,meridians-tropism_id_6,has_meridians-tropism,meridians-tropism
herb_id_573,meridians-tropism_id_8,has_meridians-tropism,meridians-tropism
herb_id_573,meridians-tropism_id_12,has_meridians-tropism,meridians-tropism
herb_id_574,meridians-tropism_id_7,has_meridians-tropism,meridians-tropism
herb_id_574,meridians-tropism_id_2,has_meridians-tropism,meridians-tropism
herb_id_575,meridians-tropism_id_7,has_meridians-tropism,meridians-tropism
herb_id_575,meridians-tropism_id_2,has_meridians-tropism,meridians-tropism
herb_id_576,meridians-tropism_id_6,has_meridians-tropism,meridians-tropism
herb_id_576,meridians-tropism_id_9,has_meridians-tropism,meridians-tropism
herb_id_577,meridians-tropism_id_7,has_meridians-tropism,meridians-tropism
herb_id_577,meridians-tropism_id_9,has_meridians-tropism,meridians-tropism
herb_id_577,meridians-tropism_id_4,has_meridians-tropism,meridians-tropism
herb_id_577,meridians-tropism_id_12,has_meridians-tropism,meridians-tropism
herb_id_577,meridians-tropism_id_3,has_meridians-tropism,meridians-tropism
herb_id_577,meridians-tropism_id_1,has_meridians-tropism,meridians-tropism
herb_id_578,meridians-tropism_id_7,has_meridians-tropism,meridians-tropism
herb_id_578,meridians-tropism_id_4,has_meridians-tropism,meridians-tropism
herb_id_579,meridians-tropism_id_6,has_meridians-tropism,meridians-tropism
herb_id_579,meridians-tropism_id_8,has_meridians-tropism,meridians-tropism
herb_id_580,meridians-tropism_id_6,has_meridians-tropism,meridians-tropism
herb_id_580,meridians-tropism_id_9,has_meridians-tropism,meridians-tropism
herb_id_580,meridians-tropism_id_2,has_meridians-tropism,meridians-tropism
herb_id_581,meridians-tropism_id_6,has_meridians-tropism,meridians-tropism
herb_id_581,meridians-tropism_id_9,has_meridians-tropism,meridians-tropism
herb_id_582,meridians-tropism_id_4,has_meridians-tropism,meridians-tropism
herb_id_582,meridians-tropism_id_3,has_meridians-tropism,meridians-tropism
herb_id_583,meridians-tropism_id_2,has_meridians-tropism,meridians-tropism
herb_id_583,meridians-tropism_id_9,has_meridians-tropism,meridians-tropism
herb_id_584,meridians-tropism_id_6,has_meridians-tropism,meridians-tropism
herb_id_585,meridians-tropism_id_4,has_meridians-tropism,meridians-tropism
herb_id_585,meridians-tropism_id_11,has_meridians-tropism,meridians-tropism
herb_id_585,meridians-tropism_id_12,has_meridians-tropism,meridians-tropism
herb_id_586,meridians-tropism_id_6,has_meridians-tropism,meridians-tropism
herb_id_586,meridians-tropism_id_8,has_meridians-tropism,meridians-tropism
herb_id_587,meridians-tropism_id_6,has_meridians-tropism,meridians-tropism
herb_id_587,meridians-tropism_id_8,has_meridians-tropism,meridians-tropism
herb_id_587,meridians-tropism_id_7,has_meridians-tropism,meridians-tropism
herb_id_587,meridians-tropism_id_3,has_meridians-tropism,meridians-tropism
herb_id_588,meridians-tropism_id_6,has_meridians-tropism,meridians-tropism
herb_id_588,meridians-tropism_id_8,has_meridians-tropism,meridians-tropism
herb_id_588,meridians-tropism_id_7,has_meridians-tropism,meridians-tropism
herb_id_588,meridians-tropism_id_3,has_meridians-tropism,meridians-tropism
herb_id_589,meridians-tropism_id_7,has_meridians-tropism,meridians-tropism
herb_id_589,meridians-tropism_id_9,has_meridians-tropism,meridians-tropism
herb_id_590,meridians-tropism_id_4,has_meridians-tropism,meridians-tropism
herb_id_590,meridians-tropism_id_8,has_meridians-tropism,meridians-tropism
herb_id_590,meridians-tropism_id_7,has_meridians-tropism,meridians-tropism
herb_id_591,meridians-tropism_id_7,has_meridians-tropism,meridians-tropism
herb_id_591,meridians-tropism_id_4,has_meridians-tropism,meridians-tropism
herb_id_591,meridians-tropism_id_3,has_meridians-tropism,meridians-tropism
herb_id_592,meridians-tropism_id_6,has_meridians-tropism,meridians-tropism
herb_id_592,meridians-tropism_id_8,has_meridians-tropism,meridians-tropism
herb_id_593,meridians-tropism_id_11,has_meridians-tropism,meridians-tropism
herb_id_593,meridians-tropism_id_8,has_meridians-tropism,meridians-tropism
herb_id_594,meridians-tropism_id_7,has_meridians-tropism,meridians-tropism
herb_id_594,meridians-tropism_id_9,has_meridians-tropism,meridians-tropism
herb_id_595,meridians-tropism_id_11,has_meridians-tropism,meridians-tropism
herb_id_595,meridians-tropism_id_2,has_meridians-tropism,meridians-tropism
herb_id_595,meridians-tropism_id_3,has_meridians-tropism,meridians-tropism
herb_id_596,meridians-tropism_id_6,has_meridians-tropism,meridians-tropism
herb_id_596,meridians-tropism_id_4,has_meridians-tropism,meridians-tropism
herb_id_596,meridians-tropism_id_7,has_meridians-tropism,meridians-tropism
herb_id_597,meridians-tropism_id_6,has_meridians-tropism,meridians-tropism
herb_id_597,meridians-tropism_id_8,has_meridians-tropism,meridians-tropism
herb_id_598,meridians-tropism_id_7,has_meridians-tropism,meridians-tropism
herb_id_598,meridians-tropism_id_10,has_meridians-tropism,meridians-tropism
herb_id_598,meridians-tropism_id_11,has_meridians-tropism,meridians-tropism
herb_id_598,meridians-tropism_id_2,has_meridians-tropism,meridians-tropism
herb_id_598,meridians-tropism_id_3,has_meridians-tropism,meridians-tropism
herb_id_599,meridians-tropism_id_6,has_meridians-tropism,meridians-tropism
herb_id_599,meridians-tropism_id_10,has_meridians-tropism,meridians-tropism
herb_id_599,meridians-tropism_id_4,has_meridians-tropism,meridians-tropism
herb_id_600,meridians-tropism_id_7,has_meridians-tropism,meridians-tropism
herb_id_600,meridians-tropism_id_11,has_meridians-tropism,meridians-tropism
herb_id_601,meridians-tropism_id_6,has_meridians-tropism,meridians-tropism
herb_id_601,meridians-tropism_id_9,has_meridians-tropism,meridians-tropism
herb_id_602,meridians-tropism_id_4,has_meridians-tropism,meridians-tropism
herb_id_602,meridians-tropism_id_6,has_meridians-tropism,meridians-tropism
herb_id_602,meridians-tropism_id_10,has_meridians-tropism,meridians-tropism
herb_id_603,meridians-tropism_id_6,has_meridians-tropism,meridians-tropism
herb_id_603,meridians-tropism_id_11,has_meridians-tropism,meridians-tropism
herb_id_603,meridians-tropism_id_1,has_meridians-tropism,meridians-tropism
herb_id_604,meridians-tropism_id_6,has_meridians-tropism,meridians-tropism
herb_id_604,meridians-tropism_id_8,has_meridians-tropism,meridians-tropism
herb_id_605,meridians-tropism_id_11,has_meridians-tropism,meridians-tropism
herb_id_605,meridians-tropism_id_9,has_meridians-tropism,meridians-tropism
herb_id_605,meridians-tropism_id_3,has_meridians-tropism,meridians-tropism
herb_id_605,meridians-tropism_id_12,has_meridians-tropism,meridians-tropism
herb_id_606,meridians-tropism_id_6,has_meridians-tropism,meridians-tropism
herb_id_607,meridians-tropism_id_6,has_meridians-tropism,meridians-tropism
herb_id_607,meridians-tropism_id_4,has_meridians-tropism,meridians-tropism
herb_id_608,meridians-tropism_id_11,has_meridians-tropism,meridians-tropism
herb_id_608,meridians-tropism_id_8,has_meridians-tropism,meridians-tropism
herb_id_609,meridians-tropism_id_8,has_meridians-tropism,meridians-tropism
herb_id_609,meridians-tropism_id_12,has_meridians-tropism,meridians-tropism
herb_id_609,meridians-tropism_id_2,has_meridians-tropism,meridians-tropism
herb_id_610,meridians-tropism_id_7,has_meridians-tropism,meridians-tropism
herb_id_610,meridians-tropism_id_2,has_meridians-tropism,meridians-tropism
herb_id_611,meridians-tropism_id_7,has_meridians-tropism,meridians-tropism
herb_id_612,meridians-tropism_id_6,has_meridians-tropism,meridians-tropism
herb_id_612,meridians-tropism_id_10,has_meridians-tropism,meridians-tropism
herb_id_612,meridians-tropism_id_8,has_meridians-tropism,meridians-tropism
herb_id_612,meridians-tropism_id_12,has_meridians-tropism,meridians-tropism
herb_id_613,meridians-tropism_id_6,has_meridians-tropism,meridians-tropism
herb_id_613,meridians-tropism_id_3,has_meridians-tropism,meridians-tropism
herb_id_613,meridians-tropism_id_12,has_meridians-tropism,meridians-tropism
herb_id_614,meridians-tropism_id_7,has_meridians-tropism,meridians-tropism
herb_id_614,meridians-tropism_id_4,has_meridians-tropism,meridians-tropism
herb_id_614,meridians-tropism_id_9,has_meridians-tropism,meridians-tropism
herb_id_615,meridians-tropism_id_4,has_meridians-tropism,meridians-tropism
herb_id_615,meridians-tropism_id_11,has_meridians-tropism,meridians-tropism
herb_id_615,meridians-tropism_id_9,has_meridians-tropism,meridians-tropism
herb_id_616,meridians-tropism_id_7,has_meridians-tropism,meridians-tropism
herb_id_616,meridians-tropism_id_8,has_meridians-tropism,meridians-tropism
herb_id_616,meridians-tropism_id_9,has_meridians-tropism,meridians-tropism
herb_id_617,meridians-tropism_id_6,has_meridians-tropism,meridians-tropism
herb_id_617,meridians-tropism_id_5,has_meridians-tropism,meridians-tropism
herb_id_618,meridians-tropism_id_4,has_meridians-tropism,meridians-tropism
herb_id_618,meridians-tropism_id_7,has_meridians-tropism,meridians-tropism
herb_id_619,meridians-tropism_id_8,has_meridians-tropism,meridians-tropism
herb_id_619,meridians-tropism_id_7,has_meridians-tropism,meridians-tropism
herb_id_620,meridians-tropism_id_6,has_meridians-tropism,meridians-tropism
herb_id_620,meridians-tropism_id_9,has_meridians-tropism,meridians-tropism
herb_id_621,meridians-tropism_id_7,has_meridians-tropism,meridians-tropism
herb_id_621,meridians-tropism_id_9,has_meridians-tropism,meridians-tropism
herb_id_622,meridians-tropism_id_6,has_meridians-tropism,meridians-tropism
herb_id_623,meridians-tropism_id_12,has_meridians-tropism,meridians-tropism
herb_id_623,meridians-tropism_id_7,has_meridians-tropism,meridians-tropism
herb_id_624,meridians-tropism_id_12,has_meridians-tropism,meridians-tropism
herb_id_624,meridians-tropism_id_6,has_meridians-tropism,meridians-tropism
herb_id_624,meridians-tropism_id_11,has_meridians-tropism,meridians-tropism
herb_id_625,meridians-tropism_id_8,has_meridians-tropism,meridians-tropism
herb_id_626,meridians-tropism_id_7,has_meridians-tropism,meridians-tropism
herb_id_626,meridians-tropism_id_6,has_meridians-tropism,meridians-tropism
herb_id_626,meridians-tropism_id_8,has_meridians-tropism,meridians-tropism
herb_id_627,meridians-tropism_id_6,has_meridians-tropism,meridians-tropism
herb_id_627,meridians-tropism_id_11,has_meridians-tropism,meridians-tropism
herb_id_627,meridians-tropism_id_9,has_meridians-tropism,meridians-tropism
herb_id_628,meridians-tropism_id_4,has_meridians-tropism,meridians-tropism
herb_id_628,meridians-tropism_id_8,has_meridians-tropism,meridians-tropism
herb_id_628,meridians-tropism_id_11,has_meridians-tropism,meridians-tropism
herb_id_629,meridians-tropism_id_7,has_meridians-tropism,meridians-tropism
herb_id_629,meridians-tropism_id_11,has_meridians-tropism,meridians-tropism
herb_id_630,meridians-tropism_id_6,has_meridians-tropism,meridians-tropism
herb_id_630,meridians-tropism_id_11,has_meridians-tropism,meridians-tropism
herb_id_631,meridians-tropism_id_6,has_meridians-tropism,meridians-tropism
herb_id_631,meridians-tropism_id_2,has_meridians-tropism,meridians-tropism
herb_id_632,meridians-tropism_id_9,has_meridians-tropism,meridians-tropism
herb_id_632,meridians-tropism_id_2,has_meridians-tropism,meridians-tropism
herb_id_633,meridians-tropism_id_7,has_meridians-tropism,meridians-tropism
herb_id_633,meridians-tropism_id_9,has_meridians-tropism,meridians-tropism
herb_id_634,meridians-tropism_id_6,has_meridians-tropism,meridians-tropism
herb_id_634,meridians-tropism_id_10,has_meridians-tropism,meridians-tropism
herb_id_634,meridians-tropism_id_9,has_meridians-tropism,meridians-tropism
herb_id_635,meridians-tropism_id_7,has_meridians-tropism,meridians-tropism
herb_id_635,meridians-tropism_id_4,has_meridians-tropism,meridians-tropism
herb_id_635,meridians-tropism_id_6,has_meridians-tropism,meridians-tropism
herb_id_635,meridians-tropism_id_9,has_meridians-tropism,meridians-tropism
herb_id_635,meridians-tropism_id_2,has_meridians-tropism,meridians-tropism
herb_id_636,meridians-tropism_id_6,has_meridians-tropism,meridians-tropism
herb_id_637,meridians-tropism_id_6,has_meridians-tropism,meridians-tropism
herb_id_637,meridians-tropism_id_10,has_meridians-tropism,meridians-tropism
herb_id_638,meridians-tropism_id_6,has_meridians-tropism,meridians-tropism
herb_id_638,meridians-tropism_id_11,has_meridians-tropism,meridians-tropism
herb_id_639,meridians-tropism_id_6,has_meridians-tropism,meridians-tropism
herb_id_639,meridians-tropism_id_7,has_meridians-tropism,meridians-tropism
herb_id_639,meridians-tropism_id_9,has_meridians-tropism,meridians-tropism
herb_id_640,meridians-tropism_id_6,has_meridians-tropism,meridians-tropism
herb_id_640,meridians-tropism_id_8,has_meridians-tropism,meridians-tropism
herb_id_641,meridians-tropism_id_4,has_meridians-tropism,meridians-tropism
herb_id_641,meridians-tropism_id_6,has_meridians-tropism,meridians-tropism
herb_id_642,meridians-tropism_id_6,has_meridians-tropism,meridians-tropism
herb_id_642,meridians-tropism_id_7,has_meridians-tropism,meridians-tropism
herb_id_642,meridians-tropism_id_11,has_meridians-tropism,meridians-tropism
herb_id_643,meridians-tropism_id_7,has_meridians-tropism,meridians-tropism
herb_id_643,meridians-tropism_id_9,has_meridians-tropism,meridians-tropism
herb_id_644,meridians-tropism_id_6,has_meridians-tropism,meridians-tropism
herb_id_644,meridians-tropism_id_11,has_meridians-tropism,meridians-tropism
herb_id_644,meridians-tropism_id_1,has_meridians-tropism,meridians-tropism
herb_id_645,meridians-tropism_id_7,has_meridians-tropism,meridians-tropism
herb_id_646,meridians-tropism_id_7,has_meridians-tropism,meridians-tropism
herb_id_647,meridians-tropism_id_6,has_meridians-tropism,meridians-tropism
herb_id_647,meridians-tropism_id_11,has_meridians-tropism,meridians-tropism
herb_id_648,meridians-tropism_id_6,has_meridians-tropism,meridians-tropism
herb_id_648,meridians-tropism_id_11,has_meridians-tropism,meridians-tropism
herb_id_649,meridians-tropism_id_6,has_meridians-tropism,meridians-tropism
herb_id_649,meridians-tropism_id_2,has_meridians-tropism,meridians-tropism
herb_id_650,meridians-tropism_id_6,has_meridians-tropism,meridians-tropism
herb_id_650,meridians-tropism_id_8,has_meridians-tropism,meridians-tropism
herb_id_651,meridians-tropism_id_11,has_meridians-tropism,meridians-tropism
herb_id_651,meridians-tropism_id_9,has_meridians-tropism,meridians-tropism
herb_id_652,meridians-tropism_id_6,has_meridians-tropism,meridians-tropism
herb_id_653,meridians-tropism_id_7,has_meridians-tropism,meridians-tropism
herb_id_654,meridians-tropism_id_6,has_meridians-tropism,meridians-tropism
herb_id_654,meridians-tropism_id_8,has_meridians-tropism,meridians-tropism
herb_id_655,meridians-tropism_id_11,has_meridians-tropism,meridians-tropism
herb_id_655,meridians-tropism_id_9,has_meridians-tropism,meridians-tropism
herb_id_655,meridians-tropism_id_3,has_meridians-tropism,meridians-tropism
herb_id_655,meridians-tropism_id_12,has_meridians-tropism,meridians-tropism
herb_id_656,meridians-tropism_id_6,has_meridians-tropism,meridians-tropism
herb_id_656,meridians-tropism_id_8,has_meridians-tropism,meridians-tropism
herb_id_657,meridians-tropism_id_4,has_meridians-tropism,meridians-tropism
herb_id_657,meridians-tropism_id_8,has_meridians-tropism,meridians-tropism
herb_id_658,meridians-tropism_id_6,has_meridians-tropism,meridians-tropism
herb_id_658,meridians-tropism_id_8,has_meridians-tropism,meridians-tropism
herb_id_659,meridians-tropism_id_4,has_meridians-tropism,meridians-tropism
herb_id_659,meridians-tropism_id_7,has_meridians-tropism,meridians-tropism
herb_id_659,meridians-tropism_id_6,has_meridians-tropism,meridians-tropism
herb_id_659,meridians-tropism_id_9,has_meridians-tropism,meridians-tropism
herb_id_659,meridians-tropism_id_8,has_meridians-tropism,meridians-tropism
herb_id_660,meridians-tropism_id_2,has_meridians-tropism,meridians-tropism
herb_id_660,meridians-tropism_id_6,has_meridians-tropism,meridians-tropism
herb_id_661,meridians-tropism_id_7,has_meridians-tropism,meridians-tropism
herb_id_661,meridians-tropism_id_9,has_meridians-tropism,meridians-tropism
herb_id_661,meridians-tropism_id_12,has_meridians-tropism,meridians-tropism
herb_id_662,meridians-tropism_id_7,has_meridians-tropism,meridians-tropism
herb_id_662,meridians-tropism_id_8,has_meridians-tropism,meridians-tropism
herb_id_662,meridians-tropism_id_9,has_meridians-tropism,meridians-tropism
herb_id_663,meridians-tropism_id_8,has_meridians-tropism,meridians-tropism
herb_id_663,meridians-tropism_id_6,has_meridians-tropism,meridians-tropism
herb_id_664,meridians-tropism_id_8,has_meridians-tropism,meridians-tropism
herb_id_664,meridians-tropism_id_6,has_meridians-tropism,meridians-tropism
herb_id_665,meridians-tropism_id_6,has_meridians-tropism,meridians-tropism
herb_id_665,meridians-tropism_id_8,has_meridians-tropism,meridians-tropism
herb_id_666,meridians-tropism_id_4,has_meridians-tropism,meridians-tropism
herb_id_666,meridians-tropism_id_11,has_meridians-tropism,meridians-tropism
herb_id_667,meridians-tropism_id_4,has_meridians-tropism,meridians-tropism
herb_id_667,meridians-tropism_id_7,has_meridians-tropism,meridians-tropism
herb_id_667,meridians-tropism_id_9,has_meridians-tropism,meridians-tropism
herb_id_668,meridians-tropism_id_11,has_meridians-tropism,meridians-tropism
herb_id_668,meridians-tropism_id_9,has_meridians-tropism,meridians-tropism
herb_id_669,meridians-tropism_id_4,has_meridians-tropism,meridians-tropism
herb_id_669,meridians-tropism_id_7,has_meridians-tropism,meridians-tropism
herb_id_669,meridians-tropism_id_9,has_meridians-tropism,meridians-tropism
herb_id_670,meridians-tropism_id_7,has_meridians-tropism,meridians-tropism
herb_id_670,meridians-tropism_id_12,has_meridians-tropism,meridians-tropism
herb_id_671,meridians-tropism_id_4,has_meridians-tropism,meridians-tropism
herb_id_671,meridians-tropism_id_7,has_meridians-tropism,meridians-tropism
herb_id_672,meridians-tropism_id_8,has_meridians-tropism,meridians-tropism
herb_id_672,meridians-tropism_id_12,has_meridians-tropism,meridians-tropism
herb_id_673,meridians-tropism_id_11,has_meridians-tropism,meridians-tropism
herb_id_673,meridians-tropism_id_7,has_meridians-tropism,meridians-tropism
herb_id_673,meridians-tropism_id_8,has_meridians-tropism,meridians-tropism
herb_id_674,meridians-tropism_id_7,has_meridians-tropism,meridians-tropism
herb_id_674,meridians-tropism_id_10,has_meridians-tropism,meridians-tropism
herb_id_674,meridians-tropism_id_11,has_meridians-tropism,meridians-tropism
herb_id_674,meridians-tropism_id_2,has_meridians-tropism,meridians-tropism
herb_id_674,meridians-tropism_id_3,has_meridians-tropism,meridians-tropism
herb_id_675,meridians-tropism_id_7,has_meridians-tropism,meridians-tropism
herb_id_675,meridians-tropism_id_11,has_meridians-tropism,meridians-tropism
herb_id_676,meridians-tropism_id_4,has_meridians-tropism,meridians-tropism
herb_id_676,meridians-tropism_id_11,has_meridians-tropism,meridians-tropism
herb_id_676,meridians-tropism_id_9,has_meridians-tropism,meridians-tropism
herb_id_676,meridians-tropism_id_6,has_meridians-tropism,meridians-tropism
herb_id_676,meridians-tropism_id_10,has_meridians-tropism,meridians-tropism
herb_id_676,meridians-tropism_id_2,has_meridians-tropism,meridians-tropism
herb_id_677,meridians-tropism_id_8,has_meridians-tropism,meridians-tropism
herb_id_678,meridians-tropism_id_6,has_meridians-tropism,meridians-tropism
herb_id_678,meridians-tropism_id_11,has_meridians-tropism,meridians-tropism
herb_id_678,meridians-tropism_id_8,has_meridians-tropism,meridians-tropism
herb_id_679,meridians-tropism_id_6,has_meridians-tropism,meridians-tropism
herb_id_679,meridians-tropism_id_8,has_meridians-tropism,meridians-tropism
herb_id_680,meridians-tropism_id_6,has_meridians-tropism,meridians-tropism
herb_id_680,meridians-tropism_id_8,has_meridians-tropism,meridians-tropism
herb_id_681,meridians-tropism_id_4,has_meridians-tropism,meridians-tropism
herb_id_681,meridians-tropism_id_8,has_meridians-tropism,meridians-tropism
herb_id_681,meridians-tropism_id_11,has_meridians-tropism,meridians-tropism
herb_id_682,meridians-tropism_id_7,has_meridians-tropism,meridians-tropism
herb_id_683,meridians-tropism_id_4,has_meridians-tropism,meridians-tropism
herb_id_683,meridians-tropism_id_11,has_meridians-tropism,meridians-tropism
herb_id_684,meridians-tropism_id_6,has_meridians-tropism,meridians-tropism
herb_id_684,meridians-tropism_id_10,has_meridians-tropism,meridians-tropism
herb_id_686,meridians-tropism_id_4,has_meridians-tropism,meridians-tropism
herb_id_686,meridians-tropism_id_6,has_meridians-tropism,meridians-tropism
herb_id_686,meridians-tropism_id_8,has_meridians-tropism,meridians-tropism
herb_id_687,meridians-tropism_id_4,has_meridians-tropism,meridians-tropism
herb_id_687,meridians-tropism_id_6,has_meridians-tropism,meridians-tropism
herb_id_688,meridians-tropism_id_6,has_meridians-tropism,meridians-tropism
herb_id_688,meridians-tropism_id_8,has_meridians-tropism,meridians-tropism
herb_id_688,meridians-tropism_id_4,has_meridians-tropism,meridians-tropism
herb_id_689,meridians-tropism_id_6,has_meridians-tropism,meridians-tropism
herb_id_689,meridians-tropism_id_8,has_meridians-tropism,meridians-tropism
herb_id_689,meridians-tropism_id_4,has_meridians-tropism,meridians-tropism
