:START_ID,:END_ID,relation,:TYPE
herb_id_1,symptom_id_686,relieves_symptom,symptom
herb_id_1,symptom_id_688,relieves_symptom,symptom
herb_id_1,symptom_id_1636,relieves_symptom,symptom
herb_id_1,symptom_id_3348,relieves_symptom,symptom
herb_id_1,symptom_id_3732,relieves_symptom,symptom
herb_id_1,symptom_id_4589,relieves_symptom,symptom
herb_id_2,symptom_id_280,relieves_symptom,symptom
herb_id_2,symptom_id_663,relieves_symptom,symptom
herb_id_2,symptom_id_737,relieves_symptom,symptom
herb_id_2,symptom_id_1035,relieves_symptom,symptom
herb_id_2,symptom_id_1458,relieves_symptom,symptom
herb_id_2,symptom_id_3566,relieves_symptom,symptom
herb_id_2,symptom_id_4100,relieves_symptom,symptom
herb_id_2,symptom_id_4207,relieves_symptom,symptom
herb_id_3,symptom_id_1613,relieves_symptom,symptom
herb_id_3,symptom_id_2526,relieves_symptom,symptom
herb_id_3,symptom_id_2624,relieves_symptom,symptom
herb_id_3,symptom_id_2629,relieves_symptom,symptom
herb_id_3,symptom_id_3534,relieves_symptom,symptom
herb_id_3,symptom_id_4623,relieves_symptom,symptom
herb_id_4,symptom_id_164,relieves_symptom,symptom
herb_id_4,symptom_id_168,relieves_symptom,symptom
herb_id_4,symptom_id_2613,relieves_symptom,symptom
herb_id_4,symptom_id_3551,relieves_symptom,symptom
herb_id_5,symptom_id_1601,relieves_symptom,symptom
herb_id_5,symptom_id_1613,relieves_symptom,symptom
herb_id_5,symptom_id_2009,relieves_symptom,symptom
herb_id_5,symptom_id_2350,relieves_symptom,symptom
herb_id_5,symptom_id_2445,relieves_symptom,symptom
herb_id_5,symptom_id_2527,relieves_symptom,symptom
herb_id_5,symptom_id_2651,relieves_symptom,symptom
herb_id_5,symptom_id_3534,relieves_symptom,symptom
herb_id_5,symptom_id_3681,relieves_symptom,symptom
herb_id_6,symptom_id_667,relieves_symptom,symptom
herb_id_6,symptom_id_1069,relieves_symptom,symptom
herb_id_6,symptom_id_1937,relieves_symptom,symptom
herb_id_6,symptom_id_2234,relieves_symptom,symptom
herb_id_6,symptom_id_2325,relieves_symptom,symptom
herb_id_6,symptom_id_2505,relieves_symptom,symptom
herb_id_6,symptom_id_3089,relieves_symptom,symptom
herb_id_6,symptom_id_4205,relieves_symptom,symptom
herb_id_7,symptom_id_4539,relieves_symptom,symptom
herb_id_7,symptom_id_122,relieves_symptom,symptom
herb_id_7,symptom_id_2924,relieves_symptom,symptom
herb_id_7,symptom_id_1214,relieves_symptom,symptom
herb_id_7,symptom_id_3668,relieves_symptom,symptom
herb_id_7,symptom_id_2584,relieves_symptom,symptom
herb_id_7,symptom_id_2093,relieves_symptom,symptom
herb_id_7,symptom_id_393,relieves_symptom,symptom
herb_id_7,symptom_id_873,relieves_symptom,symptom
herb_id_7,symptom_id_2488,relieves_symptom,symptom
herb_id_7,symptom_id_2414,relieves_symptom,symptom
herb_id_7,symptom_id_2635,relieves_symptom,symptom
herb_id_8,symptom_id_133,relieves_symptom,symptom
herb_id_8,symptom_id_688,relieves_symptom,symptom
herb_id_8,symptom_id_3323,relieves_symptom,symptom
herb_id_8,symptom_id_3845,relieves_symptom,symptom
herb_id_8,symptom_id_4020,relieves_symptom,symptom
herb_id_8,symptom_id_4044,relieves_symptom,symptom
herb_id_9,symptom_id_127,relieves_symptom,symptom
herb_id_9,symptom_id_4022,relieves_symptom,symptom
herb_id_9,symptom_id_136,relieves_symptom,symptom
herb_id_9,symptom_id_131,relieves_symptom,symptom
herb_id_9,symptom_id_2538,relieves_symptom,symptom
herb_id_9,symptom_id_280,relieves_symptom,symptom
herb_id_9,symptom_id_1435,relieves_symptom,symptom
herb_id_9,symptom_id_4066,relieves_symptom,symptom
herb_id_9,symptom_id_4044,relieves_symptom,symptom
herb_id_9,symptom_id_3845,relieves_symptom,symptom
herb_id_9,symptom_id_688,relieves_symptom,symptom
herb_id_9,symptom_id_4301,relieves_symptom,symptom
herb_id_9,symptom_id_2385,relieves_symptom,symptom
herb_id_9,symptom_id_3498,relieves_symptom,symptom
herb_id_10,symptom_id_1259,relieves_symptom,symptom
herb_id_10,symptom_id_1449,relieves_symptom,symptom
herb_id_10,symptom_id_2122,relieves_symptom,symptom
herb_id_10,symptom_id_2423,relieves_symptom,symptom
herb_id_10,symptom_id_3062,relieves_symptom,symptom
herb_id_10,symptom_id_3573,relieves_symptom,symptom
herb_id_10,symptom_id_3936,relieves_symptom,symptom
herb_id_10,symptom_id_4278,relieves_symptom,symptom
herb_id_11,symptom_id_1169,relieves_symptom,symptom
herb_id_11,symptom_id_1187,relieves_symptom,symptom
herb_id_11,symptom_id_2297,relieves_symptom,symptom
herb_id_11,symptom_id_2772,relieves_symptom,symptom
herb_id_11,symptom_id_4095,relieves_symptom,symptom
herb_id_11,symptom_id_3181,relieves_symptom,symptom
herb_id_12,symptom_id_2339,relieves_symptom,symptom
herb_id_12,symptom_id_2957,relieves_symptom,symptom
herb_id_12,symptom_id_2661,relieves_symptom,symptom
herb_id_12,symptom_id_2126,relieves_symptom,symptom
herb_id_12,symptom_id_1052,relieves_symptom,symptom
herb_id_12,symptom_id_3532,relieves_symptom,symptom
herb_id_12,symptom_id_4554,relieves_symptom,symptom
herb_id_12,symptom_id_2447,relieves_symptom,symptom
herb_id_13,symptom_id_3405,relieves_symptom,symptom
herb_id_13,symptom_id_3196,relieves_symptom,symptom
herb_id_13,symptom_id_3348,relieves_symptom,symptom
herb_id_13,symptom_id_3784,relieves_symptom,symptom
herb_id_14,symptom_id_210,relieves_symptom,symptom
herb_id_14,symptom_id_1613,relieves_symptom,symptom
herb_id_14,symptom_id_2506,relieves_symptom,symptom
herb_id_14,symptom_id_2527,relieves_symptom,symptom
herb_id_14,symptom_id_2988,relieves_symptom,symptom
herb_id_14,symptom_id_3443,relieves_symptom,symptom
herb_id_14,symptom_id_3534,relieves_symptom,symptom
herb_id_14,symptom_id_3845,relieves_symptom,symptom
herb_id_14,symptom_id_4217,relieves_symptom,symptom
herb_id_14,symptom_id_4554,relieves_symptom,symptom
herb_id_15,symptom_id_139,relieves_symptom,symptom
herb_id_15,symptom_id_1277,relieves_symptom,symptom
herb_id_15,symptom_id_1748,relieves_symptom,symptom
herb_id_15,symptom_id_2493,relieves_symptom,symptom
herb_id_15,symptom_id_2657,relieves_symptom,symptom
herb_id_15,symptom_id_2817,relieves_symptom,symptom
herb_id_15,symptom_id_4003,relieves_symptom,symptom
herb_id_15,symptom_id_4297,relieves_symptom,symptom
herb_id_16,symptom_id_4003,relieves_symptom,symptom
herb_id_16,symptom_id_2817,relieves_symptom,symptom
herb_id_16,symptom_id_1748,relieves_symptom,symptom
herb_id_16,symptom_id_2657,relieves_symptom,symptom
herb_id_16,symptom_id_1277,relieves_symptom,symptom
herb_id_16,symptom_id_139,relieves_symptom,symptom
herb_id_16,symptom_id_4297,relieves_symptom,symptom
herb_id_16,symptom_id_2493,relieves_symptom,symptom
herb_id_17,symptom_id_133,relieves_symptom,symptom
herb_id_17,symptom_id_284,relieves_symptom,symptom
herb_id_17,symptom_id_1035,relieves_symptom,symptom
herb_id_17,symptom_id_2214,relieves_symptom,symptom
herb_id_17,symptom_id_2505,relieves_symptom,symptom
herb_id_17,symptom_id_2726,relieves_symptom,symptom
herb_id_17,symptom_id_3302,relieves_symptom,symptom
herb_id_17,symptom_id_3323,relieves_symptom,symptom
herb_id_17,symptom_id_3953,relieves_symptom,symptom
herb_id_18,symptom_id_251,relieves_symptom,symptom
herb_id_18,symptom_id_2134,relieves_symptom,symptom
herb_id_18,symptom_id_2998,relieves_symptom,symptom
herb_id_18,symptom_id_3697,relieves_symptom,symptom
herb_id_18,symptom_id_4105,relieves_symptom,symptom
herb_id_18,symptom_id_4553,relieves_symptom,symptom
herb_id_19,symptom_id_130,relieves_symptom,symptom
herb_id_19,symptom_id_132,relieves_symptom,symptom
herb_id_19,symptom_id_383,relieves_symptom,symptom
herb_id_19,symptom_id_1152,relieves_symptom,symptom
herb_id_19,symptom_id_1449,relieves_symptom,symptom
herb_id_19,symptom_id_1586,relieves_symptom,symptom
herb_id_19,symptom_id_2070,relieves_symptom,symptom
herb_id_19,symptom_id_2181,relieves_symptom,symptom
herb_id_19,symptom_id_2288,relieves_symptom,symptom
herb_id_19,symptom_id_3953,relieves_symptom,symptom
herb_id_19,symptom_id_2772,relieves_symptom,symptom
herb_id_19,symptom_id_4278,relieves_symptom,symptom
herb_id_20,symptom_id_3087,relieves_symptom,symptom
herb_id_20,symptom_id_3541,relieves_symptom,symptom
herb_id_20,symptom_id_3845,relieves_symptom,symptom
herb_id_20,symptom_id_4040,relieves_symptom,symptom
herb_id_20,symptom_id_4078,relieves_symptom,symptom
herb_id_20,symptom_id_4207,relieves_symptom,symptom
herb_id_21,symptom_id_427,relieves_symptom,symptom
herb_id_21,symptom_id_3315,relieves_symptom,symptom
herb_id_21,symptom_id_4100,relieves_symptom,symptom
herb_id_21,symptom_id_663,relieves_symptom,symptom
herb_id_21,symptom_id_873,relieves_symptom,symptom
herb_id_21,symptom_id_2372,relieves_symptom,symptom
herb_id_21,symptom_id_577,relieves_symptom,symptom
herb_id_22,symptom_id_138,relieves_symptom,symptom
herb_id_22,symptom_id_252,relieves_symptom,symptom
herb_id_22,symptom_id_383,relieves_symptom,symptom
herb_id_22,symptom_id_1152,relieves_symptom,symptom
herb_id_22,symptom_id_1249,relieves_symptom,symptom
herb_id_22,symptom_id_2114,relieves_symptom,symptom
herb_id_22,symptom_id_2181,relieves_symptom,symptom
herb_id_22,symptom_id_3240,relieves_symptom,symptom
herb_id_22,symptom_id_3325,relieves_symptom,symptom
herb_id_22,symptom_id_3734,relieves_symptom,symptom
herb_id_22,symptom_id_4586,relieves_symptom,symptom
herb_id_23,symptom_id_439,relieves_symptom,symptom
herb_id_23,symptom_id_956,relieves_symptom,symptom
herb_id_23,symptom_id_1313,relieves_symptom,symptom
herb_id_23,symptom_id_2994,relieves_symptom,symptom
herb_id_23,symptom_id_3778,relieves_symptom,symptom
herb_id_23,symptom_id_4315,relieves_symptom,symptom
herb_id_23,symptom_id_4554,relieves_symptom,symptom
herb_id_24,symptom_id_2998,relieves_symptom,symptom
herb_id_24,symptom_id_3776,relieves_symptom,symptom
herb_id_24,symptom_id_4318,relieves_symptom,symptom
herb_id_24,symptom_id_4323,relieves_symptom,symptom
herb_id_25,symptom_id_663,relieves_symptom,symptom
herb_id_25,symptom_id_737,relieves_symptom,symptom
herb_id_25,symptom_id_1459,relieves_symptom,symptom
herb_id_25,symptom_id_2426,relieves_symptom,symptom
herb_id_25,symptom_id_2505,relieves_symptom,symptom
herb_id_25,symptom_id_3710,relieves_symptom,symptom
herb_id_25,symptom_id_4086,relieves_symptom,symptom
herb_id_25,symptom_id_4344,relieves_symptom,symptom
herb_id_26,symptom_id_470,relieves_symptom,symptom
herb_id_26,symptom_id_663,relieves_symptom,symptom
herb_id_26,symptom_id_814,relieves_symptom,symptom
herb_id_26,symptom_id_942,relieves_symptom,symptom
herb_id_26,symptom_id_951,relieves_symptom,symptom
herb_id_26,symptom_id_1458,relieves_symptom,symptom
herb_id_26,symptom_id_1753,relieves_symptom,symptom
herb_id_26,symptom_id_2521,relieves_symptom,symptom
herb_id_26,symptom_id_3219,relieves_symptom,symptom
herb_id_26,symptom_id_4776,relieves_symptom,symptom
herb_id_27,symptom_id_377,relieves_symptom,symptom
herb_id_27,symptom_id_1454,relieves_symptom,symptom
herb_id_28,symptom_id_742,relieves_symptom,symptom
herb_id_28,symptom_id_2560,relieves_symptom,symptom
herb_id_28,symptom_id_3195,relieves_symptom,symptom
herb_id_28,symptom_id_3445,relieves_symptom,symptom
herb_id_28,symptom_id_3551,relieves_symptom,symptom
herb_id_28,symptom_id_4590,relieves_symptom,symptom
herb_id_29,symptom_id_481,relieves_symptom,symptom
herb_id_29,symptom_id_506,relieves_symptom,symptom
herb_id_29,symptom_id_576,relieves_symptom,symptom
herb_id_29,symptom_id_1056,relieves_symptom,symptom
herb_id_29,symptom_id_1996,relieves_symptom,symptom
herb_id_29,symptom_id_2250,relieves_symptom,symptom
herb_id_29,symptom_id_2252,relieves_symptom,symptom
herb_id_29,symptom_id_3598,relieves_symptom,symptom
herb_id_29,symptom_id_701,relieves_symptom,symptom
herb_id_30,symptom_id_2464,relieves_symptom,symptom
herb_id_30,symptom_id_4035,relieves_symptom,symptom
herb_id_30,symptom_id_4049,relieves_symptom,symptom
herb_id_30,symptom_id_4050,relieves_symptom,symptom
herb_id_31,symptom_id_280,relieves_symptom,symptom
herb_id_31,symptom_id_663,relieves_symptom,symptom
herb_id_31,symptom_id_737,relieves_symptom,symptom
herb_id_31,symptom_id_1459,relieves_symptom,symptom
herb_id_31,symptom_id_3299,relieves_symptom,symptom
herb_id_31,symptom_id_4084,relieves_symptom,symptom
herb_id_31,symptom_id_4100,relieves_symptom,symptom
herb_id_31,symptom_id_4505,relieves_symptom,symptom
herb_id_32,symptom_id_280,relieves_symptom,symptom
herb_id_32,symptom_id_667,relieves_symptom,symptom
herb_id_32,symptom_id_737,relieves_symptom,symptom
herb_id_32,symptom_id_1459,relieves_symptom,symptom
herb_id_33,symptom_id_502,relieves_symptom,symptom
herb_id_33,symptom_id_493,relieves_symptom,symptom
herb_id_33,symptom_id_1689,relieves_symptom,symptom
herb_id_33,symptom_id_1754,relieves_symptom,symptom
herb_id_33,symptom_id_2473,relieves_symptom,symptom
herb_id_33,symptom_id_2798,relieves_symptom,symptom
herb_id_33,symptom_id_2924,relieves_symptom,symptom
herb_id_33,symptom_id_3205,relieves_symptom,symptom
herb_id_33,symptom_id_4562,relieves_symptom,symptom
herb_id_33,symptom_id_4568,relieves_symptom,symptom
herb_id_34,symptom_id_2578,relieves_symptom,symptom
herb_id_34,symptom_id_2214,relieves_symptom,symptom
herb_id_34,symptom_id_663,relieves_symptom,symptom
herb_id_34,symptom_id_4100,relieves_symptom,symptom
herb_id_34,symptom_id_1435,relieves_symptom,symptom
herb_id_34,symptom_id_4086,relieves_symptom,symptom
herb_id_34,symptom_id_4066,relieves_symptom,symptom
herb_id_34,symptom_id_2211,relieves_symptom,symptom
herb_id_34,symptom_id_2372,relieves_symptom,symptom
herb_id_34,symptom_id_558,relieves_symptom,symptom
herb_id_34,symptom_id_873,relieves_symptom,symptom
herb_id_34,symptom_id_2268,relieves_symptom,symptom
herb_id_35,symptom_id_192,relieves_symptom,symptom
herb_id_35,symptom_id_1456,relieves_symptom,symptom
herb_id_35,symptom_id_1635,relieves_symptom,symptom
herb_id_35,symptom_id_1719,relieves_symptom,symptom
herb_id_35,symptom_id_2009,relieves_symptom,symptom
herb_id_35,symptom_id_2648,relieves_symptom,symptom
herb_id_35,symptom_id_3781,relieves_symptom,symptom
herb_id_35,symptom_id_4068,relieves_symptom,symptom
herb_id_35,symptom_id_4217,relieves_symptom,symptom
herb_id_36,symptom_id_383,relieves_symptom,symptom
herb_id_36,symptom_id_747,relieves_symptom,symptom
herb_id_36,symptom_id_1591,relieves_symptom,symptom
herb_id_36,symptom_id_2113,relieves_symptom,symptom
herb_id_36,symptom_id_2181,relieves_symptom,symptom
herb_id_36,symptom_id_3726,relieves_symptom,symptom
herb_id_36,symptom_id_4450,relieves_symptom,symptom
herb_id_36,symptom_id_4588,relieves_symptom,symptom
herb_id_37,symptom_id_274,relieves_symptom,symptom
herb_id_37,symptom_id_385,relieves_symptom,symptom
herb_id_37,symptom_id_2578,relieves_symptom,symptom
herb_id_37,symptom_id_3032,relieves_symptom,symptom
herb_id_37,symptom_id_3188,relieves_symptom,symptom
herb_id_37,symptom_id_3316,relieves_symptom,symptom
herb_id_37,symptom_id_3318,relieves_symptom,symptom
herb_id_37,symptom_id_3422,relieves_symptom,symptom
herb_id_37,symptom_id_3530,relieves_symptom,symptom
herb_id_38,symptom_id_116,relieves_symptom,symptom
herb_id_38,symptom_id_299,relieves_symptom,symptom
herb_id_38,symptom_id_439,relieves_symptom,symptom
herb_id_38,symptom_id_1755,relieves_symptom,symptom
herb_id_38,symptom_id_2441,relieves_symptom,symptom
herb_id_38,symptom_id_2511,relieves_symptom,symptom
herb_id_38,symptom_id_2635,relieves_symptom,symptom
herb_id_38,symptom_id_2924,relieves_symptom,symptom
herb_id_38,symptom_id_3204,relieves_symptom,symptom
herb_id_38,symptom_id_4557,relieves_symptom,symptom
herb_id_39,symptom_id_167,relieves_symptom,symptom
herb_id_39,symptom_id_797,relieves_symptom,symptom
herb_id_39,symptom_id_2267,relieves_symptom,symptom
herb_id_39,symptom_id_2335,relieves_symptom,symptom
herb_id_39,symptom_id_2416,relieves_symptom,symptom
herb_id_39,symptom_id_2635,relieves_symptom,symptom
herb_id_39,symptom_id_2796,relieves_symptom,symptom
herb_id_39,symptom_id_3213,relieves_symptom,symptom
herb_id_39,symptom_id_3310,relieves_symptom,symptom
herb_id_40,symptom_id_1997,relieves_symptom,symptom
herb_id_40,symptom_id_4237,relieves_symptom,symptom
herb_id_40,symptom_id_551,relieves_symptom,symptom
herb_id_40,symptom_id_2162,relieves_symptom,symptom
herb_id_40,symptom_id_1363,relieves_symptom,symptom
herb_id_40,symptom_id_2611,relieves_symptom,symptom
herb_id_41,symptom_id_2277,relieves_symptom,symptom
herb_id_41,symptom_id_2538,relieves_symptom,symptom
herb_id_41,symptom_id_2134,relieves_symptom,symptom
herb_id_41,symptom_id_2805,relieves_symptom,symptom
herb_id_41,symptom_id_869,relieves_symptom,symptom
herb_id_41,symptom_id_4783,relieves_symptom,symptom
herb_id_41,symptom_id_2668,relieves_symptom,symptom
herb_id_41,symptom_id_2488,relieves_symptom,symptom
herb_id_41,symptom_id_2635,relieves_symptom,symptom
herb_id_42,symptom_id_208,relieves_symptom,symptom
herb_id_42,symptom_id_688,relieves_symptom,symptom
herb_id_42,symptom_id_2175,relieves_symptom,symptom
herb_id_42,symptom_id_3531,relieves_symptom,symptom
herb_id_42,symptom_id_3826,relieves_symptom,symptom
herb_id_42,symptom_id_3845,relieves_symptom,symptom
herb_id_42,symptom_id_3859,relieves_symptom,symptom
herb_id_42,symptom_id_4652,relieves_symptom,symptom
herb_id_43,symptom_id_2134,relieves_symptom,symptom
herb_id_43,symptom_id_2230,relieves_symptom,symptom
herb_id_43,symptom_id_2578,relieves_symptom,symptom
herb_id_43,symptom_id_2691,relieves_symptom,symptom
herb_id_43,symptom_id_3213,relieves_symptom,symptom
herb_id_43,symptom_id_3310,relieves_symptom,symptom
herb_id_43,symptom_id_3697,relieves_symptom,symptom
herb_id_44,symptom_id_1286,relieves_symptom,symptom
herb_id_44,symptom_id_1343,relieves_symptom,symptom
herb_id_44,symptom_id_1998,relieves_symptom,symptom
herb_id_44,symptom_id_2136,relieves_symptom,symptom
herb_id_45,symptom_id_425,relieves_symptom,symptom
herb_id_45,symptom_id_742,relieves_symptom,symptom
herb_id_45,symptom_id_755,relieves_symptom,symptom
herb_id_45,symptom_id_885,relieves_symptom,symptom
herb_id_46,symptom_id_158,relieves_symptom,symptom
herb_id_46,symptom_id_163,relieves_symptom,symptom
herb_id_46,symptom_id_179,relieves_symptom,symptom
herb_id_46,symptom_id_1096,relieves_symptom,symptom
herb_id_46,symptom_id_2134,relieves_symptom,symptom
herb_id_46,symptom_id_2229,relieves_symptom,symptom
herb_id_47,symptom_id_2599,relieves_symptom,symptom
herb_id_47,symptom_id_4003,relieves_symptom,symptom
herb_id_47,symptom_id_2543,relieves_symptom,symptom
herb_id_47,symptom_id_737,relieves_symptom,symptom
herb_id_47,symptom_id_3955,relieves_symptom,symptom
herb_id_47,symptom_id_4319,relieves_symptom,symptom
herb_id_47,symptom_id_3784,relieves_symptom,symptom
herb_id_47,symptom_id_141,relieves_symptom,symptom
herb_id_48,symptom_id_101,relieves_symptom,symptom
herb_id_48,symptom_id_119,relieves_symptom,symptom
herb_id_48,symptom_id_558,relieves_symptom,symptom
herb_id_48,symptom_id_782,relieves_symptom,symptom
herb_id_48,symptom_id_1613,relieves_symptom,symptom
herb_id_48,symptom_id_1743,relieves_symptom,symptom
herb_id_48,symptom_id_2124,relieves_symptom,symptom
herb_id_48,symptom_id_2796,relieves_symptom,symptom
herb_id_48,symptom_id_2951,relieves_symptom,symptom
herb_id_48,symptom_id_3131,relieves_symptom,symptom
herb_id_49,symptom_id_274,relieves_symptom,symptom
herb_id_49,symptom_id_1187,relieves_symptom,symptom
herb_id_49,symptom_id_2779,relieves_symptom,symptom
herb_id_49,symptom_id_2802,relieves_symptom,symptom
herb_id_49,symptom_id_2817,relieves_symptom,symptom
herb_id_49,symptom_id_3116,relieves_symptom,symptom
herb_id_50,symptom_id_798,relieves_symptom,symptom
herb_id_50,symptom_id_127,relieves_symptom,symptom
herb_id_50,symptom_id_2222,relieves_symptom,symptom
herb_id_50,symptom_id_2281,relieves_symptom,symptom
herb_id_50,symptom_id_2785,relieves_symptom,symptom
herb_id_50,symptom_id_1192,relieves_symptom,symptom
herb_id_51,symptom_id_4735,relieves_symptom,symptom
herb_id_51,symptom_id_3210,relieves_symptom,symptom
herb_id_51,symptom_id_3989,relieves_symptom,symptom
herb_id_51,symptom_id_2226,relieves_symptom,symptom
herb_id_51,symptom_id_1493,relieves_symptom,symptom
herb_id_51,symptom_id_663,relieves_symptom,symptom
herb_id_51,symptom_id_4100,relieves_symptom,symptom
herb_id_51,symptom_id_280,relieves_symptom,symptom
herb_id_51,symptom_id_1435,relieves_symptom,symptom
herb_id_51,symptom_id_1802,relieves_symptom,symptom
herb_id_51,symptom_id_3745,relieves_symptom,symptom
herb_id_51,symptom_id_2505,relieves_symptom,symptom
herb_id_51,symptom_id_2270,relieves_symptom,symptom
herb_id_52,symptom_id_4007,relieves_symptom,symptom
herb_id_52,symptom_id_688,relieves_symptom,symptom
herb_id_52,symptom_id_3859,relieves_symptom,symptom
herb_id_52,symptom_id_3342,relieves_symptom,symptom
herb_id_52,symptom_id_3757,relieves_symptom,symptom
herb_id_52,symptom_id_2554,relieves_symptom,symptom
herb_id_53,symptom_id_3091,relieves_symptom,symptom
herb_id_53,symptom_id_3573,relieves_symptom,symptom
herb_id_53,symptom_id_192,relieves_symptom,symptom
herb_id_53,symptom_id_4088,relieves_symptom,symptom
herb_id_53,symptom_id_4217,relieves_symptom,symptom
herb_id_53,symptom_id_4299,relieves_symptom,symptom
herb_id_53,symptom_id_2483,relieves_symptom,symptom
herb_id_54,symptom_id_2115,relieves_symptom,symptom
herb_id_54,symptom_id_1640,relieves_symptom,symptom
herb_id_54,symptom_id_2487,relieves_symptom,symptom
herb_id_54,symptom_id_4217,relieves_symptom,symptom
herb_id_54,symptom_id_2526,relieves_symptom,symptom
herb_id_54,symptom_id_209,relieves_symptom,symptom
herb_id_55,symptom_id_1460,relieves_symptom,symptom
herb_id_55,symptom_id_2817,relieves_symptom,symptom
herb_id_55,symptom_id_3133,relieves_symptom,symptom
herb_id_55,symptom_id_3238,relieves_symptom,symptom
herb_id_55,symptom_id_3785,relieves_symptom,symptom
herb_id_55,symptom_id_4098,relieves_symptom,symptom
herb_id_55,symptom_id_4505,relieves_symptom,symptom
herb_id_55,symptom_id_4701,relieves_symptom,symptom
herb_id_56,symptom_id_363,relieves_symptom,symptom
herb_id_56,symptom_id_1275,relieves_symptom,symptom
herb_id_56,symptom_id_1636,relieves_symptom,symptom
herb_id_56,symptom_id_4539,relieves_symptom,symptom
herb_id_56,symptom_id_4718,relieves_symptom,symptom
herb_id_57,symptom_id_118,relieves_symptom,symptom
herb_id_57,symptom_id_1614,relieves_symptom,symptom
herb_id_57,symptom_id_299,relieves_symptom,symptom
herb_id_57,symptom_id_874,relieves_symptom,symptom
herb_id_57,symptom_id_2635,relieves_symptom,symptom
herb_id_57,symptom_id_2924,relieves_symptom,symptom
herb_id_58,symptom_id_363,relieves_symptom,symptom
herb_id_58,symptom_id_1275,relieves_symptom,symptom
herb_id_58,symptom_id_1636,relieves_symptom,symptom
herb_id_58,symptom_id_4539,relieves_symptom,symptom
herb_id_58,symptom_id_4718,relieves_symptom,symptom
herb_id_59,symptom_id_304,relieves_symptom,symptom
herb_id_59,symptom_id_742,relieves_symptom,symptom
herb_id_59,symptom_id_1152,relieves_symptom,symptom
herb_id_59,symptom_id_2493,relieves_symptom,symptom
herb_id_59,symptom_id_2560,relieves_symptom,symptom
herb_id_60,symptom_id_190,relieves_symptom,symptom
herb_id_60,symptom_id_1249,relieves_symptom,symptom
herb_id_60,symptom_id_1268,relieves_symptom,symptom
herb_id_60,symptom_id_1613,relieves_symptom,symptom
herb_id_60,symptom_id_1648,relieves_symptom,symptom
herb_id_60,symptom_id_3240,relieves_symptom,symptom
herb_id_60,symptom_id_3351,relieves_symptom,symptom
herb_id_60,symptom_id_3534,relieves_symptom,symptom
herb_id_60,symptom_id_3668,relieves_symptom,symptom
herb_id_60,symptom_id_4006,relieves_symptom,symptom
herb_id_60,symptom_id_4324,relieves_symptom,symptom
herb_id_60,symptom_id_4337,relieves_symptom,symptom
herb_id_61,symptom_id_4279,relieves_symptom,symptom
herb_id_61,symptom_id_4278,relieves_symptom,symptom
herb_id_61,symptom_id_2516,relieves_symptom,symptom
herb_id_61,symptom_id_3715,relieves_symptom,symptom
herb_id_61,symptom_id_3443,relieves_symptom,symptom
herb_id_61,symptom_id_472,relieves_symptom,symptom
herb_id_62,symptom_id_736,relieves_symptom,symptom
herb_id_62,symptom_id_2560,relieves_symptom,symptom
herb_id_62,symptom_id_2581,relieves_symptom,symptom
herb_id_62,symptom_id_4561,relieves_symptom,symptom
herb_id_63,symptom_id_3314,relieves_symptom,symptom
herb_id_63,symptom_id_4683,relieves_symptom,symptom
herb_id_63,symptom_id_1169,relieves_symptom,symptom
herb_id_63,symptom_id_3133,relieves_symptom,symptom
herb_id_63,symptom_id_3803,relieves_symptom,symptom
herb_id_63,symptom_id_3926,relieves_symptom,symptom
herb_id_63,symptom_id_1596,relieves_symptom,symptom
herb_id_63,symptom_id_2796,relieves_symptom,symptom
herb_id_64,symptom_id_4534,relieves_symptom,symptom
herb_id_64,symptom_id_740,relieves_symptom,symptom
herb_id_64,symptom_id_2560,relieves_symptom,symptom
herb_id_64,symptom_id_692,relieves_symptom,symptom
herb_id_64,symptom_id_4619,relieves_symptom,symptom
herb_id_64,symptom_id_3677,relieves_symptom,symptom
herb_id_65,symptom_id_425,relieves_symptom,symptom
herb_id_65,symptom_id_786,relieves_symptom,symptom
herb_id_65,symptom_id_2343,relieves_symptom,symptom
herb_id_65,symptom_id_2591,relieves_symptom,symptom
herb_id_65,symptom_id_3301,relieves_symptom,symptom
herb_id_65,symptom_id_3455,relieves_symptom,symptom
herb_id_66,symptom_id_4554,relieves_symptom,symptom
herb_id_66,symptom_id_3249,relieves_symptom,symptom
herb_id_66,symptom_id_2998,relieves_symptom,symptom
herb_id_66,symptom_id_3418,relieves_symptom,symptom
herb_id_66,symptom_id_2496,relieves_symptom,symptom
herb_id_67,symptom_id_1674,relieves_symptom,symptom
herb_id_67,symptom_id_2805,relieves_symptom,symptom
herb_id_67,symptom_id_2792,relieves_symptom,symptom
herb_id_67,symptom_id_219,relieves_symptom,symptom
herb_id_67,symptom_id_3989,relieves_symptom,symptom
herb_id_67,symptom_id_1135,relieves_symptom,symptom
herb_id_67,symptom_id_1802,relieves_symptom,symptom
herb_id_67,symptom_id_3210,relieves_symptom,symptom
herb_id_67,symptom_id_4733,relieves_symptom,symptom
herb_id_67,symptom_id_2198,relieves_symptom,symptom
herb_id_67,symptom_id_2082,relieves_symptom,symptom
herb_id_67,symptom_id_4168,relieves_symptom,symptom
herb_id_67,symptom_id_2503,relieves_symptom,symptom
herb_id_67,symptom_id_1512,relieves_symptom,symptom
herb_id_67,symptom_id_123,relieves_symptom,symptom
herb_id_67,symptom_id_2270,relieves_symptom,symptom
herb_id_67,symptom_id_2324,relieves_symptom,symptom
herb_id_67,symptom_id_2292,relieves_symptom,symptom
herb_id_68,symptom_id_558,relieves_symptom,symptom
herb_id_68,symptom_id_782,relieves_symptom,symptom
herb_id_68,symptom_id_1240,relieves_symptom,symptom
herb_id_68,symptom_id_3715,relieves_symptom,symptom
herb_id_68,symptom_id_4313,relieves_symptom,symptom
herb_id_68,symptom_id_4562,relieves_symptom,symptom
herb_id_68,symptom_id_4716,relieves_symptom,symptom
herb_id_68,symptom_id_4783,relieves_symptom,symptom
herb_id_69,symptom_id_690,relieves_symptom,symptom
herb_id_69,symptom_id_740,relieves_symptom,symptom
herb_id_69,symptom_id_1187,relieves_symptom,symptom
herb_id_69,symptom_id_2065,relieves_symptom,symptom
herb_id_69,symptom_id_2274,relieves_symptom,symptom
herb_id_69,symptom_id_2507,relieves_symptom,symptom
herb_id_69,symptom_id_2550,relieves_symptom,symptom
herb_id_69,symptom_id_2560,relieves_symptom,symptom
herb_id_69,symptom_id_2602,relieves_symptom,symptom
herb_id_69,symptom_id_3562,relieves_symptom,symptom
herb_id_69,symptom_id_4570,relieves_symptom,symptom
herb_id_69,symptom_id_2817,relieves_symptom,symptom
herb_id_70,symptom_id_2162,relieves_symptom,symptom
herb_id_70,symptom_id_742,relieves_symptom,symptom
herb_id_71,symptom_id_663,relieves_symptom,symptom
herb_id_71,symptom_id_4100,relieves_symptom,symptom
herb_id_71,symptom_id_4075,relieves_symptom,symptom
herb_id_71,symptom_id_4176,relieves_symptom,symptom
herb_id_71,symptom_id_4733,relieves_symptom,symptom
herb_id_71,symptom_id_773,relieves_symptom,symptom
herb_id_71,symptom_id_3310,relieves_symptom,symptom
herb_id_71,symptom_id_2414,relieves_symptom,symptom
herb_id_71,symptom_id_2635,relieves_symptom,symptom
herb_id_71,symptom_id_2438,relieves_symptom,symptom
herb_id_71,symptom_id_2642,relieves_symptom,symptom
herb_id_71,symptom_id_4213,relieves_symptom,symptom
herb_id_71,symptom_id_4039,relieves_symptom,symptom
herb_id_72,symptom_id_1507,relieves_symptom,symptom
herb_id_72,symptom_id_2609,relieves_symptom,symptom
herb_id_72,symptom_id_2128,relieves_symptom,symptom
herb_id_72,symptom_id_2311,relieves_symptom,symptom
herb_id_72,symptom_id_3301,relieves_symptom,symptom
herb_id_72,symptom_id_3455,relieves_symptom,symptom
herb_id_72,symptom_id_4350,relieves_symptom,symptom
herb_id_72,symptom_id_4590,relieves_symptom,symptom
herb_id_73,symptom_id_274,relieves_symptom,symptom
herb_id_73,symptom_id_649,relieves_symptom,symptom
herb_id_73,symptom_id_2254,relieves_symptom,symptom
herb_id_73,symptom_id_2598,relieves_symptom,symptom
herb_id_73,symptom_id_3859,relieves_symptom,symptom
herb_id_73,symptom_id_4621,relieves_symptom,symptom
herb_id_74,symptom_id_3195,relieves_symptom,symptom
herb_id_74,symptom_id_3563,relieves_symptom,symptom
herb_id_74,symptom_id_4599,relieves_symptom,symptom
herb_id_74,symptom_id_3049,relieves_symptom,symptom
herb_id_74,symptom_id_1759,relieves_symptom,symptom
herb_id_74,symptom_id_742,relieves_symptom,symptom
herb_id_75,symptom_id_1616,relieves_symptom,symptom
herb_id_75,symptom_id_1651,relieves_symptom,symptom
herb_id_75,symptom_id_1152,relieves_symptom,symptom
herb_id_75,symptom_id_3310,relieves_symptom,symptom
herb_id_75,symptom_id_2452,relieves_symptom,symptom
herb_id_75,symptom_id_4205,relieves_symptom,symptom
herb_id_76,symptom_id_1651,relieves_symptom,symptom
herb_id_76,symptom_id_1152,relieves_symptom,symptom
herb_id_76,symptom_id_304,relieves_symptom,symptom
herb_id_76,symptom_id_3595,relieves_symptom,symptom
herb_id_76,symptom_id_3045,relieves_symptom,symptom
herb_id_76,symptom_id_4559,relieves_symptom,symptom
herb_id_76,symptom_id_4121,relieves_symptom,symptom
herb_id_76,symptom_id_3757,relieves_symptom,symptom
herb_id_76,symptom_id_4210,relieves_symptom,symptom
herb_id_77,symptom_id_2334,relieves_symptom,symptom
herb_id_77,symptom_id_4075,relieves_symptom,symptom
herb_id_77,symptom_id_2134,relieves_symptom,symptom
herb_id_77,symptom_id_2162,relieves_symptom,symptom
herb_id_77,symptom_id_2420,relieves_symptom,symptom
herb_id_77,symptom_id_2446,relieves_symptom,symptom
herb_id_77,symptom_id_2805,relieves_symptom,symptom
herb_id_77,symptom_id_2833,relieves_symptom,symptom
herb_id_77,symptom_id_1070,relieves_symptom,symptom
herb_id_77,symptom_id_363,relieves_symptom,symptom
herb_id_77,symptom_id_152,relieves_symptom,symptom
herb_id_78,symptom_id_460,relieves_symptom,symptom
herb_id_78,symptom_id_691,relieves_symptom,symptom
herb_id_78,symptom_id_1269,relieves_symptom,symptom
herb_id_78,symptom_id_1274,relieves_symptom,symptom
herb_id_78,symptom_id_3845,relieves_symptom,symptom
herb_id_78,symptom_id_2162,relieves_symptom,symptom
herb_id_78,symptom_id_3085,relieves_symptom,symptom
herb_id_78,symptom_id_3677,relieves_symptom,symptom
herb_id_79,symptom_id_179,relieves_symptom,symptom
herb_id_79,symptom_id_2136,relieves_symptom,symptom
herb_id_79,symptom_id_2505,relieves_symptom,symptom
herb_id_80,symptom_id_2624,relieves_symptom,symptom
herb_id_80,symptom_id_2650,relieves_symptom,symptom
herb_id_80,symptom_id_2993,relieves_symptom,symptom
herb_id_81,symptom_id_3551,relieves_symptom,symptom
herb_id_81,symptom_id_3677,relieves_symptom,symptom
herb_id_81,symptom_id_696,relieves_symptom,symptom
herb_id_81,symptom_id_3543,relieves_symptom,symptom
herb_id_81,symptom_id_1455,relieves_symptom,symptom
herb_id_81,symptom_id_3486,relieves_symptom,symptom
herb_id_82,symptom_id_1286,relieves_symptom,symptom
herb_id_82,symptom_id_2344,relieves_symptom,symptom
herb_id_82,symptom_id_2351,relieves_symptom,symptom
herb_id_82,symptom_id_2500,relieves_symptom,symptom
herb_id_82,symptom_id_2653,relieves_symptom,symptom
herb_id_82,symptom_id_3087,relieves_symptom,symptom
herb_id_82,symptom_id_4733,relieves_symptom,symptom
herb_id_83,symptom_id_2066,relieves_symptom,symptom
herb_id_83,symptom_id_2155,relieves_symptom,symptom
herb_id_83,symptom_id_2259,relieves_symptom,symptom
herb_id_83,symptom_id_2432,relieves_symptom,symptom
herb_id_83,symptom_id_2500,relieves_symptom,symptom
herb_id_83,symptom_id_2635,relieves_symptom,symptom
herb_id_83,symptom_id_2997,relieves_symptom,symptom
herb_id_83,symptom_id_3234,relieves_symptom,symptom
herb_id_84,symptom_id_167,relieves_symptom,symptom
herb_id_84,symptom_id_2638,relieves_symptom,symptom
herb_id_84,symptom_id_2444,relieves_symptom,symptom
herb_id_84,symptom_id_4041,relieves_symptom,symptom
herb_id_85,symptom_id_210,relieves_symptom,symptom
herb_id_85,symptom_id_2650,relieves_symptom,symptom
herb_id_85,symptom_id_2985,relieves_symptom,symptom
herb_id_85,symptom_id_3845,relieves_symptom,symptom
herb_id_85,symptom_id_4091,relieves_symptom,symptom
herb_id_85,symptom_id_4217,relieves_symptom,symptom
herb_id_86,symptom_id_123,relieves_symptom,symptom
herb_id_86,symptom_id_2081,relieves_symptom,symptom
herb_id_86,symptom_id_2416,relieves_symptom,symptom
herb_id_86,symptom_id_2489,relieves_symptom,symptom
herb_id_87,symptom_id_4554,relieves_symptom,symptom
herb_id_87,symptom_id_421,relieves_symptom,symptom
herb_id_87,symptom_id_3757,relieves_symptom,symptom
herb_id_88,symptom_id_280,relieves_symptom,symptom
herb_id_88,symptom_id_1458,relieves_symptom,symptom
herb_id_88,symptom_id_2133,relieves_symptom,symptom
herb_id_88,symptom_id_2505,relieves_symptom,symptom
herb_id_88,symptom_id_2524,relieves_symptom,symptom
herb_id_88,symptom_id_4086,relieves_symptom,symptom
herb_id_89,symptom_id_280,relieves_symptom,symptom
herb_id_89,symptom_id_1458,relieves_symptom,symptom
herb_id_89,symptom_id_2133,relieves_symptom,symptom
herb_id_89,symptom_id_2505,relieves_symptom,symptom
herb_id_89,symptom_id_2524,relieves_symptom,symptom
herb_id_89,symptom_id_4086,relieves_symptom,symptom
herb_id_90,symptom_id_1312,relieves_symptom,symptom
herb_id_90,symptom_id_2270,relieves_symptom,symptom
herb_id_90,symptom_id_2739,relieves_symptom,symptom
herb_id_90,symptom_id_4343,relieves_symptom,symptom
herb_id_90,symptom_id_4566,relieves_symptom,symptom
herb_id_91,symptom_id_3989,relieves_symptom,symptom
herb_id_91,symptom_id_3210,relieves_symptom,symptom
herb_id_91,symptom_id_755,relieves_symptom,symptom
herb_id_91,symptom_id_663,relieves_symptom,symptom
herb_id_91,symptom_id_280,relieves_symptom,symptom
herb_id_91,symptom_id_1458,relieves_symptom,symptom
herb_id_91,symptom_id_1035,relieves_symptom,symptom
herb_id_91,symptom_id_2267,relieves_symptom,symptom
herb_id_91,symptom_id_164,relieves_symptom,symptom
herb_id_91,symptom_id_2502,relieves_symptom,symptom
herb_id_91,symptom_id_4219,relieves_symptom,symptom
herb_id_92,symptom_id_383,relieves_symptom,symptom
herb_id_92,symptom_id_737,relieves_symptom,symptom
herb_id_92,symptom_id_3299,relieves_symptom,symptom
herb_id_92,symptom_id_4100,relieves_symptom,symptom
herb_id_92,symptom_id_4352,relieves_symptom,symptom
herb_id_92,symptom_id_4684,relieves_symptom,symptom
herb_id_93,symptom_id_383,relieves_symptom,symptom
herb_id_93,symptom_id_667,relieves_symptom,symptom
herb_id_93,symptom_id_2180,relieves_symptom,symptom
herb_id_93,symptom_id_2234,relieves_symptom,symptom
herb_id_93,symptom_id_2325,relieves_symptom,symptom
herb_id_93,symptom_id_2340,relieves_symptom,symptom
herb_id_93,symptom_id_3976,relieves_symptom,symptom
herb_id_93,symptom_id_4351,relieves_symptom,symptom
herb_id_93,symptom_id_4681,relieves_symptom,symptom
herb_id_94,symptom_id_366,relieves_symptom,symptom
herb_id_94,symptom_id_439,relieves_symptom,symptom
herb_id_94,symptom_id_1754,relieves_symptom,symptom
herb_id_94,symptom_id_2135,relieves_symptom,symptom
herb_id_94,symptom_id_3238,relieves_symptom,symptom
herb_id_94,symptom_id_3300,relieves_symptom,symptom
herb_id_94,symptom_id_4700,relieves_symptom,symptom
herb_id_95,symptom_id_2267,relieves_symptom,symptom
herb_id_95,symptom_id_1286,relieves_symptom,symptom
herb_id_95,symptom_id_2506,relieves_symptom,symptom
herb_id_95,symptom_id_1678,relieves_symptom,symptom
herb_id_95,symptom_id_1775,relieves_symptom,symptom
herb_id_96,symptom_id_663,relieves_symptom,symptom
herb_id_96,symptom_id_1035,relieves_symptom,symptom
herb_id_96,symptom_id_1435,relieves_symptom,symptom
herb_id_96,symptom_id_1459,relieves_symptom,symptom
herb_id_96,symptom_id_2376,relieves_symptom,symptom
herb_id_96,symptom_id_2817,relieves_symptom,symptom
herb_id_96,symptom_id_3133,relieves_symptom,symptom
herb_id_96,symptom_id_3193,relieves_symptom,symptom
herb_id_96,symptom_id_3785,relieves_symptom,symptom
herb_id_96,symptom_id_4080,relieves_symptom,symptom
herb_id_96,symptom_id_4086,relieves_symptom,symptom
herb_id_96,symptom_id_4100,relieves_symptom,symptom
herb_id_96,symptom_id_4349,relieves_symptom,symptom
herb_id_96,symptom_id_4505,relieves_symptom,symptom
herb_id_97,symptom_id_160,relieves_symptom,symptom
herb_id_97,symptom_id_167,relieves_symptom,symptom
herb_id_97,symptom_id_169,relieves_symptom,symptom
herb_id_97,symptom_id_1187,relieves_symptom,symptom
herb_id_97,symptom_id_2635,relieves_symptom,symptom
herb_id_97,symptom_id_2640,relieves_symptom,symptom
herb_id_97,symptom_id_2782,relieves_symptom,symptom
herb_id_97,symptom_id_2805,relieves_symptom,symptom
herb_id_97,symptom_id_2817,relieves_symptom,symptom
herb_id_98,symptom_id_1984,relieves_symptom,symptom
herb_id_98,symptom_id_2134,relieves_symptom,symptom
herb_id_98,symptom_id_2593,relieves_symptom,symptom
herb_id_99,symptom_id_145,relieves_symptom,symptom
herb_id_99,symptom_id_270,relieves_symptom,symptom
herb_id_99,symptom_id_3610,relieves_symptom,symptom
herb_id_99,symptom_id_3734,relieves_symptom,symptom
herb_id_99,symptom_id_4586,relieves_symptom,symptom
herb_id_100,symptom_id_1079,relieves_symptom,symptom
herb_id_100,symptom_id_1286,relieves_symptom,symptom
herb_id_100,symptom_id_2136,relieves_symptom,symptom
herb_id_100,symptom_id_2279,relieves_symptom,symptom
herb_id_100,symptom_id_3679,relieves_symptom,symptom
herb_id_100,symptom_id_3699,relieves_symptom,symptom
herb_id_101,symptom_id_663,relieves_symptom,symptom
herb_id_101,symptom_id_4100,relieves_symptom,symptom
herb_id_101,symptom_id_1435,relieves_symptom,symptom
herb_id_101,symptom_id_4075,relieves_symptom,symptom
herb_id_101,symptom_id_4066,relieves_symptom,symptom
herb_id_101,symptom_id_1493,relieves_symptom,symptom
herb_id_101,symptom_id_3219,relieves_symptom,symptom
herb_id_101,symptom_id_3213,relieves_symptom,symptom
herb_id_101,symptom_id_2486,relieves_symptom,symptom
herb_id_101,symptom_id_2414,relieves_symptom,symptom
herb_id_102,symptom_id_1686,relieves_symptom,symptom
herb_id_102,symptom_id_1787,relieves_symptom,symptom
herb_id_102,symptom_id_4554,relieves_symptom,symptom
herb_id_102,symptom_id_4176,relieves_symptom,symptom
herb_id_102,symptom_id_4075,relieves_symptom,symptom
herb_id_102,symptom_id_2009,relieves_symptom,symptom
herb_id_102,symptom_id_2464,relieves_symptom,symptom
herb_id_102,symptom_id_4032,relieves_symptom,symptom
herb_id_102,symptom_id_4206,relieves_symptom,symptom
herb_id_103,symptom_id_485,relieves_symptom,symptom
herb_id_103,symptom_id_1286,relieves_symptom,symptom
herb_id_103,symptom_id_1993,relieves_symptom,symptom
herb_id_103,symptom_id_3237,relieves_symptom,symptom
herb_id_103,symptom_id_3595,relieves_symptom,symptom
herb_id_103,symptom_id_3656,relieves_symptom,symptom
herb_id_104,symptom_id_123,relieves_symptom,symptom
herb_id_104,symptom_id_476,relieves_symptom,symptom
herb_id_104,symptom_id_873,relieves_symptom,symptom
herb_id_104,symptom_id_2242,relieves_symptom,symptom
herb_id_104,symptom_id_2473,relieves_symptom,symptom
herb_id_104,symptom_id_2500,relieves_symptom,symptom
herb_id_104,symptom_id_2951,relieves_symptom,symptom
herb_id_105,symptom_id_210,relieves_symptom,symptom
herb_id_105,symptom_id_274,relieves_symptom,symptom
herb_id_105,symptom_id_1247,relieves_symptom,symptom
herb_id_105,symptom_id_1438,relieves_symptom,symptom
herb_id_105,symptom_id_2134,relieves_symptom,symptom
herb_id_105,symptom_id_2230,relieves_symptom,symptom
herb_id_105,symptom_id_2263,relieves_symptom,symptom
herb_id_105,symptom_id_2323,relieves_symptom,symptom
herb_id_105,symptom_id_2502,relieves_symptom,symptom
herb_id_105,symptom_id_2624,relieves_symptom,symptom
herb_id_105,symptom_id_2799,relieves_symptom,symptom
herb_id_105,symptom_id_3845,relieves_symptom,symptom
herb_id_105,symptom_id_4082,relieves_symptom,symptom
herb_id_105,symptom_id_4217,relieves_symptom,symptom
herb_id_105,symptom_id_4733,relieves_symptom,symptom
herb_id_106,symptom_id_3418,relieves_symptom,symptom
herb_id_106,symptom_id_2424,relieves_symptom,symptom
herb_id_106,symptom_id_1227,relieves_symptom,symptom
herb_id_106,symptom_id_192,relieves_symptom,symptom
herb_id_106,symptom_id_4072,relieves_symptom,symptom
herb_id_106,symptom_id_4550,relieves_symptom,symptom
herb_id_107,symptom_id_383,relieves_symptom,symptom
herb_id_107,symptom_id_786,relieves_symptom,symptom
herb_id_107,symptom_id_2343,relieves_symptom,symptom
herb_id_107,symptom_id_3212,relieves_symptom,symptom
herb_id_107,symptom_id_3307,relieves_symptom,symptom
herb_id_107,symptom_id_3784,relieves_symptom,symptom
herb_id_107,symptom_id_4510,relieves_symptom,symptom
herb_id_107,symptom_id_4683,relieves_symptom,symptom
herb_id_108,symptom_id_2500,relieves_symptom,symptom
herb_id_108,symptom_id_4040,relieves_symptom,symptom
herb_id_109,symptom_id_742,relieves_symptom,symptom
herb_id_109,symptom_id_2560,relieves_symptom,symptom
herb_id_109,symptom_id_2091,relieves_symptom,symptom
herb_id_109,symptom_id_2703,relieves_symptom,symptom
herb_id_109,symptom_id_1753,relieves_symptom,symptom
herb_id_109,symptom_id_4716,relieves_symptom,symptom
herb_id_109,symptom_id_4217,relieves_symptom,symptom
herb_id_109,symptom_id_1035,relieves_symptom,symptom
herb_id_110,symptom_id_4560,relieves_symptom,symptom
herb_id_110,symptom_id_1187,relieves_symptom,symptom
herb_id_110,symptom_id_3299,relieves_symptom,symptom
herb_id_110,symptom_id_2267,relieves_symptom,symptom
herb_id_110,symptom_id_4554,relieves_symptom,symptom
herb_id_110,symptom_id_2302,relieves_symptom,symptom
herb_id_110,symptom_id_2441,relieves_symptom,symptom
herb_id_110,symptom_id_2635,relieves_symptom,symptom
herb_id_111,symptom_id_121,relieves_symptom,symptom
herb_id_111,symptom_id_1064,relieves_symptom,symptom
herb_id_111,symptom_id_1875,relieves_symptom,symptom
herb_id_111,symptom_id_2346,relieves_symptom,symptom
herb_id_111,symptom_id_2582,relieves_symptom,symptom
herb_id_112,symptom_id_383,relieves_symptom,symptom
herb_id_112,symptom_id_2344,relieves_symptom,symptom
herb_id_112,symptom_id_2444,relieves_symptom,symptom
herb_id_112,symptom_id_3301,relieves_symptom,symptom
herb_id_113,symptom_id_2500,relieves_symptom,symptom
herb_id_113,symptom_id_2635,relieves_symptom,symptom
herb_id_113,symptom_id_2414,relieves_symptom,symptom
herb_id_113,symptom_id_2226,relieves_symptom,symptom
herb_id_113,symptom_id_1493,relieves_symptom,symptom
herb_id_113,symptom_id_3322,relieves_symptom,symptom
herb_id_113,symptom_id_742,relieves_symptom,symptom
herb_id_113,symptom_id_2422,relieves_symptom,symptom
herb_id_113,symptom_id_2657,relieves_symptom,symptom
herb_id_113,symptom_id_1755,relieves_symptom,symptom
herb_id_113,symptom_id_2515,relieves_symptom,symptom
herb_id_113,symptom_id_4217,relieves_symptom,symptom
herb_id_113,symptom_id_2081,relieves_symptom,symptom
herb_id_114,symptom_id_1187,relieves_symptom,symptom
herb_id_114,symptom_id_1755,relieves_symptom,symptom
herb_id_114,symptom_id_1839,relieves_symptom,symptom
herb_id_114,symptom_id_2659,relieves_symptom,symptom
herb_id_114,symptom_id_2817,relieves_symptom,symptom
herb_id_114,symptom_id_2924,relieves_symptom,symptom
herb_id_114,symptom_id_3238,relieves_symptom,symptom
herb_id_114,symptom_id_4554,relieves_symptom,symptom
herb_id_115,symptom_id_2128,relieves_symptom,symptom
herb_id_115,symptom_id_2475,relieves_symptom,symptom
herb_id_115,symptom_id_3307,relieves_symptom,symptom
herb_id_115,symptom_id_3736,relieves_symptom,symptom
herb_id_115,symptom_id_3954,relieves_symptom,symptom
herb_id_115,symptom_id_4599,relieves_symptom,symptom
herb_id_116,symptom_id_2626,relieves_symptom,symptom
herb_id_116,symptom_id_3559,relieves_symptom,symptom
herb_id_116,symptom_id_3845,relieves_symptom,symptom
herb_id_116,symptom_id_2526,relieves_symptom,symptom
herb_id_117,symptom_id_383,relieves_symptom,symptom
herb_id_117,symptom_id_2779,relieves_symptom,symptom
herb_id_117,symptom_id_2817,relieves_symptom,symptom
herb_id_117,symptom_id_3133,relieves_symptom,symptom
herb_id_117,symptom_id_3193,relieves_symptom,symptom
herb_id_117,symptom_id_3785,relieves_symptom,symptom
herb_id_117,symptom_id_4505,relieves_symptom,symptom
herb_id_117,symptom_id_4683,relieves_symptom,symptom
herb_id_118,symptom_id_2596,relieves_symptom,symptom
herb_id_118,symptom_id_3445,relieves_symptom,symptom
herb_id_119,symptom_id_1710,relieves_symptom,symptom
herb_id_119,symptom_id_688,relieves_symptom,symptom
herb_id_119,symptom_id_742,relieves_symptom,symptom
herb_id_119,symptom_id_2560,relieves_symptom,symptom
herb_id_120,symptom_id_663,relieves_symptom,symptom
herb_id_120,symptom_id_686,relieves_symptom,symptom
herb_id_120,symptom_id_1458,relieves_symptom,symptom
herb_id_120,symptom_id_1715,relieves_symptom,symptom
herb_id_120,symptom_id_1753,relieves_symptom,symptom
herb_id_120,symptom_id_2310,relieves_symptom,symptom
herb_id_120,symptom_id_688,relieves_symptom,symptom
herb_id_120,symptom_id_740,relieves_symptom,symptom
herb_id_120,symptom_id_2811,relieves_symptom,symptom
herb_id_120,symptom_id_4100,relieves_symptom,symptom
herb_id_121,symptom_id_1613,relieves_symptom,symptom
herb_id_121,symptom_id_2527,relieves_symptom,symptom
herb_id_121,symptom_id_3280,relieves_symptom,symptom
herb_id_121,symptom_id_3534,relieves_symptom,symptom
herb_id_121,symptom_id_3541,relieves_symptom,symptom
herb_id_121,symptom_id_4207,relieves_symptom,symptom
herb_id_121,symptom_id_4543,relieves_symptom,symptom
herb_id_122,symptom_id_1454,relieves_symptom,symptom
herb_id_122,symptom_id_2988,relieves_symptom,symptom
herb_id_122,symptom_id_3238,relieves_symptom,symptom
herb_id_122,symptom_id_4554,relieves_symptom,symptom
herb_id_123,symptom_id_3195,relieves_symptom,symptom
herb_id_123,symptom_id_3443,relieves_symptom,symptom
herb_id_123,symptom_id_3574,relieves_symptom,symptom
herb_id_124,symptom_id_2002,relieves_symptom,symptom
herb_id_124,symptom_id_1640,relieves_symptom,symptom
herb_id_124,symptom_id_4068,relieves_symptom,symptom
herb_id_124,symptom_id_1753,relieves_symptom,symptom
herb_id_124,symptom_id_4574,relieves_symptom,symptom
herb_id_124,symptom_id_3757,relieves_symptom,symptom
herb_id_125,symptom_id_2805,relieves_symptom,symptom
herb_id_125,symptom_id_1055,relieves_symptom,symptom
herb_id_125,symptom_id_4381,relieves_symptom,symptom
herb_id_125,symptom_id_2306,relieves_symptom,symptom
herb_id_126,symptom_id_123,relieves_symptom,symptom
herb_id_126,symptom_id_1448,relieves_symptom,symptom
herb_id_126,symptom_id_2134,relieves_symptom,symptom
herb_id_126,symptom_id_2324,relieves_symptom,symptom
herb_id_126,symptom_id_2370,relieves_symptom,symptom
herb_id_126,symptom_id_4128,relieves_symptom,symptom
herb_id_126,symptom_id_4690,relieves_symptom,symptom
herb_id_126,symptom_id_4751,relieves_symptom,symptom
herb_id_127,symptom_id_742,relieves_symptom,symptom
herb_id_127,symptom_id_782,relieves_symptom,symptom
herb_id_127,symptom_id_2091,relieves_symptom,symptom
herb_id_127,symptom_id_2331,relieves_symptom,symptom
herb_id_127,symptom_id_2569,relieves_symptom,symptom
herb_id_128,symptom_id_1169,relieves_symptom,symptom
herb_id_128,symptom_id_1152,relieves_symptom,symptom
herb_id_128,symptom_id_3317,relieves_symptom,symptom
herb_id_128,symptom_id_663,relieves_symptom,symptom
herb_id_128,symptom_id_4543,relieves_symptom,symptom
herb_id_128,symptom_id_4217,relieves_symptom,symptom
herb_id_128,symptom_id_2009,relieves_symptom,symptom
herb_id_129,symptom_id_649,relieves_symptom,symptom
herb_id_129,symptom_id_1274,relieves_symptom,symptom
herb_id_129,symptom_id_1385,relieves_symptom,symptom
herb_id_129,symptom_id_2526,relieves_symptom,symptom
herb_id_129,symptom_id_2903,relieves_symptom,symptom
herb_id_129,symptom_id_3677,relieves_symptom,symptom
herb_id_129,symptom_id_3845,relieves_symptom,symptom
herb_id_129,symptom_id_4586,relieves_symptom,symptom
herb_id_130,symptom_id_663,relieves_symptom,symptom
herb_id_130,symptom_id_4100,relieves_symptom,symptom
herb_id_130,symptom_id_1435,relieves_symptom,symptom
herb_id_130,symptom_id_4075,relieves_symptom,symptom
herb_id_130,symptom_id_280,relieves_symptom,symptom
herb_id_130,symptom_id_4066,relieves_symptom,symptom
herb_id_130,symptom_id_1666,relieves_symptom,symptom
herb_id_130,symptom_id_410,relieves_symptom,symptom
herb_id_130,symptom_id_2414,relieves_symptom,symptom
herb_id_130,symptom_id_2482,relieves_symptom,symptom
herb_id_131,symptom_id_280,relieves_symptom,symptom
herb_id_131,symptom_id_410,relieves_symptom,symptom
herb_id_131,symptom_id_663,relieves_symptom,symptom
herb_id_131,symptom_id_1435,relieves_symptom,symptom
herb_id_131,symptom_id_1666,relieves_symptom,symptom
herb_id_131,symptom_id_2414,relieves_symptom,symptom
herb_id_131,symptom_id_2482,relieves_symptom,symptom
herb_id_131,symptom_id_4066,relieves_symptom,symptom
herb_id_131,symptom_id_4075,relieves_symptom,symptom
herb_id_131,symptom_id_4100,relieves_symptom,symptom
herb_id_132,symptom_id_1286,relieves_symptom,symptom
herb_id_132,symptom_id_2230,relieves_symptom,symptom
herb_id_132,symptom_id_161,relieves_symptom,symptom
herb_id_133,symptom_id_742,relieves_symptom,symptom
herb_id_133,symptom_id_1759,relieves_symptom,symptom
herb_id_133,symptom_id_2009,relieves_symptom,symptom
herb_id_133,symptom_id_2526,relieves_symptom,symptom
herb_id_134,symptom_id_1035,relieves_symptom,symptom
herb_id_134,symptom_id_2175,relieves_symptom,symptom
herb_id_134,symptom_id_2214,relieves_symptom,symptom
herb_id_134,symptom_id_2310,relieves_symptom,symptom
herb_id_134,symptom_id_2324,relieves_symptom,symptom
herb_id_134,symptom_id_2500,relieves_symptom,symptom
herb_id_134,symptom_id_3610,relieves_symptom,symptom
herb_id_135,symptom_id_3668,relieves_symptom,symptom
herb_id_135,symptom_id_4543,relieves_symptom,symptom
herb_id_135,symptom_id_422,relieves_symptom,symptom
herb_id_135,symptom_id_4220,relieves_symptom,symptom
herb_id_135,symptom_id_2009,relieves_symptom,symptom
herb_id_136,symptom_id_2492,relieves_symptom,symptom
herb_id_136,symptom_id_2635,relieves_symptom,symptom
herb_id_136,symptom_id_874,relieves_symptom,symptom
herb_id_136,symptom_id_4039,relieves_symptom,symptom
herb_id_136,symptom_id_4031,relieves_symptom,symptom
herb_id_136,symptom_id_2390,relieves_symptom,symptom
herb_id_137,symptom_id_210,relieves_symptom,symptom
herb_id_137,symptom_id_1613,relieves_symptom,symptom
herb_id_137,symptom_id_1637,relieves_symptom,symptom
herb_id_137,symptom_id_2175,relieves_symptom,symptom
herb_id_137,symptom_id_2423,relieves_symptom,symptom
herb_id_137,symptom_id_2624,relieves_symptom,symptom
herb_id_137,symptom_id_3137,relieves_symptom,symptom
herb_id_137,symptom_id_3446,relieves_symptom,symptom
herb_id_137,symptom_id_3534,relieves_symptom,symptom
herb_id_137,symptom_id_3845,relieves_symptom,symptom
herb_id_137,symptom_id_4701,relieves_symptom,symptom
herb_id_138,symptom_id_383,relieves_symptom,symptom
herb_id_138,symptom_id_1141,relieves_symptom,symptom
herb_id_138,symptom_id_1449,relieves_symptom,symptom
herb_id_138,symptom_id_1460,relieves_symptom,symptom
herb_id_138,symptom_id_2817,relieves_symptom,symptom
herb_id_138,symptom_id_3133,relieves_symptom,symptom
herb_id_138,symptom_id_3784,relieves_symptom,symptom
herb_id_138,symptom_id_4278,relieves_symptom,symptom
herb_id_138,symptom_id_4279,relieves_symptom,symptom
herb_id_139,symptom_id_132,relieves_symptom,symptom
herb_id_139,symptom_id_1449,relieves_symptom,symptom
herb_id_139,symptom_id_1493,relieves_symptom,symptom
herb_id_139,symptom_id_3325,relieves_symptom,symptom
herb_id_139,symptom_id_3347,relieves_symptom,symptom
herb_id_139,symptom_id_3738,relieves_symptom,symptom
herb_id_139,symptom_id_4020,relieves_symptom,symptom
herb_id_140,symptom_id_383,relieves_symptom,symptom
herb_id_140,symptom_id_1141,relieves_symptom,symptom
herb_id_140,symptom_id_1449,relieves_symptom,symptom
herb_id_140,symptom_id_1460,relieves_symptom,symptom
herb_id_140,symptom_id_2817,relieves_symptom,symptom
herb_id_140,symptom_id_3133,relieves_symptom,symptom
herb_id_140,symptom_id_3784,relieves_symptom,symptom
herb_id_140,symptom_id_4278,relieves_symptom,symptom
herb_id_140,symptom_id_4279,relieves_symptom,symptom
herb_id_141,symptom_id_868,relieves_symptom,symptom
herb_id_141,symptom_id_878,relieves_symptom,symptom
herb_id_141,symptom_id_873,relieves_symptom,symptom
herb_id_141,symptom_id_2383,relieves_symptom,symptom
herb_id_141,symptom_id_891,relieves_symptom,symptom
herb_id_141,symptom_id_2327,relieves_symptom,symptom
herb_id_141,symptom_id_4733,relieves_symptom,symptom
herb_id_141,symptom_id_24,relieves_symptom,symptom
herb_id_141,symptom_id_2520,relieves_symptom,symptom
herb_id_141,symptom_id_2353,relieves_symptom,symptom
herb_id_141,symptom_id_2976,relieves_symptom,symptom
herb_id_141,symptom_id_2432,relieves_symptom,symptom
herb_id_141,symptom_id_4039,relieves_symptom,symptom
herb_id_141,symptom_id_4031,relieves_symptom,symptom
herb_id_141,symptom_id_2387,relieves_symptom,symptom
herb_id_142,symptom_id_3185,relieves_symptom,symptom
herb_id_142,symptom_id_4066,relieves_symptom,symptom
herb_id_142,symptom_id_3418,relieves_symptom,symptom
herb_id_142,symptom_id_4544,relieves_symptom,symptom
herb_id_142,symptom_id_2422,relieves_symptom,symptom
herb_id_142,symptom_id_3759,relieves_symptom,symptom
herb_id_142,symptom_id_2515,relieves_symptom,symptom
herb_id_142,symptom_id_2324,relieves_symptom,symptom
herb_id_143,symptom_id_1458,relieves_symptom,symptom
herb_id_143,symptom_id_1493,relieves_symptom,symptom
herb_id_143,symptom_id_2496,relieves_symptom,symptom
herb_id_143,symptom_id_2513,relieves_symptom,symptom
herb_id_143,symptom_id_3490,relieves_symptom,symptom
herb_id_143,symptom_id_3764,relieves_symptom,symptom
herb_id_143,symptom_id_4194,relieves_symptom,symptom
herb_id_143,symptom_id_4217,relieves_symptom,symptom
herb_id_143,symptom_id_4279,relieves_symptom,symptom
herb_id_143,symptom_id_4298,relieves_symptom,symptom
herb_id_144,symptom_id_2265,relieves_symptom,symptom
herb_id_144,symptom_id_2134,relieves_symptom,symptom
herb_id_144,symptom_id_2229,relieves_symptom,symptom
herb_id_144,symptom_id_161,relieves_symptom,symptom
herb_id_144,symptom_id_4305,relieves_symptom,symptom
herb_id_145,symptom_id_3224,relieves_symptom,symptom
herb_id_145,symptom_id_3539,relieves_symptom,symptom
herb_id_145,symptom_id_3677,relieves_symptom,symptom
herb_id_145,symptom_id_3834,relieves_symptom,symptom
herb_id_146,symptom_id_2423,relieves_symptom,symptom
herb_id_146,symptom_id_3201,relieves_symptom,symptom
herb_id_146,symptom_id_3539,relieves_symptom,symptom
herb_id_146,symptom_id_3677,relieves_symptom,symptom
herb_id_146,symptom_id_3845,relieves_symptom,symptom
herb_id_146,symptom_id_4033,relieves_symptom,symptom
herb_id_147,symptom_id_1437,relieves_symptom,symptom
herb_id_147,symptom_id_3091,relieves_symptom,symptom
herb_id_147,symptom_id_3495,relieves_symptom,symptom
herb_id_147,symptom_id_4187,relieves_symptom,symptom
herb_id_147,symptom_id_4206,relieves_symptom,symptom
herb_id_147,symptom_id_4554,relieves_symptom,symptom
herb_id_148,symptom_id_3764,relieves_symptom,symptom
herb_id_148,symptom_id_4194,relieves_symptom,symptom
herb_id_148,symptom_id_3490,relieves_symptom,symptom
herb_id_148,symptom_id_1458,relieves_symptom,symptom
herb_id_148,symptom_id_1493,relieves_symptom,symptom
herb_id_148,symptom_id_4279,relieves_symptom,symptom
herb_id_148,symptom_id_4217,relieves_symptom,symptom
herb_id_148,symptom_id_4298,relieves_symptom,symptom
herb_id_148,symptom_id_2513,relieves_symptom,symptom
herb_id_148,symptom_id_2496,relieves_symptom,symptom
herb_id_149,symptom_id_1187,relieves_symptom,symptom
herb_id_149,symptom_id_1927,relieves_symptom,symptom
herb_id_149,symptom_id_2009,relieves_symptom,symptom
herb_id_149,symptom_id_2494,relieves_symptom,symptom
herb_id_149,symptom_id_2627,relieves_symptom,symptom
herb_id_149,symptom_id_2630,relieves_symptom,symptom
herb_id_149,symptom_id_3089,relieves_symptom,symptom
herb_id_149,symptom_id_3541,relieves_symptom,symptom
herb_id_149,symptom_id_4207,relieves_symptom,symptom
herb_id_149,symptom_id_4373,relieves_symptom,symptom
herb_id_149,symptom_id_4533,relieves_symptom,symptom
herb_id_149,symptom_id_4554,relieves_symptom,symptom
herb_id_150,symptom_id_167,relieves_symptom,symptom
herb_id_150,symptom_id_1508,relieves_symptom,symptom
herb_id_150,symptom_id_2545,relieves_symptom,symptom
herb_id_150,symptom_id_2635,relieves_symptom,symptom
herb_id_150,symptom_id_3301,relieves_symptom,symptom
herb_id_150,symptom_id_3310,relieves_symptom,symptom
herb_id_150,symptom_id_4350,relieves_symptom,symptom
herb_id_151,symptom_id_1250,relieves_symptom,symptom
herb_id_151,symptom_id_1385,relieves_symptom,symptom
herb_id_151,symptom_id_2009,relieves_symptom,symptom
herb_id_151,symptom_id_2998,relieves_symptom,symptom
herb_id_151,symptom_id_4279,relieves_symptom,symptom
herb_id_151,symptom_id_4314,relieves_symptom,symptom
herb_id_151,symptom_id_4554,relieves_symptom,symptom
herb_id_152,symptom_id_1282,relieves_symptom,symptom
herb_id_152,symptom_id_176,relieves_symptom,symptom
herb_id_152,symptom_id_53,relieves_symptom,symptom
herb_id_152,symptom_id_179,relieves_symptom,symptom
herb_id_152,symptom_id_878,relieves_symptom,symptom
herb_id_152,symptom_id_873,relieves_symptom,symptom
herb_id_153,symptom_id_2426,relieves_symptom,symptom
herb_id_153,symptom_id_3509,relieves_symptom,symptom
herb_id_153,symptom_id_2604,relieves_symptom,symptom
herb_id_154,symptom_id_695,relieves_symptom,symptom
herb_id_154,symptom_id_1283,relieves_symptom,symptom
herb_id_154,symptom_id_3240,relieves_symptom,symptom
herb_id_154,symptom_id_3668,relieves_symptom,symptom
herb_id_155,symptom_id_2624,relieves_symptom,symptom
herb_id_155,symptom_id_2651,relieves_symptom,symptom
herb_id_155,symptom_id_3845,relieves_symptom,symptom
herb_id_155,symptom_id_4033,relieves_symptom,symptom
herb_id_156,symptom_id_663,relieves_symptom,symptom
herb_id_156,symptom_id_737,relieves_symptom,symptom
herb_id_156,symptom_id_742,relieves_symptom,symptom
herb_id_156,symptom_id_1693,relieves_symptom,symptom
herb_id_156,symptom_id_1770,relieves_symptom,symptom
herb_id_156,symptom_id_2422,relieves_symptom,symptom
herb_id_156,symptom_id_2538,relieves_symptom,symptom
herb_id_156,symptom_id_2999,relieves_symptom,symptom
herb_id_156,symptom_id_3185,relieves_symptom,symptom
herb_id_156,symptom_id_3317,relieves_symptom,symptom
herb_id_156,symptom_id_3355,relieves_symptom,symptom
herb_id_156,symptom_id_3710,relieves_symptom,symptom
herb_id_156,symptom_id_4702,relieves_symptom,symptom
herb_id_157,symptom_id_210,relieves_symptom,symptom
herb_id_157,symptom_id_1613,relieves_symptom,symptom
herb_id_157,symptom_id_3089,relieves_symptom,symptom
herb_id_157,symptom_id_3534,relieves_symptom,symptom
herb_id_157,symptom_id_3539,relieves_symptom,symptom
herb_id_157,symptom_id_3669,relieves_symptom,symptom
herb_id_157,symptom_id_4207,relieves_symptom,symptom
herb_id_158,symptom_id_227,relieves_symptom,symptom
herb_id_158,symptom_id_649,relieves_symptom,symptom
herb_id_158,symptom_id_1187,relieves_symptom,symptom
herb_id_158,symptom_id_1759,relieves_symptom,symptom
herb_id_158,symptom_id_2538,relieves_symptom,symptom
herb_id_158,symptom_id_3531,relieves_symptom,symptom
herb_id_158,symptom_id_3844,relieves_symptom,symptom
herb_id_159,symptom_id_782,relieves_symptom,symptom
herb_id_159,symptom_id_2500,relieves_symptom,symptom
herb_id_159,symptom_id_2538,relieves_symptom,symptom
herb_id_159,symptom_id_3298,relieves_symptom,symptom
herb_id_159,symptom_id_3310,relieves_symptom,symptom
herb_id_159,symptom_id_4040,relieves_symptom,symptom
herb_id_159,symptom_id_4217,relieves_symptom,symptom
herb_id_159,symptom_id_4555,relieves_symptom,symptom
herb_id_160,symptom_id_1586,relieves_symptom,symptom
herb_id_160,symptom_id_2009,relieves_symptom,symptom
herb_id_160,symptom_id_2494,relieves_symptom,symptom
herb_id_160,symptom_id_2817,relieves_symptom,symptom
herb_id_160,symptom_id_3089,relieves_symptom,symptom
herb_id_160,symptom_id_3212,relieves_symptom,symptom
herb_id_160,symptom_id_4010,relieves_symptom,symptom
herb_id_160,symptom_id_4098,relieves_symptom,symptom
herb_id_160,symptom_id_4206,relieves_symptom,symptom
herb_id_160,symptom_id_4554,relieves_symptom,symptom
herb_id_161,symptom_id_2270,relieves_symptom,symptom
herb_id_161,symptom_id_2373,relieves_symptom,symptom
herb_id_161,symptom_id_3421,relieves_symptom,symptom
herb_id_161,symptom_id_3757,relieves_symptom,symptom
herb_id_161,symptom_id_4205,relieves_symptom,symptom
herb_id_161,symptom_id_4554,relieves_symptom,symptom
herb_id_161,symptom_id_4566,relieves_symptom,symptom
herb_id_162,symptom_id_369,relieves_symptom,symptom
herb_id_162,symptom_id_2240,relieves_symptom,symptom
herb_id_162,symptom_id_2333,relieves_symptom,symptom
herb_id_162,symptom_id_2506,relieves_symptom,symptom
herb_id_162,symptom_id_4549,relieves_symptom,symptom
herb_id_163,symptom_id_208,relieves_symptom,symptom
herb_id_163,symptom_id_873,relieves_symptom,symptom
herb_id_163,symptom_id_971,relieves_symptom,symptom
herb_id_163,symptom_id_1435,relieves_symptom,symptom
herb_id_163,symptom_id_2229,relieves_symptom,symptom
herb_id_163,symptom_id_2500,relieves_symptom,symptom
herb_id_163,symptom_id_2615,relieves_symptom,symptom
herb_id_163,symptom_id_2648,relieves_symptom,symptom
herb_id_163,symptom_id_3087,relieves_symptom,symptom
herb_id_163,symptom_id_3495,relieves_symptom,symptom
herb_id_163,symptom_id_3845,relieves_symptom,symptom
herb_id_163,symptom_id_4217,relieves_symptom,symptom
herb_id_163,symptom_id_4373,relieves_symptom,symptom
herb_id_164,symptom_id_1033,relieves_symptom,symptom
herb_id_164,symptom_id_480,relieves_symptom,symptom
herb_id_164,symptom_id_2162,relieves_symptom,symptom
herb_id_164,symptom_id_2538,relieves_symptom,symptom
herb_id_164,symptom_id_4179,relieves_symptom,symptom
herb_id_164,symptom_id_4212,relieves_symptom,symptom
herb_id_165,symptom_id_1991,relieves_symptom,symptom
herb_id_165,symptom_id_695,relieves_symptom,symptom
herb_id_165,symptom_id_3601,relieves_symptom,symptom
herb_id_165,symptom_id_3699,relieves_symptom,symptom
herb_id_166,symptom_id_577,relieves_symptom,symptom
herb_id_166,symptom_id_2508,relieves_symptom,symptom
herb_id_166,symptom_id_2516,relieves_symptom,symptom
herb_id_166,symptom_id_3299,relieves_symptom,symptom
herb_id_166,symptom_id_4040,relieves_symptom,symptom
herb_id_166,symptom_id_4082,relieves_symptom,symptom
herb_id_166,symptom_id_4177,relieves_symptom,symptom
herb_id_167,symptom_id_1257,relieves_symptom,symptom
herb_id_167,symptom_id_1643,relieves_symptom,symptom
herb_id_167,symptom_id_2648,relieves_symptom,symptom
herb_id_167,symptom_id_2980,relieves_symptom,symptom
herb_id_167,symptom_id_4091,relieves_symptom,symptom
herb_id_167,symptom_id_4218,relieves_symptom,symptom
herb_id_168,symptom_id_681,relieves_symptom,symptom
herb_id_168,symptom_id_2270,relieves_symptom,symptom
herb_id_168,symptom_id_2324,relieves_symptom,symptom
herb_id_168,symptom_id_2545,relieves_symptom,symptom
herb_id_168,symptom_id_2577,relieves_symptom,symptom
herb_id_168,symptom_id_2634,relieves_symptom,symptom
herb_id_168,symptom_id_2640,relieves_symptom,symptom
herb_id_168,symptom_id_3418,relieves_symptom,symptom
herb_id_168,symptom_id_3547,relieves_symptom,symptom
herb_id_169,symptom_id_686,relieves_symptom,symptom
herb_id_169,symptom_id_740,relieves_symptom,symptom
herb_id_169,symptom_id_852,relieves_symptom,symptom
herb_id_169,symptom_id_950,relieves_symptom,symptom
herb_id_169,symptom_id_1144,relieves_symptom,symptom
herb_id_169,symptom_id_1565,relieves_symptom,symptom
herb_id_169,symptom_id_3368,relieves_symptom,symptom
herb_id_169,symptom_id_3513,relieves_symptom,symptom
herb_id_170,symptom_id_693,relieves_symptom,symptom
herb_id_170,symptom_id_884,relieves_symptom,symptom
herb_id_170,symptom_id_2560,relieves_symptom,symptom
herb_id_170,symptom_id_1562,relieves_symptom,symptom
herb_id_170,symptom_id_2605,relieves_symptom,symptom
herb_id_170,symptom_id_3577,relieves_symptom,symptom
herb_id_170,symptom_id_4535,relieves_symptom,symptom
herb_id_171,symptom_id_2657,relieves_symptom,symptom
herb_id_171,symptom_id_873,relieves_symptom,symptom
herb_id_171,symptom_id_2421,relieves_symptom,symptom
herb_id_171,symptom_id_3185,relieves_symptom,symptom
herb_id_171,symptom_id_4733,relieves_symptom,symptom
herb_id_171,symptom_id_4740,relieves_symptom,symptom
herb_id_171,symptom_id_3409,relieves_symptom,symptom
herb_id_171,symptom_id_434,relieves_symptom,symptom
herb_id_171,symptom_id_1240,relieves_symptom,symptom
herb_id_171,symptom_id_2668,relieves_symptom,symptom
herb_id_171,symptom_id_2175,relieves_symptom,symptom
herb_id_171,symptom_id_4100,relieves_symptom,symptom
herb_id_171,symptom_id_577,relieves_symptom,symptom
herb_id_171,symptom_id_2432,relieves_symptom,symptom
herb_id_171,symptom_id_2130,relieves_symptom,symptom
herb_id_171,symptom_id_2300,relieves_symptom,symptom
herb_id_171,symptom_id_4030,relieves_symptom,symptom
herb_id_172,symptom_id_742,relieves_symptom,symptom
herb_id_172,symptom_id_814,relieves_symptom,symptom
herb_id_172,symptom_id_3673,relieves_symptom,symptom
herb_id_172,symptom_id_4075,relieves_symptom,symptom
herb_id_172,symptom_id_274,relieves_symptom,symptom
herb_id_172,symptom_id_1187,relieves_symptom,symptom
herb_id_172,symptom_id_2796,relieves_symptom,symptom
herb_id_172,symptom_id_2416,relieves_symptom,symptom
herb_id_172,symptom_id_4031,relieves_symptom,symptom
herb_id_172,symptom_id_4039,relieves_symptom,symptom
herb_id_173,symptom_id_649,relieves_symptom,symptom
herb_id_173,symptom_id_1990,relieves_symptom,symptom
herb_id_173,symptom_id_2276,relieves_symptom,symptom
herb_id_173,symptom_id_3698,relieves_symptom,symptom
herb_id_173,symptom_id_3775,relieves_symptom,symptom
herb_id_173,symptom_id_4258,relieves_symptom,symptom
herb_id_174,symptom_id_2111,relieves_symptom,symptom
herb_id_174,symptom_id_975,relieves_symptom,symptom
herb_id_174,symptom_id_3324,relieves_symptom,symptom
herb_id_174,symptom_id_737,relieves_symptom,symptom
herb_id_174,symptom_id_663,relieves_symptom,symptom
herb_id_174,symptom_id_4100,relieves_symptom,symptom
herb_id_174,symptom_id_1458,relieves_symptom,symptom
herb_id_174,symptom_id_4704,relieves_symptom,symptom
herb_id_174,symptom_id_274,relieves_symptom,symptom
herb_id_175,symptom_id_742,relieves_symptom,symptom
herb_id_175,symptom_id_873,relieves_symptom,symptom
herb_id_175,symptom_id_4493,relieves_symptom,symptom
herb_id_175,symptom_id_3196,relieves_symptom,symptom
herb_id_175,symptom_id_2437,relieves_symptom,symptom
herb_id_176,symptom_id_2783,relieves_symptom,symptom
herb_id_176,symptom_id_2796,relieves_symptom,symptom
herb_id_176,symptom_id_4267,relieves_symptom,symptom
herb_id_176,symptom_id_4560,relieves_symptom,symptom
herb_id_177,symptom_id_577,relieves_symptom,symptom
herb_id_177,symptom_id_1604,relieves_symptom,symptom
herb_id_177,symptom_id_2134,relieves_symptom,symptom
herb_id_177,symptom_id_2230,relieves_symptom,symptom
herb_id_177,symptom_id_2264,relieves_symptom,symptom
herb_id_177,symptom_id_3087,relieves_symptom,symptom
herb_id_177,symptom_id_152,relieves_symptom,symptom
herb_id_178,symptom_id_1441,relieves_symptom,symptom
herb_id_178,symptom_id_1679,relieves_symptom,symptom
herb_id_178,symptom_id_2081,relieves_symptom,symptom
herb_id_178,symptom_id_2134,relieves_symptom,symptom
herb_id_178,symptom_id_3144,relieves_symptom,symptom
herb_id_178,symptom_id_4217,relieves_symptom,symptom
herb_id_178,symptom_id_4544,relieves_symptom,symptom
herb_id_178,symptom_id_4548,relieves_symptom,symptom
herb_id_178,symptom_id_4704,relieves_symptom,symptom
herb_id_179,symptom_id_2162,relieves_symptom,symptom
herb_id_179,symptom_id_2175,relieves_symptom,symptom
herb_id_179,symptom_id_2359,relieves_symptom,symptom
herb_id_179,symptom_id_3539,relieves_symptom,symptom
herb_id_179,symptom_id_3677,relieves_symptom,symptom
herb_id_179,symptom_id_3845,relieves_symptom,symptom
herb_id_179,symptom_id_4620,relieves_symptom,symptom
herb_id_180,symptom_id_558,relieves_symptom,symptom
herb_id_180,symptom_id_873,relieves_symptom,symptom
herb_id_180,symptom_id_1153,relieves_symptom,symptom
herb_id_180,symptom_id_1590,relieves_symptom,symptom
herb_id_180,symptom_id_1755,relieves_symptom,symptom
herb_id_180,symptom_id_2444,relieves_symptom,symptom
herb_id_180,symptom_id_2658,relieves_symptom,symptom
herb_id_180,symptom_id_4123,relieves_symptom,symptom
herb_id_181,symptom_id_274,relieves_symptom,symptom
herb_id_181,symptom_id_742,relieves_symptom,symptom
herb_id_181,symptom_id_2091,relieves_symptom,symptom
herb_id_181,symptom_id_3211,relieves_symptom,symptom
herb_id_181,symptom_id_3526,relieves_symptom,symptom
herb_id_182,symptom_id_1169,relieves_symptom,symptom
herb_id_182,symptom_id_1228,relieves_symptom,symptom
herb_id_182,symptom_id_2788,relieves_symptom,symptom
herb_id_182,symptom_id_2996,relieves_symptom,symptom
herb_id_182,symptom_id_3191,relieves_symptom,symptom
herb_id_182,symptom_id_3486,relieves_symptom,symptom
herb_id_182,symptom_id_3784,relieves_symptom,symptom
herb_id_183,symptom_id_2490,relieves_symptom,symptom
herb_id_183,symptom_id_2521,relieves_symptom,symptom
herb_id_183,symptom_id_1713,relieves_symptom,symptom
herb_id_183,symptom_id_2432,relieves_symptom,symptom
herb_id_183,symptom_id_2697,relieves_symptom,symptom
herb_id_183,symptom_id_4298,relieves_symptom,symptom
herb_id_183,symptom_id_1867,relieves_symptom,symptom
herb_id_183,symptom_id_4554,relieves_symptom,symptom
herb_id_183,symptom_id_2429,relieves_symptom,symptom
herb_id_184,symptom_id_447,relieves_symptom,symptom
herb_id_184,symptom_id_4257,relieves_symptom,symptom
herb_id_184,symptom_id_3701,relieves_symptom,symptom
herb_id_184,symptom_id_4712,relieves_symptom,symptom
herb_id_184,symptom_id_4221,relieves_symptom,symptom
herb_id_185,symptom_id_123,relieves_symptom,symptom
herb_id_185,symptom_id_124,relieves_symptom,symptom
herb_id_185,symptom_id_480,relieves_symptom,symptom
herb_id_185,symptom_id_797,relieves_symptom,symptom
herb_id_185,symptom_id_1137,relieves_symptom,symptom
herb_id_185,symptom_id_2234,relieves_symptom,symptom
herb_id_185,symptom_id_2304,relieves_symptom,symptom
herb_id_185,symptom_id_2473,relieves_symptom,symptom
herb_id_185,symptom_id_2500,relieves_symptom,symptom
herb_id_186,symptom_id_3298,relieves_symptom,symptom
herb_id_186,symptom_id_671,relieves_symptom,symptom
herb_id_186,symptom_id_2309,relieves_symptom,symptom
herb_id_187,symptom_id_2122,relieves_symptom,symptom
herb_id_187,symptom_id_2312,relieves_symptom,symptom
herb_id_187,symptom_id_3299,relieves_symptom,symptom
herb_id_187,symptom_id_3415,relieves_symptom,symptom
herb_id_188,symptom_id_1990,relieves_symptom,symptom
herb_id_188,symptom_id_2175,relieves_symptom,symptom
herb_id_188,symptom_id_2252,relieves_symptom,symptom
herb_id_188,symptom_id_2262,relieves_symptom,symptom
herb_id_188,symptom_id_2505,relieves_symptom,symptom
herb_id_188,symptom_id_3299,relieves_symptom,symptom
herb_id_188,symptom_id_3486,relieves_symptom,symptom
herb_id_188,symptom_id_701,relieves_symptom,symptom
herb_id_188,symptom_id_4082,relieves_symptom,symptom
herb_id_188,symptom_id_4698,relieves_symptom,symptom
herb_id_188,symptom_id_4733,relieves_symptom,symptom
herb_id_189,symptom_id_2595,relieves_symptom,symptom
herb_id_189,symptom_id_3360,relieves_symptom,symptom
herb_id_189,symptom_id_3544,relieves_symptom,symptom
herb_id_189,symptom_id_3609,relieves_symptom,symptom
herb_id_189,symptom_id_4619,relieves_symptom,symptom
herb_id_190,symptom_id_1082,relieves_symptom,symptom
herb_id_190,symptom_id_2175,relieves_symptom,symptom
herb_id_190,symptom_id_2533,relieves_symptom,symptom
herb_id_190,symptom_id_2575,relieves_symptom,symptom
herb_id_190,symptom_id_2978,relieves_symptom,symptom
herb_id_190,symptom_id_3102,relieves_symptom,symptom
herb_id_190,symptom_id_3534,relieves_symptom,symptom
herb_id_190,symptom_id_3609,relieves_symptom,symptom
herb_id_191,symptom_id_4285,relieves_symptom,symptom
herb_id_191,symptom_id_2310,relieves_symptom,symptom
herb_id_191,symptom_id_551,relieves_symptom,symptom
herb_id_191,symptom_id_688,relieves_symptom,symptom
herb_id_191,symptom_id_177,relieves_symptom,symptom
herb_id_192,symptom_id_383,relieves_symptom,symptom
herb_id_192,symptom_id_2778,relieves_symptom,symptom
herb_id_192,symptom_id_2817,relieves_symptom,symptom
herb_id_192,symptom_id_3133,relieves_symptom,symptom
herb_id_192,symptom_id_3784,relieves_symptom,symptom
herb_id_192,symptom_id_4001,relieves_symptom,symptom
herb_id_192,symptom_id_4098,relieves_symptom,symptom
herb_id_192,symptom_id_4320,relieves_symptom,symptom
herb_id_193,symptom_id_1152,relieves_symptom,symptom
herb_id_193,symptom_id_1655,relieves_symptom,symptom
herb_id_193,symptom_id_2772,relieves_symptom,symptom
herb_id_193,symptom_id_3212,relieves_symptom,symptom
herb_id_193,symptom_id_4015,relieves_symptom,symptom
herb_id_193,symptom_id_4349,relieves_symptom,symptom
herb_id_193,symptom_id_4361,relieves_symptom,symptom
herb_id_194,symptom_id_480,relieves_symptom,symptom
herb_id_194,symptom_id_1240,relieves_symptom,symptom
herb_id_194,symptom_id_1270,relieves_symptom,symptom
herb_id_194,symptom_id_1759,relieves_symptom,symptom
herb_id_194,symptom_id_2009,relieves_symptom,symptom
herb_id_194,symptom_id_3551,relieves_symptom,symptom
herb_id_194,symptom_id_3715,relieves_symptom,symptom
herb_id_195,symptom_id_686,relieves_symptom,symptom
herb_id_196,symptom_id_775,relieves_symptom,symptom
herb_id_196,symptom_id_577,relieves_symptom,symptom
herb_id_196,symptom_id_3301,relieves_symptom,symptom
herb_id_196,symptom_id_425,relieves_symptom,symptom
herb_id_196,symptom_id_737,relieves_symptom,symptom
herb_id_197,symptom_id_1869,relieves_symptom,symptom
herb_id_197,symptom_id_2231,relieves_symptom,symptom
herb_id_197,symptom_id_2267,relieves_symptom,symptom
herb_id_197,symptom_id_2301,relieves_symptom,symptom
herb_id_197,symptom_id_2342,relieves_symptom,symptom
herb_id_197,symptom_id_2805,relieves_symptom,symptom
herb_id_197,symptom_id_4082,relieves_symptom,symptom
herb_id_198,symptom_id_2347,relieves_symptom,symptom
herb_id_198,symptom_id_4733,relieves_symptom,symptom
herb_id_198,symptom_id_2229,relieves_symptom,symptom
herb_id_198,symptom_id_2214,relieves_symptom,symptom
herb_id_198,symptom_id_2796,relieves_symptom,symptom
herb_id_198,symptom_id_797,relieves_symptom,symptom
herb_id_198,symptom_id_663,relieves_symptom,symptom
herb_id_198,symptom_id_4100,relieves_symptom,symptom
herb_id_198,symptom_id_4086,relieves_symptom,symptom
herb_id_198,symptom_id_1435,relieves_symptom,symptom
herb_id_198,symptom_id_2330,relieves_symptom,symptom
herb_id_198,symptom_id_1868,relieves_symptom,symptom
herb_id_199,symptom_id_280,relieves_symptom,symptom
herb_id_199,symptom_id_470,relieves_symptom,symptom
herb_id_199,symptom_id_700,relieves_symptom,symptom
herb_id_199,symptom_id_742,relieves_symptom,symptom
herb_id_199,symptom_id_2214,relieves_symptom,symptom
herb_id_199,symptom_id_2560,relieves_symptom,symptom
herb_id_199,symptom_id_2635,relieves_symptom,symptom
herb_id_199,symptom_id_2703,relieves_symptom,symptom
herb_id_199,symptom_id_3745,relieves_symptom,symptom
herb_id_199,symptom_id_4100,relieves_symptom,symptom
herb_id_200,symptom_id_3212,relieves_symptom,symptom
herb_id_200,symptom_id_3349,relieves_symptom,symptom
herb_id_200,symptom_id_3785,relieves_symptom,symptom
herb_id_200,symptom_id_4008,relieves_symptom,symptom
herb_id_200,symptom_id_4314,relieves_symptom,symptom
herb_id_200,symptom_id_4279,relieves_symptom,symptom
herb_id_201,symptom_id_2594,relieves_symptom,symptom
herb_id_201,symptom_id_3088,relieves_symptom,symptom
herb_id_201,symptom_id_3274,relieves_symptom,symptom
herb_id_201,symptom_id_3534,relieves_symptom,symptom
herb_id_201,symptom_id_4534,relieves_symptom,symptom
herb_id_202,symptom_id_732,relieves_symptom,symptom
herb_id_202,symptom_id_3240,relieves_symptom,symptom
herb_id_202,symptom_id_190,relieves_symptom,symptom
herb_id_202,symptom_id_3848,relieves_symptom,symptom
herb_id_202,symptom_id_1276,relieves_symptom,symptom
herb_id_202,symptom_id_3776,relieves_symptom,symptom
herb_id_202,symptom_id_3092,relieves_symptom,symptom
herb_id_202,symptom_id_4339,relieves_symptom,symptom
herb_id_202,symptom_id_2190,relieves_symptom,symptom
herb_id_202,symptom_id_461,relieves_symptom,symptom
herb_id_202,symptom_id_6,relieves_symptom,symptom
herb_id_203,symptom_id_366,relieves_symptom,symptom
herb_id_203,symptom_id_1216,relieves_symptom,symptom
herb_id_203,symptom_id_1586,relieves_symptom,symptom
herb_id_203,symptom_id_2134,relieves_symptom,symptom
herb_id_203,symptom_id_2594,relieves_symptom,symptom
herb_id_203,symptom_id_3668,relieves_symptom,symptom
herb_id_203,symptom_id_4061,relieves_symptom,symptom
herb_id_203,symptom_id_4537,relieves_symptom,symptom
herb_id_204,symptom_id_742,relieves_symptom,symptom
herb_id_204,symptom_id_2091,relieves_symptom,symptom
herb_id_204,symptom_id_2650,relieves_symptom,symptom
herb_id_204,symptom_id_3089,relieves_symptom,symptom
herb_id_204,symptom_id_3212,relieves_symptom,symptom
herb_id_204,symptom_id_3213,relieves_symptom,symptom
herb_id_204,symptom_id_3310,relieves_symptom,symptom
herb_id_204,symptom_id_4206,relieves_symptom,symptom
herb_id_205,symptom_id_1169,relieves_symptom,symptom
herb_id_205,symptom_id_1187,relieves_symptom,symptom
herb_id_205,symptom_id_2801,relieves_symptom,symptom
herb_id_205,symptom_id_3301,relieves_symptom,symptom
herb_id_205,symptom_id_4563,relieves_symptom,symptom
herb_id_206,symptom_id_1169,relieves_symptom,symptom
herb_id_206,symptom_id_1228,relieves_symptom,symptom
herb_id_206,symptom_id_1461,relieves_symptom,symptom
herb_id_206,symptom_id_2788,relieves_symptom,symptom
herb_id_206,symptom_id_2996,relieves_symptom,symptom
herb_id_206,symptom_id_3486,relieves_symptom,symptom
herb_id_206,symptom_id_3785,relieves_symptom,symptom
herb_id_206,symptom_id_4554,relieves_symptom,symptom
herb_id_207,symptom_id_4539,relieves_symptom,symptom
herb_id_207,symptom_id_971,relieves_symptom,symptom
herb_id_207,symptom_id_3699,relieves_symptom,symptom
herb_id_207,symptom_id_3147,relieves_symptom,symptom
herb_id_208,symptom_id_1169,relieves_symptom,symptom
herb_id_208,symptom_id_2788,relieves_symptom,symptom
herb_id_208,symptom_id_3806,relieves_symptom,symptom
herb_id_208,symptom_id_4505,relieves_symptom,symptom
herb_id_208,symptom_id_1153,relieves_symptom,symptom
herb_id_208,symptom_id_2181,relieves_symptom,symptom
herb_id_208,symptom_id_2214,relieves_symptom,symptom
herb_id_208,symptom_id_3212,relieves_symptom,symptom
herb_id_209,symptom_id_1408,relieves_symptom,symptom
herb_id_209,symptom_id_2136,relieves_symptom,symptom
herb_id_209,symptom_id_3300,relieves_symptom,symptom
herb_id_209,symptom_id_4410,relieves_symptom,symptom
herb_id_210,symptom_id_1336,relieves_symptom,symptom
herb_id_210,symptom_id_1449,relieves_symptom,symptom
herb_id_210,symptom_id_2288,relieves_symptom,symptom
herb_id_210,symptom_id_4278,relieves_symptom,symptom
herb_id_210,symptom_id_4279,relieves_symptom,symptom
herb_id_211,symptom_id_3372,relieves_symptom,symptom
herb_id_211,symptom_id_167,relieves_symptom,symptom
herb_id_211,symptom_id_3310,relieves_symptom,symptom
herb_id_211,symptom_id_742,relieves_symptom,symptom
herb_id_211,symptom_id_3576,relieves_symptom,symptom
herb_id_211,symptom_id_2422,relieves_symptom,symptom
herb_id_212,symptom_id_659,relieves_symptom,symptom
herb_id_212,symptom_id_742,relieves_symptom,symptom
herb_id_212,symptom_id_799,relieves_symptom,symptom
herb_id_212,symptom_id_2560,relieves_symptom,symptom
herb_id_212,symptom_id_3310,relieves_symptom,symptom
herb_id_212,symptom_id_3597,relieves_symptom,symptom
herb_id_213,symptom_id_4282,relieves_symptom,symptom
herb_id_213,symptom_id_1596,relieves_symptom,symptom
herb_id_213,symptom_id_3196,relieves_symptom,symptom
herb_id_213,symptom_id_2065,relieves_symptom,symptom
herb_id_213,symptom_id_2637,relieves_symptom,symptom
herb_id_214,symptom_id_2267,relieves_symptom,symptom
herb_id_214,symptom_id_2270,relieves_symptom,symptom
herb_id_214,symptom_id_2446,relieves_symptom,symptom
herb_id_214,symptom_id_2739,relieves_symptom,symptom
herb_id_214,symptom_id_3450,relieves_symptom,symptom
herb_id_214,symptom_id_688,relieves_symptom,symptom
herb_id_215,symptom_id_280,relieves_symptom,symptom
herb_id_215,symptom_id_663,relieves_symptom,symptom
herb_id_215,symptom_id_1435,relieves_symptom,symptom
herb_id_215,symptom_id_1458,relieves_symptom,symptom
herb_id_215,symptom_id_4100,relieves_symptom,symptom
herb_id_216,symptom_id_2136,relieves_symptom,symptom
herb_id_216,symptom_id_2600,relieves_symptom,symptom
herb_id_217,symptom_id_131,relieves_symptom,symptom
herb_id_217,symptom_id_139,relieves_symptom,symptom
herb_id_217,symptom_id_3221,relieves_symptom,symptom
herb_id_217,symptom_id_1460,relieves_symptom,symptom
herb_id_217,symptom_id_4279,relieves_symptom,symptom
herb_id_217,symptom_id_2691,relieves_symptom,symptom
herb_id_217,symptom_id_2464,relieves_symptom,symptom
herb_id_217,symptom_id_4045,relieves_symptom,symptom
herb_id_217,symptom_id_2449,relieves_symptom,symptom
herb_id_218,symptom_id_280,relieves_symptom,symptom
herb_id_218,symptom_id_663,relieves_symptom,symptom
herb_id_218,symptom_id_1187,relieves_symptom,symptom
herb_id_218,symptom_id_1458,relieves_symptom,symptom
herb_id_218,symptom_id_2524,relieves_symptom,symptom
herb_id_218,symptom_id_2817,relieves_symptom,symptom
herb_id_218,symptom_id_3186,relieves_symptom,symptom
herb_id_218,symptom_id_4086,relieves_symptom,symptom
herb_id_218,symptom_id_4100,relieves_symptom,symptom
herb_id_219,symptom_id_3222,relieves_symptom,symptom
herb_id_219,symptom_id_2524,relieves_symptom,symptom
herb_id_219,symptom_id_1458,relieves_symptom,symptom
herb_id_219,symptom_id_4075,relieves_symptom,symptom
herb_id_219,symptom_id_4086,relieves_symptom,symptom
herb_id_219,symptom_id_1628,relieves_symptom,symptom
herb_id_219,symptom_id_4577,relieves_symptom,symptom
herb_id_219,symptom_id_4338,relieves_symptom,symptom
herb_id_220,symptom_id_1233,relieves_symptom,symptom
herb_id_220,symptom_id_2134,relieves_symptom,symptom
herb_id_220,symptom_id_2426,relieves_symptom,symptom
herb_id_220,symptom_id_2979,relieves_symptom,symptom
herb_id_220,symptom_id_3109,relieves_symptom,symptom
herb_id_220,symptom_id_3697,relieves_symptom,symptom
herb_id_220,symptom_id_3845,relieves_symptom,symptom
herb_id_220,symptom_id_4033,relieves_symptom,symptom
herb_id_220,symptom_id_4049,relieves_symptom,symptom
herb_id_221,symptom_id_169,relieves_symptom,symptom
herb_id_221,symptom_id_2423,relieves_symptom,symptom
herb_id_221,symptom_id_2907,relieves_symptom,symptom
herb_id_222,symptom_id_2251,relieves_symptom,symptom
herb_id_222,symptom_id_3560,relieves_symptom,symptom
herb_id_222,symptom_id_4599,relieves_symptom,symptom
herb_id_223,symptom_id_742,relieves_symptom,symptom
herb_id_223,symptom_id_1711,relieves_symptom,symptom
herb_id_223,symptom_id_2562,relieves_symptom,symptom
herb_id_223,symptom_id_3561,relieves_symptom,symptom
herb_id_223,symptom_id_4534,relieves_symptom,symptom
herb_id_224,symptom_id_127,relieves_symptom,symptom
herb_id_224,symptom_id_3530,relieves_symptom,symptom
herb_id_224,symptom_id_224,relieves_symptom,symptom
herb_id_224,symptom_id_2245,relieves_symptom,symptom
herb_id_224,symptom_id_2545,relieves_symptom,symptom
herb_id_224,symptom_id_3075,relieves_symptom,symptom
herb_id_225,symptom_id_3404,relieves_symptom,symptom
herb_id_225,symptom_id_3530,relieves_symptom,symptom
herb_id_225,symptom_id_1619,relieves_symptom,symptom
herb_id_225,symptom_id_4378,relieves_symptom,symptom
herb_id_225,symptom_id_649,relieves_symptom,symptom
herb_id_225,symptom_id_944,relieves_symptom,symptom
herb_id_225,symptom_id_1274,relieves_symptom,symptom
herb_id_225,symptom_id_3845,relieves_symptom,symptom
herb_id_225,symptom_id_3355,relieves_symptom,symptom
herb_id_226,symptom_id_425,relieves_symptom,symptom
herb_id_226,symptom_id_755,relieves_symptom,symptom
herb_id_226,symptom_id_885,relieves_symptom,symptom
herb_id_226,symptom_id_1923,relieves_symptom,symptom
herb_id_227,symptom_id_2426,relieves_symptom,symptom
herb_id_227,symptom_id_4733,relieves_symptom,symptom
herb_id_227,symptom_id_297,relieves_symptom,symptom
herb_id_227,symptom_id_3418,relieves_symptom,symptom
herb_id_227,symptom_id_4544,relieves_symptom,symptom
herb_id_227,symptom_id_4712,relieves_symptom,symptom
herb_id_227,symptom_id_2500,relieves_symptom,symptom
herb_id_227,symptom_id_1713,relieves_symptom,symptom
herb_id_227,symptom_id_2432,relieves_symptom,symptom
herb_id_227,symptom_id_2373,relieves_symptom,symptom
herb_id_227,symptom_id_2302,relieves_symptom,symptom
herb_id_228,symptom_id_476,relieves_symptom,symptom
herb_id_228,symptom_id_667,relieves_symptom,symptom
herb_id_228,symptom_id_1755,relieves_symptom,symptom
herb_id_228,symptom_id_2242,relieves_symptom,symptom
herb_id_228,symptom_id_2655,relieves_symptom,symptom
herb_id_228,symptom_id_2957,relieves_symptom,symptom
herb_id_229,symptom_id_3385,relieves_symptom,symptom
herb_id_229,symptom_id_2138,relieves_symptom,symptom
herb_id_229,symptom_id_3416,relieves_symptom,symptom
herb_id_229,symptom_id_4594,relieves_symptom,symptom
herb_id_229,symptom_id_2302,relieves_symptom,symptom
herb_id_229,symptom_id_2452,relieves_symptom,symptom
herb_id_229,symptom_id_2635,relieves_symptom,symptom
herb_id_230,symptom_id_115,relieves_symptom,symptom
herb_id_230,symptom_id_2650,relieves_symptom,symptom
herb_id_230,symptom_id_4091,relieves_symptom,symptom
herb_id_230,symptom_id_4206,relieves_symptom,symptom
herb_id_231,symptom_id_686,relieves_symptom,symptom
herb_id_231,symptom_id_688,relieves_symptom,symptom
herb_id_231,symptom_id_887,relieves_symptom,symptom
herb_id_231,symptom_id_2468,relieves_symptom,symptom
herb_id_231,symptom_id_3345,relieves_symptom,symptom
herb_id_231,symptom_id_3402,relieves_symptom,symptom
herb_id_231,symptom_id_3574,relieves_symptom,symptom
herb_id_232,symptom_id_3301,relieves_symptom,symptom
herb_id_232,symptom_id_4023,relieves_symptom,symptom
herb_id_232,symptom_id_127,relieves_symptom,symptom
herb_id_232,symptom_id_4328,relieves_symptom,symptom
herb_id_232,symptom_id_783,relieves_symptom,symptom
herb_id_232,symptom_id_869,relieves_symptom,symptom
herb_id_233,symptom_id_1449,relieves_symptom,symptom
herb_id_233,symptom_id_1950,relieves_symptom,symptom
herb_id_233,symptom_id_2692,relieves_symptom,symptom
herb_id_233,symptom_id_2780,relieves_symptom,symptom
herb_id_233,symptom_id_2817,relieves_symptom,symptom
herb_id_233,symptom_id_3342,relieves_symptom,symptom
herb_id_233,symptom_id_3757,relieves_symptom,symptom
herb_id_233,symptom_id_4278,relieves_symptom,symptom
herb_id_233,symptom_id_4279,relieves_symptom,symptom
herb_id_234,symptom_id_210,relieves_symptom,symptom
herb_id_234,symptom_id_1613,relieves_symptom,symptom
herb_id_234,symptom_id_2506,relieves_symptom,symptom
herb_id_234,symptom_id_2526,relieves_symptom,symptom
herb_id_234,symptom_id_3443,relieves_symptom,symptom
herb_id_234,symptom_id_3534,relieves_symptom,symptom
herb_id_234,symptom_id_3845,relieves_symptom,symptom
herb_id_234,symptom_id_4217,relieves_symptom,symptom
herb_id_234,symptom_id_4554,relieves_symptom,symptom
herb_id_235,symptom_id_1187,relieves_symptom,symptom
herb_id_235,symptom_id_2550,relieves_symptom,symptom
herb_id_235,symptom_id_740,relieves_symptom,symptom
herb_id_235,symptom_id_2602,relieves_symptom,symptom
herb_id_235,symptom_id_4570,relieves_symptom,symptom
herb_id_235,symptom_id_2817,relieves_symptom,symptom
herb_id_236,symptom_id_3301,relieves_symptom,symptom
herb_id_236,symptom_id_4023,relieves_symptom,symptom
herb_id_236,symptom_id_127,relieves_symptom,symptom
herb_id_236,symptom_id_4328,relieves_symptom,symptom
herb_id_236,symptom_id_783,relieves_symptom,symptom
herb_id_236,symptom_id_869,relieves_symptom,symptom
herb_id_237,symptom_id_3087,relieves_symptom,symptom
herb_id_237,symptom_id_2648,relieves_symptom,symptom
herb_id_237,symptom_id_207,relieves_symptom,symptom
herb_id_237,symptom_id_3845,relieves_symptom,symptom
herb_id_237,symptom_id_4253,relieves_symptom,symptom
herb_id_237,symptom_id_4206,relieves_symptom,symptom
herb_id_237,symptom_id_4298,relieves_symptom,symptom
herb_id_237,symptom_id_2500,relieves_symptom,symptom
herb_id_238,symptom_id_1286,relieves_symptom,symptom
herb_id_238,symptom_id_1408,relieves_symptom,symptom
herb_id_238,symptom_id_2136,relieves_symptom,symptom
herb_id_238,symptom_id_2335,relieves_symptom,symptom
herb_id_238,symptom_id_2603,relieves_symptom,symptom
herb_id_238,symptom_id_4701,relieves_symptom,symptom
herb_id_239,symptom_id_2131,relieves_symptom,symptom
herb_id_239,symptom_id_2426,relieves_symptom,symptom
herb_id_239,symptom_id_2598,relieves_symptom,symptom
herb_id_239,symptom_id_2635,relieves_symptom,symptom
herb_id_239,symptom_id_3096,relieves_symptom,symptom
herb_id_239,symptom_id_3989,relieves_symptom,symptom
herb_id_239,symptom_id_4687,relieves_symptom,symptom
herb_id_240,symptom_id_167,relieves_symptom,symptom
herb_id_240,symptom_id_2438,relieves_symptom,symptom
herb_id_240,symptom_id_2577,relieves_symptom,symptom
herb_id_240,symptom_id_2635,relieves_symptom,symptom
herb_id_240,symptom_id_3310,relieves_symptom,symptom
herb_id_240,symptom_id_4561,relieves_symptom,symptom
herb_id_241,symptom_id_3953,relieves_symptom,symptom
herb_id_241,symptom_id_2772,relieves_symptom,symptom
herb_id_241,symptom_id_4681,relieves_symptom,symptom
herb_id_242,symptom_id_1408,relieves_symptom,symptom
herb_id_242,symptom_id_2134,relieves_symptom,symptom
herb_id_242,symptom_id_4568,relieves_symptom,symptom
herb_id_242,symptom_id_4715,relieves_symptom,symptom
herb_id_243,symptom_id_426,relieves_symptom,symptom
herb_id_243,symptom_id_2373,relieves_symptom,symptom
herb_id_243,symptom_id_2432,relieves_symptom,symptom
herb_id_243,symptom_id_2538,relieves_symptom,symptom
herb_id_243,symptom_id_3809,relieves_symptom,symptom
herb_id_243,symptom_id_4552,relieves_symptom,symptom
herb_id_244,symptom_id_2580,relieves_symptom,symptom
herb_id_244,symptom_id_3119,relieves_symptom,symptom
herb_id_244,symptom_id_2640,relieves_symptom,symptom
herb_id_244,symptom_id_2635,relieves_symptom,symptom
herb_id_244,symptom_id_2229,relieves_symptom,symptom
herb_id_244,symptom_id_2422,relieves_symptom,symptom
herb_id_244,symptom_id_2452,relieves_symptom,symptom
herb_id_244,symptom_id_2792,relieves_symptom,symptom
herb_id_245,symptom_id_2601,relieves_symptom,symptom
herb_id_245,symptom_id_2635,relieves_symptom,symptom
herb_id_245,symptom_id_2640,relieves_symptom,symptom
herb_id_245,symptom_id_2907,relieves_symptom,symptom
herb_id_246,symptom_id_2577,relieves_symptom,symptom
herb_id_246,symptom_id_3547,relieves_symptom,symptom
herb_id_246,symptom_id_2545,relieves_symptom,symptom
herb_id_246,symptom_id_2634,relieves_symptom,symptom
herb_id_246,symptom_id_2640,relieves_symptom,symptom
herb_id_246,symptom_id_3419,relieves_symptom,symptom
herb_id_246,symptom_id_2270,relieves_symptom,symptom
herb_id_246,symptom_id_2324,relieves_symptom,symptom
herb_id_247,symptom_id_280,relieves_symptom,symptom
herb_id_247,symptom_id_667,relieves_symptom,symptom
herb_id_247,symptom_id_681,relieves_symptom,symptom
herb_id_247,symptom_id_1458,relieves_symptom,symptom
herb_id_247,symptom_id_1901,relieves_symptom,symptom
herb_id_247,symptom_id_2268,relieves_symptom,symptom
herb_id_247,symptom_id_2270,relieves_symptom,symptom
herb_id_247,symptom_id_2281,relieves_symptom,symptom
herb_id_247,symptom_id_2288,relieves_symptom,symptom
herb_id_247,symptom_id_3418,relieves_symptom,symptom
herb_id_247,symptom_id_4179,relieves_symptom,symptom
herb_id_247,symptom_id_4279,relieves_symptom,symptom
herb_id_248,symptom_id_1443,relieves_symptom,symptom
herb_id_248,symptom_id_2334,relieves_symptom,symptom
herb_id_248,symptom_id_2920,relieves_symptom,symptom
herb_id_248,symptom_id_3937,relieves_symptom,symptom
herb_id_248,symptom_id_4075,relieves_symptom,symptom
herb_id_249,symptom_id_2920,relieves_symptom,symptom
herb_id_249,symptom_id_4075,relieves_symptom,symptom
herb_id_249,symptom_id_1286,relieves_symptom,symptom
herb_id_249,symptom_id_2134,relieves_symptom,symptom
herb_id_249,symptom_id_2691,relieves_symptom,symptom
herb_id_249,symptom_id_1493,relieves_symptom,symptom
herb_id_249,symptom_id_3185,relieves_symptom,symptom
herb_id_249,symptom_id_2162,relieves_symptom,symptom
herb_id_249,symptom_id_2538,relieves_symptom,symptom
herb_id_249,symptom_id_1759,relieves_symptom,symptom
herb_id_249,symptom_id_480,relieves_symptom,symptom
herb_id_249,symptom_id_740,relieves_symptom,symptom
herb_id_249,symptom_id_782,relieves_symptom,symptom
herb_id_249,symptom_id_558,relieves_symptom,symptom
herb_id_249,symptom_id_2805,relieves_symptom,symptom
herb_id_249,symptom_id_2473,relieves_symptom,symptom
herb_id_249,symptom_id_167,relieves_symptom,symptom
herb_id_249,symptom_id_123,relieves_symptom,symptom
herb_id_249,symptom_id_1503,relieves_symptom,symptom
herb_id_249,symptom_id_2133,relieves_symptom,symptom
herb_id_249,symptom_id_2739,relieves_symptom,symptom
herb_id_249,symptom_id_4212,relieves_symptom,symptom
herb_id_249,symptom_id_4554,relieves_symptom,symptom
herb_id_249,symptom_id_1035,relieves_symptom,symptom
herb_id_250,symptom_id_1454,relieves_symptom,symptom
herb_id_250,symptom_id_2988,relieves_symptom,symptom
herb_id_250,symptom_id_3248,relieves_symptom,symptom
herb_id_250,symptom_id_4539,relieves_symptom,symptom
herb_id_251,symptom_id_4314,relieves_symptom,symptom
herb_id_251,symptom_id_4278,relieves_symptom,symptom
herb_id_251,symptom_id_4003,relieves_symptom,symptom
herb_id_251,symptom_id_4373,relieves_symptom,symptom
herb_id_251,symptom_id_2654,relieves_symptom,symptom
herb_id_251,symptom_id_2416,relieves_symptom,symptom
herb_id_252,symptom_id_577,relieves_symptom,symptom
herb_id_252,symptom_id_1344,relieves_symptom,symptom
herb_id_252,symptom_id_2344,relieves_symptom,symptom
herb_id_253,symptom_id_2998,relieves_symptom,symptom
herb_id_253,symptom_id_3351,relieves_symptom,symptom
herb_id_253,symptom_id_4319,relieves_symptom,symptom
herb_id_253,symptom_id_4554,relieves_symptom,symptom
herb_id_253,symptom_id_4714,relieves_symptom,symptom
herb_id_254,symptom_id_734,relieves_symptom,symptom
herb_id_254,symptom_id_2273,relieves_symptom,symptom
herb_id_254,symptom_id_2568,relieves_symptom,symptom
herb_id_254,symptom_id_3445,relieves_symptom,symptom
herb_id_255,symptom_id_1422,relieves_symptom,symptom
herb_id_255,symptom_id_1995,relieves_symptom,symptom
herb_id_255,symptom_id_2257,relieves_symptom,symptom
herb_id_255,symptom_id_2268,relieves_symptom,symptom
herb_id_255,symptom_id_2270,relieves_symptom,symptom
herb_id_255,symptom_id_2334,relieves_symptom,symptom
herb_id_255,symptom_id_2610,relieves_symptom,symptom
herb_id_255,symptom_id_2920,relieves_symptom,symptom
herb_id_256,symptom_id_2489,relieves_symptom,symptom
herb_id_256,symptom_id_158,relieves_symptom,symptom
herb_id_256,symptom_id_164,relieves_symptom,symptom
herb_id_256,symptom_id_2636,relieves_symptom,symptom
herb_id_256,symptom_id_2275,relieves_symptom,symptom
herb_id_256,symptom_id_2989,relieves_symptom,symptom
herb_id_256,symptom_id_4675,relieves_symptom,symptom
herb_id_256,symptom_id_2333,relieves_symptom,symptom
herb_id_256,symptom_id_2516,relieves_symptom,symptom
herb_id_257,symptom_id_3212,relieves_symptom,symptom
herb_id_257,symptom_id_4096,relieves_symptom,symptom
herb_id_258,symptom_id_2229,relieves_symptom,symptom
herb_id_258,symptom_id_2134,relieves_symptom,symptom
herb_id_258,symptom_id_1286,relieves_symptom,symptom
herb_id_258,symptom_id_2267,relieves_symptom,symptom
herb_id_258,symptom_id_1598,relieves_symptom,symptom
herb_id_258,symptom_id_1064,relieves_symptom,symptom
herb_id_258,symptom_id_873,relieves_symptom,symptom
herb_id_258,symptom_id_409,relieves_symptom,symptom
herb_id_259,symptom_id_280,relieves_symptom,symptom
herb_id_259,symptom_id_470,relieves_symptom,symptom
herb_id_259,symptom_id_663,relieves_symptom,symptom
herb_id_259,symptom_id_688,relieves_symptom,symptom
herb_id_259,symptom_id_1226,relieves_symptom,symptom
herb_id_259,symptom_id_1435,relieves_symptom,symptom
herb_id_259,symptom_id_1460,relieves_symptom,symptom
herb_id_259,symptom_id_2162,relieves_symptom,symptom
herb_id_259,symptom_id_2501,relieves_symptom,symptom
herb_id_259,symptom_id_3845,relieves_symptom,symptom
herb_id_259,symptom_id_4100,relieves_symptom,symptom
herb_id_260,symptom_id_210,relieves_symptom,symptom
herb_id_260,symptom_id_1613,relieves_symptom,symptom
herb_id_260,symptom_id_1637,relieves_symptom,symptom
herb_id_260,symptom_id_2175,relieves_symptom,symptom
herb_id_260,symptom_id_2423,relieves_symptom,symptom
herb_id_260,symptom_id_2624,relieves_symptom,symptom
herb_id_260,symptom_id_3137,relieves_symptom,symptom
herb_id_260,symptom_id_3446,relieves_symptom,symptom
herb_id_260,symptom_id_3534,relieves_symptom,symptom
herb_id_260,symptom_id_3845,relieves_symptom,symptom
herb_id_260,symptom_id_4701,relieves_symptom,symptom
herb_id_261,symptom_id_270,relieves_symptom,symptom
herb_id_261,symptom_id_2162,relieves_symptom,symptom
herb_id_261,symptom_id_2687,relieves_symptom,symptom
herb_id_261,symptom_id_3734,relieves_symptom,symptom
herb_id_262,symptom_id_3569,relieves_symptom,symptom
herb_id_262,symptom_id_3379,relieves_symptom,symptom
herb_id_262,symptom_id_2178,relieves_symptom,symptom
herb_id_262,symptom_id_3955,relieves_symptom,symptom
herb_id_262,symptom_id_4351,relieves_symptom,symptom
herb_id_262,symptom_id_2009,relieves_symptom,symptom
herb_id_262,symptom_id_1458,relieves_symptom,symptom
herb_id_262,symptom_id_1493,relieves_symptom,symptom
herb_id_263,symptom_id_3578,relieves_symptom,symptom
herb_id_263,symptom_id_3531,relieves_symptom,symptom
herb_id_263,symptom_id_3383,relieves_symptom,symptom
herb_id_263,symptom_id_4618,relieves_symptom,symptom
herb_id_263,symptom_id_949,relieves_symptom,symptom
herb_id_263,symptom_id_707,relieves_symptom,symptom
herb_id_263,symptom_id_24,relieves_symptom,symptom
herb_id_263,symptom_id_3715,relieves_symptom,symptom
herb_id_263,symptom_id_1240,relieves_symptom,symptom
herb_id_264,symptom_id_1082,relieves_symptom,symptom
herb_id_264,symptom_id_2175,relieves_symptom,symptom
herb_id_264,symptom_id_2533,relieves_symptom,symptom
herb_id_264,symptom_id_2575,relieves_symptom,symptom
herb_id_264,symptom_id_2978,relieves_symptom,symptom
herb_id_264,symptom_id_3102,relieves_symptom,symptom
herb_id_264,symptom_id_3534,relieves_symptom,symptom
herb_id_264,symptom_id_3609,relieves_symptom,symptom
herb_id_265,symptom_id_782,relieves_symptom,symptom
herb_id_265,symptom_id_1919,relieves_symptom,symptom
herb_id_265,symptom_id_2505,relieves_symptom,symptom
herb_id_265,symptom_id_4561,relieves_symptom,symptom
herb_id_265,symptom_id_4567,relieves_symptom,symptom
herb_id_266,symptom_id_2687,relieves_symptom,symptom
herb_id_266,symptom_id_3737,relieves_symptom,symptom
herb_id_267,symptom_id_2134,relieves_symptom,symptom
herb_id_267,symptom_id_2162,relieves_symptom,symptom
herb_id_267,symptom_id_2602,relieves_symptom,symptom
herb_id_267,symptom_id_3486,relieves_symptom,symptom
herb_id_267,symptom_id_3734,relieves_symptom,symptom
herb_id_267,symptom_id_3859,relieves_symptom,symptom
herb_id_267,symptom_id_3953,relieves_symptom,symptom
herb_id_267,symptom_id_4586,relieves_symptom,symptom
herb_id_268,symptom_id_974,relieves_symptom,symptom
herb_id_268,symptom_id_1187,relieves_symptom,symptom
herb_id_268,symptom_id_2009,relieves_symptom,symptom
herb_id_268,symptom_id_2772,relieves_symptom,symptom
herb_id_268,symptom_id_2817,relieves_symptom,symptom
herb_id_268,symptom_id_3372,relieves_symptom,symptom
herb_id_268,symptom_id_3845,relieves_symptom,symptom
herb_id_268,symptom_id_3953,relieves_symptom,symptom
herb_id_268,symptom_id_4098,relieves_symptom,symptom
herb_id_269,symptom_id_4652,relieves_symptom,symptom
herb_id_269,symptom_id_3533,relieves_symptom,symptom
herb_id_269,symptom_id_2175,relieves_symptom,symptom
herb_id_269,symptom_id_2623,relieves_symptom,symptom
herb_id_269,symptom_id_3845,relieves_symptom,symptom
herb_id_269,symptom_id_3826,relieves_symptom,symptom
herb_id_270,symptom_id_1070,relieves_symptom,symptom
herb_id_270,symptom_id_2134,relieves_symptom,symptom
herb_id_270,symptom_id_2162,relieves_symptom,symptom
herb_id_270,symptom_id_3676,relieves_symptom,symptom
herb_id_270,symptom_id_4537,relieves_symptom,symptom
herb_id_270,symptom_id_4554,relieves_symptom,symptom
herb_id_271,symptom_id_2162,relieves_symptom,symptom
herb_id_271,symptom_id_2275,relieves_symptom,symptom
herb_id_271,symptom_id_2988,relieves_symptom,symptom
herb_id_271,symptom_id_1454,relieves_symptom,symptom
herb_id_271,symptom_id_2134,relieves_symptom,symptom
herb_id_271,symptom_id_3697,relieves_symptom,symptom
herb_id_271,symptom_id_3315,relieves_symptom,symptom
herb_id_271,symptom_id_3310,relieves_symptom,symptom
herb_id_271,symptom_id_3213,relieves_symptom,symptom
herb_id_271,symptom_id_2226,relieves_symptom,symptom
herb_id_271,symptom_id_2668,relieves_symptom,symptom
herb_id_272,symptom_id_274,relieves_symptom,symptom
herb_id_272,symptom_id_884,relieves_symptom,symptom
herb_id_272,symptom_id_2557,relieves_symptom,symptom
herb_id_272,symptom_id_2979,relieves_symptom,symptom
herb_id_272,symptom_id_3677,relieves_symptom,symptom
herb_id_272,symptom_id_4652,relieves_symptom,symptom
herb_id_273,symptom_id_280,relieves_symptom,symptom
herb_id_273,symptom_id_1035,relieves_symptom,symptom
herb_id_273,symptom_id_1221,relieves_symptom,symptom
herb_id_273,symptom_id_1343,relieves_symptom,symptom
herb_id_273,symptom_id_1435,relieves_symptom,symptom
herb_id_273,symptom_id_1444,relieves_symptom,symptom
herb_id_273,symptom_id_1613,relieves_symptom,symptom
herb_id_273,symptom_id_1903,relieves_symptom,symptom
herb_id_273,symptom_id_2054,relieves_symptom,symptom
herb_id_273,symptom_id_3391,relieves_symptom,symptom
herb_id_273,symptom_id_3534,relieves_symptom,symptom
herb_id_273,symptom_id_3935,relieves_symptom,symptom
herb_id_273,symptom_id_4075,relieves_symptom,symptom
herb_id_273,symptom_id_4219,relieves_symptom,symptom
herb_id_274,symptom_id_4597,relieves_symptom,symptom
herb_id_275,symptom_id_250,relieves_symptom,symptom
herb_id_275,symptom_id_1053,relieves_symptom,symptom
herb_id_275,symptom_id_1051,relieves_symptom,symptom
herb_id_275,symptom_id_2181,relieves_symptom,symptom
herb_id_275,symptom_id_4016,relieves_symptom,symptom
herb_id_276,symptom_id_1922,relieves_symptom,symptom
herb_id_276,symptom_id_4620,relieves_symptom,symptom
herb_id_277,symptom_id_480,relieves_symptom,symptom
herb_id_277,symptom_id_551,relieves_symptom,symptom
herb_id_277,symptom_id_663,relieves_symptom,symptom
herb_id_277,symptom_id_705,relieves_symptom,symptom
herb_id_277,symptom_id_737,relieves_symptom,symptom
herb_id_277,symptom_id_742,relieves_symptom,symptom
herb_id_277,symptom_id_814,relieves_symptom,symptom
herb_id_277,symptom_id_1508,relieves_symptom,symptom
herb_id_277,symptom_id_2091,relieves_symptom,symptom
herb_id_277,symptom_id_2258,relieves_symptom,symptom
herb_id_277,symptom_id_3595,relieves_symptom,symptom
herb_id_277,symptom_id_4100,relieves_symptom,symptom
herb_id_277,symptom_id_4733,relieves_symptom,symptom
herb_id_278,symptom_id_296,relieves_symptom,symptom
herb_id_278,symptom_id_1577,relieves_symptom,symptom
herb_id_278,symptom_id_3607,relieves_symptom,symptom
herb_id_278,symptom_id_3733,relieves_symptom,symptom
herb_id_279,symptom_id_223,relieves_symptom,symptom
herb_id_279,symptom_id_480,relieves_symptom,symptom
herb_id_279,symptom_id_742,relieves_symptom,symptom
herb_id_279,symptom_id_1187,relieves_symptom,symptom
herb_id_279,symptom_id_1286,relieves_symptom,symptom
herb_id_279,symptom_id_1707,relieves_symptom,symptom
herb_id_279,symptom_id_1936,relieves_symptom,symptom
herb_id_279,symptom_id_2091,relieves_symptom,symptom
herb_id_279,symptom_id_2712,relieves_symptom,symptom
herb_id_279,symptom_id_4541,relieves_symptom,symptom
herb_id_279,symptom_id_4568,relieves_symptom,symptom
herb_id_279,symptom_id_4579,relieves_symptom,symptom
herb_id_279,symptom_id_4675,relieves_symptom,symptom
herb_id_279,symptom_id_4751,relieves_symptom,symptom
herb_id_280,symptom_id_2109,relieves_symptom,symptom
herb_id_280,symptom_id_4587,relieves_symptom,symptom
herb_id_281,symptom_id_2998,relieves_symptom,symptom
herb_id_281,symptom_id_3044,relieves_symptom,symptom
herb_id_281,symptom_id_3785,relieves_symptom,symptom
herb_id_281,symptom_id_4217,relieves_symptom,symptom
herb_id_281,symptom_id_4314,relieves_symptom,symptom
herb_id_281,symptom_id_4554,relieves_symptom,symptom
herb_id_282,symptom_id_649,relieves_symptom,symptom
herb_id_282,symptom_id_670,relieves_symptom,symptom
herb_id_282,symptom_id_3732,relieves_symptom,symptom
herb_id_282,symptom_id_3845,relieves_symptom,symptom
herb_id_282,symptom_id_4325,relieves_symptom,symptom
herb_id_283,symptom_id_2209,relieves_symptom,symptom
herb_id_283,symptom_id_3732,relieves_symptom,symptom
herb_id_283,symptom_id_3834,relieves_symptom,symptom
herb_id_283,symptom_id_3845,relieves_symptom,symptom
herb_id_284,symptom_id_3087,relieves_symptom,symptom
herb_id_284,symptom_id_161,relieves_symptom,symptom
herb_id_284,symptom_id_2650,relieves_symptom,symptom
herb_id_284,symptom_id_2635,relieves_symptom,symptom
herb_id_284,symptom_id_2497,relieves_symptom,symptom
herb_id_284,symptom_id_4554,relieves_symptom,symptom
herb_id_284,symptom_id_3234,relieves_symptom,symptom
herb_id_284,symptom_id_1522,relieves_symptom,symptom
herb_id_285,symptom_id_3834,relieves_symptom,symptom
herb_id_285,symptom_id_3845,relieves_symptom,symptom
herb_id_285,symptom_id_3859,relieves_symptom,symptom
herb_id_286,symptom_id_2176,relieves_symptom,symptom
herb_id_286,symptom_id_3137,relieves_symptom,symptom
herb_id_287,symptom_id_1435,relieves_symptom,symptom
herb_id_287,symptom_id_1458,relieves_symptom,symptom
herb_id_287,symptom_id_4081,relieves_symptom,symptom
herb_id_287,symptom_id_4100,relieves_symptom,symptom
herb_id_288,symptom_id_2134,relieves_symptom,symptom
herb_id_288,symptom_id_2162,relieves_symptom,symptom
herb_id_288,symptom_id_2602,relieves_symptom,symptom
herb_id_288,symptom_id_3486,relieves_symptom,symptom
herb_id_288,symptom_id_3734,relieves_symptom,symptom
herb_id_288,symptom_id_3859,relieves_symptom,symptom
herb_id_288,symptom_id_3953,relieves_symptom,symptom
herb_id_288,symptom_id_4586,relieves_symptom,symptom
herb_id_289,symptom_id_3677,relieves_symptom,symptom
herb_id_289,symptom_id_4620,relieves_symptom,symptom
herb_id_290,symptom_id_1753,relieves_symptom,symptom
herb_id_290,symptom_id_3953,relieves_symptom,symptom
herb_id_290,symptom_id_2772,relieves_symptom,symptom
herb_id_290,symptom_id_4279,relieves_symptom,symptom
herb_id_290,symptom_id_2226,relieves_symptom,symptom
herb_id_290,symptom_id_1458,relieves_symptom,symptom
herb_id_290,symptom_id_1493,relieves_symptom,symptom
herb_id_290,symptom_id_2635,relieves_symptom,symptom
herb_id_290,symptom_id_2640,relieves_symptom,symptom
herb_id_290,symptom_id_2817,relieves_symptom,symptom
herb_id_290,symptom_id_3133,relieves_symptom,symptom
herb_id_290,symptom_id_2629,relieves_symptom,symptom
herb_id_290,symptom_id_3418,relieves_symptom,symptom
herb_id_290,symptom_id_2166,relieves_symptom,symptom
herb_id_290,symptom_id_2358,relieves_symptom,symptom
herb_id_290,symptom_id_1914,relieves_symptom,symptom
herb_id_291,symptom_id_743,relieves_symptom,symptom
herb_id_291,symptom_id_2221,relieves_symptom,symptom
herb_id_291,symptom_id_2590,relieves_symptom,symptom
herb_id_292,symptom_id_1753,relieves_symptom,symptom
herb_id_292,symptom_id_2655,relieves_symptom,symptom
herb_id_292,symptom_id_1655,relieves_symptom,symptom
herb_id_292,symptom_id_304,relieves_symptom,symptom
herb_id_292,symptom_id_1153,relieves_symptom,symptom
herb_id_292,symptom_id_3955,relieves_symptom,symptom
herb_id_292,symptom_id_4280,relieves_symptom,symptom
herb_id_292,symptom_id_669,relieves_symptom,symptom
herb_id_292,symptom_id_1460,relieves_symptom,symptom
herb_id_292,symptom_id_2177,relieves_symptom,symptom
herb_id_292,symptom_id_2280,relieves_symptom,symptom
herb_id_292,symptom_id_501,relieves_symptom,symptom
herb_id_293,symptom_id_97,relieves_symptom,symptom
herb_id_293,symptom_id_3573,relieves_symptom,symptom
herb_id_293,symptom_id_688,relieves_symptom,symptom
herb_id_293,symptom_id_2162,relieves_symptom,symptom
herb_id_293,symptom_id_24,relieves_symptom,symptom
herb_id_293,symptom_id_1274,relieves_symptom,symptom
herb_id_294,symptom_id_219,relieves_symptom,symptom
herb_id_294,symptom_id_2236,relieves_symptom,symptom
herb_id_294,symptom_id_2314,relieves_symptom,symptom
herb_id_294,symptom_id_2162,relieves_symptom,symptom
herb_id_294,symptom_id_2538,relieves_symptom,symptom
herb_id_294,symptom_id_2643,relieves_symptom,symptom
herb_id_294,symptom_id_4702,relieves_symptom,symptom
herb_id_294,symptom_id_1619,relieves_symptom,symptom
herb_id_294,symptom_id_3129,relieves_symptom,symptom
herb_id_295,symptom_id_383,relieves_symptom,symptom
herb_id_295,symptom_id_1459,relieves_symptom,symptom
herb_id_295,symptom_id_1655,relieves_symptom,symptom
herb_id_295,symptom_id_2009,relieves_symptom,symptom
herb_id_295,symptom_id_2773,relieves_symptom,symptom
herb_id_295,symptom_id_2817,relieves_symptom,symptom
herb_id_295,symptom_id_3133,relieves_symptom,symptom
herb_id_295,symptom_id_3193,relieves_symptom,symptom
herb_id_295,symptom_id_3785,relieves_symptom,symptom
herb_id_295,symptom_id_4098,relieves_symptom,symptom
herb_id_295,symptom_id_4505,relieves_symptom,symptom
herb_id_295,symptom_id_4683,relieves_symptom,symptom
herb_id_296,symptom_id_383,relieves_symptom,symptom
herb_id_296,symptom_id_1459,relieves_symptom,symptom
herb_id_296,symptom_id_1655,relieves_symptom,symptom
herb_id_296,symptom_id_2009,relieves_symptom,symptom
herb_id_296,symptom_id_2773,relieves_symptom,symptom
herb_id_296,symptom_id_2817,relieves_symptom,symptom
herb_id_296,symptom_id_3133,relieves_symptom,symptom
herb_id_296,symptom_id_3193,relieves_symptom,symptom
herb_id_296,symptom_id_3785,relieves_symptom,symptom
herb_id_296,symptom_id_4098,relieves_symptom,symptom
herb_id_296,symptom_id_4505,relieves_symptom,symptom
herb_id_296,symptom_id_4683,relieves_symptom,symptom
herb_id_297,symptom_id_383,relieves_symptom,symptom
herb_id_297,symptom_id_1459,relieves_symptom,symptom
herb_id_297,symptom_id_1655,relieves_symptom,symptom
herb_id_297,symptom_id_2009,relieves_symptom,symptom
herb_id_297,symptom_id_2773,relieves_symptom,symptom
herb_id_297,symptom_id_2817,relieves_symptom,symptom
herb_id_297,symptom_id_3133,relieves_symptom,symptom
herb_id_297,symptom_id_3193,relieves_symptom,symptom
herb_id_297,symptom_id_3785,relieves_symptom,symptom
herb_id_297,symptom_id_4098,relieves_symptom,symptom
herb_id_297,symptom_id_4505,relieves_symptom,symptom
herb_id_297,symptom_id_4683,relieves_symptom,symptom
herb_id_298,symptom_id_1246,relieves_symptom,symptom
herb_id_298,symptom_id_4164,relieves_symptom,symptom
herb_id_298,symptom_id_4622,relieves_symptom,symptom
herb_id_298,symptom_id_2538,relieves_symptom,symptom
herb_id_298,symptom_id_4291,relieves_symptom,symptom
herb_id_298,symptom_id_2616,relieves_symptom,symptom
herb_id_298,symptom_id_2651,relieves_symptom,symptom
herb_id_298,symptom_id_2337,relieves_symptom,symptom
herb_id_298,symptom_id_2004,relieves_symptom,symptom
herb_id_298,symptom_id_663,relieves_symptom,symptom
herb_id_298,symptom_id_4100,relieves_symptom,symptom
herb_id_298,symptom_id_4326,relieves_symptom,symptom
herb_id_298,symptom_id_2134,relieves_symptom,symptom
herb_id_298,symptom_id_2226,relieves_symptom,symptom
herb_id_298,symptom_id_2486,relieves_symptom,symptom
herb_id_298,symptom_id_2414,relieves_symptom,symptom
herb_id_298,symptom_id_2157,relieves_symptom,symptom
herb_id_299,symptom_id_742,relieves_symptom,symptom
herb_id_299,symptom_id_891,relieves_symptom,symptom
herb_id_299,symptom_id_873,relieves_symptom,symptom
herb_id_299,symptom_id_3212,relieves_symptom,symptom
herb_id_300,symptom_id_3759,relieves_symptom,symptom
herb_id_300,symptom_id_4545,relieves_symptom,symptom
herb_id_300,symptom_id_3317,relieves_symptom,symptom
herb_id_300,symptom_id_1769,relieves_symptom,symptom
herb_id_300,symptom_id_1775,relieves_symptom,symptom
herb_id_300,symptom_id_4279,relieves_symptom,symptom
herb_id_300,symptom_id_2668,relieves_symptom,symptom
herb_id_301,symptom_id_558,relieves_symptom,symptom
herb_id_301,symptom_id_663,relieves_symptom,symptom
herb_id_301,symptom_id_1187,relieves_symptom,symptom
herb_id_301,symptom_id_2134,relieves_symptom,symptom
herb_id_301,symptom_id_2230,relieves_symptom,symptom
herb_id_301,symptom_id_2373,relieves_symptom,symptom
herb_id_301,symptom_id_2526,relieves_symptom,symptom
herb_id_301,symptom_id_2817,relieves_symptom,symptom
herb_id_301,symptom_id_2996,relieves_symptom,symptom
herb_id_301,symptom_id_3087,relieves_symptom,symptom
herb_id_301,symptom_id_3784,relieves_symptom,symptom
herb_id_301,symptom_id_4100,relieves_symptom,symptom
herb_id_302,symptom_id_123,relieves_symptom,symptom
herb_id_302,symptom_id_742,relieves_symptom,symptom
herb_id_302,symptom_id_782,relieves_symptom,symptom
herb_id_302,symptom_id_2473,relieves_symptom,symptom
herb_id_302,symptom_id_2505,relieves_symptom,symptom
herb_id_302,symptom_id_2560,relieves_symptom,symptom
herb_id_302,symptom_id_4563,relieves_symptom,symptom
herb_id_302,symptom_id_4566,relieves_symptom,symptom
herb_id_302,symptom_id_4715,relieves_symptom,symptom
herb_id_303,symptom_id_2346,relieves_symptom,symptom
herb_id_303,symptom_id_121,relieves_symptom,symptom
herb_id_303,symptom_id_1754,relieves_symptom,symptom
herb_id_303,symptom_id_2658,relieves_symptom,symptom
herb_id_303,symptom_id_782,relieves_symptom,symptom
herb_id_303,symptom_id_577,relieves_symptom,symptom
herb_id_303,symptom_id_2502,relieves_symptom,symptom
herb_id_304,symptom_id_412,relieves_symptom,symptom
herb_id_304,symptom_id_681,relieves_symptom,symptom
herb_id_304,symptom_id_1152,relieves_symptom,symptom
herb_id_304,symptom_id_1460,relieves_symptom,symptom
herb_id_304,symptom_id_1748,relieves_symptom,symptom
herb_id_304,symptom_id_1914,relieves_symptom,symptom
herb_id_304,symptom_id_2288,relieves_symptom,symptom
herb_id_304,symptom_id_2638,relieves_symptom,symptom
herb_id_304,symptom_id_2650,relieves_symptom,symptom
herb_id_304,symptom_id_2772,relieves_symptom,symptom
herb_id_304,symptom_id_2817,relieves_symptom,symptom
herb_id_304,symptom_id_3133,relieves_symptom,symptom
herb_id_304,symptom_id_3418,relieves_symptom,symptom
herb_id_304,symptom_id_3953,relieves_symptom,symptom
herb_id_304,symptom_id_4279,relieves_symptom,symptom
herb_id_305,symptom_id_179,relieves_symptom,symptom
herb_id_305,symptom_id_884,relieves_symptom,symptom
herb_id_305,symptom_id_2136,relieves_symptom,symptom
herb_id_305,symptom_id_2604,relieves_symptom,symptom
herb_id_305,symptom_id_3845,relieves_symptom,symptom
herb_id_305,symptom_id_4033,relieves_symptom,symptom
herb_id_306,symptom_id_123,relieves_symptom,symptom
herb_id_306,symptom_id_663,relieves_symptom,symptom
herb_id_306,symptom_id_1752,relieves_symptom,symptom
herb_id_306,symptom_id_1918,relieves_symptom,symptom
herb_id_306,symptom_id_2315,relieves_symptom,symptom
herb_id_306,symptom_id_3496,relieves_symptom,symptom
herb_id_306,symptom_id_4690,relieves_symptom,symptom
herb_id_306,symptom_id_4775,relieves_symptom,symptom
herb_id_307,symptom_id_3763,relieves_symptom,symptom
herb_id_307,symptom_id_3942,relieves_symptom,symptom
herb_id_307,symptom_id_3693,relieves_symptom,symptom
herb_id_307,symptom_id_1266,relieves_symptom,symptom
herb_id_307,symptom_id_1151,relieves_symptom,symptom
herb_id_307,symptom_id_1449,relieves_symptom,symptom
herb_id_307,symptom_id_4279,relieves_symptom,symptom
herb_id_307,symptom_id_2668,relieves_symptom,symptom
herb_id_308,symptom_id_1187,relieves_symptom,symptom
herb_id_308,symptom_id_1401,relieves_symptom,symptom
herb_id_308,symptom_id_3779,relieves_symptom,symptom
herb_id_308,symptom_id_4538,relieves_symptom,symptom
herb_id_308,symptom_id_4539,relieves_symptom,symptom
herb_id_309,symptom_id_663,relieves_symptom,symptom
herb_id_309,symptom_id_755,relieves_symptom,symptom
herb_id_309,symptom_id_1459,relieves_symptom,symptom
herb_id_309,symptom_id_2426,relieves_symptom,symptom
herb_id_309,symptom_id_2505,relieves_symptom,symptom
herb_id_309,symptom_id_3710,relieves_symptom,symptom
herb_id_309,symptom_id_4086,relieves_symptom,symptom
herb_id_309,symptom_id_4343,relieves_symptom,symptom
herb_id_310,symptom_id_117,relieves_symptom,symptom
herb_id_310,symptom_id_1214,relieves_symptom,symptom
herb_id_310,symptom_id_4576,relieves_symptom,symptom
herb_id_310,symptom_id_873,relieves_symptom,symptom
herb_id_310,symptom_id_2554,relieves_symptom,symptom
herb_id_310,symptom_id_2532,relieves_symptom,symptom
herb_id_310,symptom_id_349,relieves_symptom,symptom
herb_id_310,symptom_id_2500,relieves_symptom,symptom
herb_id_310,symptom_id_2431,relieves_symptom,symptom
herb_id_310,symptom_id_2647,relieves_symptom,symptom
herb_id_310,symptom_id_1184,relieves_symptom,symptom
herb_id_311,symptom_id_1286,relieves_symptom,symptom
herb_id_311,symptom_id_2134,relieves_symptom,symptom
herb_id_311,symptom_id_2162,relieves_symptom,symptom
herb_id_311,symptom_id_2226,relieves_symptom,symptom
herb_id_312,symptom_id_797,relieves_symptom,symptom
herb_id_312,symptom_id_2180,relieves_symptom,symptom
herb_id_312,symptom_id_2234,relieves_symptom,symptom
herb_id_312,symptom_id_2325,relieves_symptom,symptom
herb_id_312,symptom_id_2340,relieves_symptom,symptom
herb_id_312,symptom_id_2505,relieves_symptom,symptom
herb_id_312,symptom_id_2635,relieves_symptom,symptom
herb_id_312,symptom_id_2667,relieves_symptom,symptom
herb_id_312,symptom_id_2796,relieves_symptom,symptom
herb_id_312,symptom_id_3976,relieves_symptom,symptom
herb_id_312,symptom_id_4680,relieves_symptom,symptom
herb_id_313,symptom_id_123,relieves_symptom,symptom
herb_id_313,symptom_id_577,relieves_symptom,symptom
herb_id_313,symptom_id_782,relieves_symptom,symptom
herb_id_313,symptom_id_1113,relieves_symptom,symptom
herb_id_313,symptom_id_1247,relieves_symptom,symptom
herb_id_313,symptom_id_2383,relieves_symptom,symptom
herb_id_313,symptom_id_2500,relieves_symptom,symptom
herb_id_313,symptom_id_2796,relieves_symptom,symptom
herb_id_313,symptom_id_3840,relieves_symptom,symptom
herb_id_314,symptom_id_383,relieves_symptom,symptom
herb_id_314,symptom_id_786,relieves_symptom,symptom
herb_id_314,symptom_id_2362,relieves_symptom,symptom
herb_id_314,symptom_id_3320,relieves_symptom,symptom
herb_id_315,symptom_id_167,relieves_symptom,symptom
herb_id_315,symptom_id_667,relieves_symptom,symptom
herb_id_315,symptom_id_3032,relieves_symptom,symptom
herb_id_315,symptom_id_3185,relieves_symptom,symptom
herb_id_315,symptom_id_3335,relieves_symptom,symptom
herb_id_315,symptom_id_3461,relieves_symptom,symptom
herb_id_315,symptom_id_3470,relieves_symptom,symptom
herb_id_315,symptom_id_3697,relieves_symptom,symptom
herb_id_315,symptom_id_4702,relieves_symptom,symptom
herb_id_315,symptom_id_4733,relieves_symptom,symptom
herb_id_315,symptom_id_4764,relieves_symptom,symptom
herb_id_316,symptom_id_161,relieves_symptom,symptom
herb_id_316,symptom_id_168,relieves_symptom,symptom
herb_id_316,symptom_id_2231,relieves_symptom,symptom
herb_id_316,symptom_id_2526,relieves_symptom,symptom
herb_id_316,symptom_id_3087,relieves_symptom,symptom
herb_id_317,symptom_id_3196,relieves_symptom,symptom
herb_id_317,symptom_id_1924,relieves_symptom,symptom
herb_id_317,symptom_id_664,relieves_symptom,symptom
herb_id_317,symptom_id_2009,relieves_symptom,symptom
herb_id_317,symptom_id_4179,relieves_symptom,symptom
herb_id_317,symptom_id_2538,relieves_symptom,symptom
herb_id_317,symptom_id_167,relieves_symptom,symptom
herb_id_317,symptom_id_3355,relieves_symptom,symptom
herb_id_318,symptom_id_4691,relieves_symptom,symptom
herb_id_318,symptom_id_2951,relieves_symptom,symptom
herb_id_318,symptom_id_4166,relieves_symptom,symptom
herb_id_318,symptom_id_1753,relieves_symptom,symptom
herb_id_318,symptom_id_2817,relieves_symptom,symptom
herb_id_318,symptom_id_1603,relieves_symptom,symptom
herb_id_318,symptom_id_2505,relieves_symptom,symptom
herb_id_319,symptom_id_1748,relieves_symptom,symptom
herb_id_319,symptom_id_1655,relieves_symptom,symptom
herb_id_319,symptom_id_2657,relieves_symptom,symptom
herb_id_319,symptom_id_1757,relieves_symptom,symptom
herb_id_319,symptom_id_2314,relieves_symptom,symptom
herb_id_319,symptom_id_873,relieves_symptom,symptom
herb_id_319,symptom_id_559,relieves_symptom,symptom
herb_id_319,symptom_id_2785,relieves_symptom,symptom
herb_id_319,symptom_id_2441,relieves_symptom,symptom
herb_id_320,symptom_id_1152,relieves_symptom,symptom
herb_id_320,symptom_id_1187,relieves_symptom,symptom
herb_id_320,symptom_id_1748,relieves_symptom,symptom
herb_id_320,symptom_id_2804,relieves_symptom,symptom
herb_id_320,symptom_id_2817,relieves_symptom,symptom
herb_id_320,symptom_id_4123,relieves_symptom,symptom
herb_id_321,symptom_id_302,relieves_symptom,symptom
herb_id_321,symptom_id_1152,relieves_symptom,symptom
herb_id_321,symptom_id_1290,relieves_symptom,symptom
herb_id_321,symptom_id_1748,relieves_symptom,symptom
herb_id_321,symptom_id_1755,relieves_symptom,symptom
herb_id_321,symptom_id_2493,relieves_symptom,symptom
herb_id_321,symptom_id_2657,relieves_symptom,symptom
herb_id_321,symptom_id_3845,relieves_symptom,symptom
herb_id_321,symptom_id_4077,relieves_symptom,symptom
herb_id_321,symptom_id_4214,relieves_symptom,symptom
herb_id_321,symptom_id_4305,relieves_symptom,symptom
herb_id_322,symptom_id_1755,relieves_symptom,symptom
herb_id_322,symptom_id_2657,relieves_symptom,symptom
herb_id_322,symptom_id_1748,relieves_symptom,symptom
herb_id_322,symptom_id_1152,relieves_symptom,symptom
herb_id_322,symptom_id_4077,relieves_symptom,symptom
herb_id_322,symptom_id_1290,relieves_symptom,symptom
herb_id_322,symptom_id_4305,relieves_symptom,symptom
herb_id_322,symptom_id_192,relieves_symptom,symptom
herb_id_322,symptom_id_302,relieves_symptom,symptom
herb_id_322,symptom_id_3845,relieves_symptom,symptom
herb_id_322,symptom_id_2493,relieves_symptom,symptom
herb_id_322,symptom_id_4214,relieves_symptom,symptom
herb_id_323,symptom_id_14,relieves_symptom,symptom
herb_id_323,symptom_id_873,relieves_symptom,symptom
herb_id_323,symptom_id_980,relieves_symptom,symptom
herb_id_323,symptom_id_2267,relieves_symptom,symptom
herb_id_323,symptom_id_2571,relieves_symptom,symptom
herb_id_323,symptom_id_3512,relieves_symptom,symptom
herb_id_323,symptom_id_4572,relieves_symptom,symptom
herb_id_323,symptom_id_4751,relieves_symptom,symptom
herb_id_324,symptom_id_152,relieves_symptom,symptom
herb_id_324,symptom_id_2364,relieves_symptom,symptom
herb_id_324,symptom_id_2500,relieves_symptom,symptom
herb_id_324,symptom_id_2578,relieves_symptom,symptom
herb_id_325,symptom_id_2578,relieves_symptom,symptom
herb_id_325,symptom_id_3602,relieves_symptom,symptom
herb_id_326,symptom_id_2166,relieves_symptom,symptom
herb_id_326,symptom_id_2635,relieves_symptom,symptom
herb_id_326,symptom_id_2640,relieves_symptom,symptom
herb_id_326,symptom_id_2650,relieves_symptom,symptom
herb_id_326,symptom_id_3418,relieves_symptom,symptom
herb_id_326,symptom_id_4507,relieves_symptom,symptom
herb_id_326,symptom_id_4742,relieves_symptom,symptom
herb_id_327,symptom_id_296,relieves_symptom,symptom
herb_id_327,symptom_id_742,relieves_symptom,symptom
herb_id_327,symptom_id_2468,relieves_symptom,symptom
herb_id_327,symptom_id_1586,relieves_symptom,symptom
herb_id_327,symptom_id_2102,relieves_symptom,symptom
herb_id_327,symptom_id_2505,relieves_symptom,symptom
herb_id_327,symptom_id_2560,relieves_symptom,symptom
herb_id_327,symptom_id_2307,relieves_symptom,symptom
herb_id_327,symptom_id_3666,relieves_symptom,symptom
herb_id_327,symptom_id_3733,relieves_symptom,symptom
herb_id_328,symptom_id_2493,relieves_symptom,symptom
herb_id_328,symptom_id_782,relieves_symptom,symptom
herb_id_329,symptom_id_177,relieves_symptom,symptom
herb_id_329,symptom_id_2120,relieves_symptom,symptom
herb_id_329,symptom_id_2136,relieves_symptom,symptom
herb_id_329,symptom_id_2505,relieves_symptom,symptom
herb_id_329,symptom_id_2604,relieves_symptom,symptom
herb_id_329,symptom_id_2657,relieves_symptom,symptom
herb_id_329,symptom_id_3571,relieves_symptom,symptom
herb_id_329,symptom_id_4570,relieves_symptom,symptom
herb_id_330,symptom_id_3998,relieves_symptom,symptom
herb_id_330,symptom_id_3212,relieves_symptom,symptom
herb_id_331,symptom_id_690,relieves_symptom,symptom
herb_id_331,symptom_id_740,relieves_symptom,symptom
herb_id_331,symptom_id_1187,relieves_symptom,symptom
herb_id_331,symptom_id_2065,relieves_symptom,symptom
herb_id_331,symptom_id_2274,relieves_symptom,symptom
herb_id_331,symptom_id_2507,relieves_symptom,symptom
herb_id_331,symptom_id_2550,relieves_symptom,symptom
herb_id_331,symptom_id_2560,relieves_symptom,symptom
herb_id_331,symptom_id_2602,relieves_symptom,symptom
herb_id_331,symptom_id_3562,relieves_symptom,symptom
herb_id_331,symptom_id_4570,relieves_symptom,symptom
herb_id_331,symptom_id_2817,relieves_symptom,symptom
herb_id_332,symptom_id_383,relieves_symptom,symptom
herb_id_332,symptom_id_667,relieves_symptom,symptom
herb_id_332,symptom_id_2180,relieves_symptom,symptom
herb_id_332,symptom_id_2234,relieves_symptom,symptom
herb_id_332,symptom_id_2325,relieves_symptom,symptom
herb_id_332,symptom_id_2340,relieves_symptom,symptom
herb_id_332,symptom_id_3976,relieves_symptom,symptom
herb_id_332,symptom_id_4351,relieves_symptom,symptom
herb_id_332,symptom_id_4681,relieves_symptom,symptom
herb_id_333,symptom_id_274,relieves_symptom,symptom
herb_id_333,symptom_id_403,relieves_symptom,symptom
herb_id_333,symptom_id_527,relieves_symptom,symptom
herb_id_333,symptom_id_551,relieves_symptom,symptom
herb_id_333,symptom_id_1169,relieves_symptom,symptom
herb_id_333,symptom_id_2326,relieves_symptom,symptom
herb_id_333,symptom_id_2879,relieves_symptom,symptom
herb_id_334,symptom_id_383,relieves_symptom,symptom
herb_id_334,symptom_id_667,relieves_symptom,symptom
herb_id_334,symptom_id_2180,relieves_symptom,symptom
herb_id_334,symptom_id_2234,relieves_symptom,symptom
herb_id_334,symptom_id_2325,relieves_symptom,symptom
herb_id_334,symptom_id_2340,relieves_symptom,symptom
herb_id_334,symptom_id_3976,relieves_symptom,symptom
herb_id_334,symptom_id_4351,relieves_symptom,symptom
herb_id_334,symptom_id_4681,relieves_symptom,symptom
herb_id_335,symptom_id_210,relieves_symptom,symptom
herb_id_335,symptom_id_274,relieves_symptom,symptom
herb_id_335,symptom_id_1247,relieves_symptom,symptom
herb_id_335,symptom_id_1438,relieves_symptom,symptom
herb_id_335,symptom_id_2134,relieves_symptom,symptom
herb_id_335,symptom_id_2230,relieves_symptom,symptom
herb_id_335,symptom_id_2263,relieves_symptom,symptom
herb_id_335,symptom_id_2323,relieves_symptom,symptom
herb_id_335,symptom_id_2502,relieves_symptom,symptom
herb_id_335,symptom_id_2624,relieves_symptom,symptom
herb_id_335,symptom_id_2799,relieves_symptom,symptom
herb_id_335,symptom_id_3213,relieves_symptom,symptom
herb_id_335,symptom_id_3845,relieves_symptom,symptom
herb_id_335,symptom_id_4082,relieves_symptom,symptom
herb_id_335,symptom_id_4217,relieves_symptom,symptom
herb_id_335,symptom_id_4733,relieves_symptom,symptom
herb_id_336,symptom_id_1278,relieves_symptom,symptom
herb_id_336,symptom_id_742,relieves_symptom,symptom
herb_id_336,symptom_id_3403,relieves_symptom,symptom
herb_id_336,symptom_id_4537,relieves_symptom,symptom
herb_id_336,symptom_id_4708,relieves_symptom,symptom
herb_id_337,symptom_id_1286,relieves_symptom,symptom
herb_id_337,symptom_id_2136,relieves_symptom,symptom
herb_id_338,symptom_id_141,relieves_symptom,symptom
herb_id_338,symptom_id_206,relieves_symptom,symptom
herb_id_338,symptom_id_423,relieves_symptom,symptom
herb_id_338,symptom_id_470,relieves_symptom,symptom
herb_id_338,symptom_id_674,relieves_symptom,symptom
herb_id_338,symptom_id_1187,relieves_symptom,symptom
herb_id_338,symptom_id_1458,relieves_symptom,symptom
herb_id_338,symptom_id_1951,relieves_symptom,symptom
herb_id_338,symptom_id_2817,relieves_symptom,symptom
herb_id_338,symptom_id_4349,relieves_symptom,symptom
herb_id_338,symptom_id_2772,relieves_symptom,symptom
herb_id_338,symptom_id_4586,relieves_symptom,symptom
herb_id_338,symptom_id_295,relieves_symptom,symptom
herb_id_339,symptom_id_1152,relieves_symptom,symptom
herb_id_339,symptom_id_1748,relieves_symptom,symptom
herb_id_339,symptom_id_2638,relieves_symptom,symptom
herb_id_339,symptom_id_2650,relieves_symptom,symptom
herb_id_339,symptom_id_2817,relieves_symptom,symptom
herb_id_339,symptom_id_3133,relieves_symptom,symptom
herb_id_340,symptom_id_296,relieves_symptom,symptom
herb_id_340,symptom_id_742,relieves_symptom,symptom
herb_id_340,symptom_id_2468,relieves_symptom,symptom
herb_id_340,symptom_id_1586,relieves_symptom,symptom
herb_id_340,symptom_id_2102,relieves_symptom,symptom
herb_id_340,symptom_id_2505,relieves_symptom,symptom
herb_id_340,symptom_id_2560,relieves_symptom,symptom
herb_id_340,symptom_id_2307,relieves_symptom,symptom
herb_id_340,symptom_id_3666,relieves_symptom,symptom
herb_id_340,symptom_id_3733,relieves_symptom,symptom
herb_id_341,symptom_id_2134,relieves_symptom,symptom
herb_id_341,symptom_id_2162,relieves_symptom,symptom
herb_id_341,symptom_id_2602,relieves_symptom,symptom
herb_id_341,symptom_id_3486,relieves_symptom,symptom
herb_id_341,symptom_id_3734,relieves_symptom,symptom
herb_id_341,symptom_id_3859,relieves_symptom,symptom
herb_id_341,symptom_id_3953,relieves_symptom,symptom
herb_id_341,symptom_id_4586,relieves_symptom,symptom
herb_id_342,symptom_id_974,relieves_symptom,symptom
herb_id_342,symptom_id_1187,relieves_symptom,symptom
herb_id_342,symptom_id_2009,relieves_symptom,symptom
herb_id_342,symptom_id_2772,relieves_symptom,symptom
herb_id_342,symptom_id_2817,relieves_symptom,symptom
herb_id_342,symptom_id_3372,relieves_symptom,symptom
herb_id_342,symptom_id_3845,relieves_symptom,symptom
herb_id_342,symptom_id_3953,relieves_symptom,symptom
herb_id_342,symptom_id_4098,relieves_symptom,symptom
herb_id_343,symptom_id_576,relieves_symptom,symptom
herb_id_343,symptom_id_3733,relieves_symptom,symptom
herb_id_343,symptom_id_3859,relieves_symptom,symptom
herb_id_343,symptom_id_4597,relieves_symptom,symptom
herb_id_343,symptom_id_4620,relieves_symptom,symptom
herb_id_344,symptom_id_136,relieves_symptom,symptom
herb_id_344,symptom_id_139,relieves_symptom,symptom
herb_id_344,symptom_id_492,relieves_symptom,symptom
herb_id_344,symptom_id_1169,relieves_symptom,symptom
herb_id_344,symptom_id_1457,relieves_symptom,symptom
herb_id_344,symptom_id_1775,relieves_symptom,symptom
herb_id_344,symptom_id_2500,relieves_symptom,symptom
herb_id_344,symptom_id_2520,relieves_symptom,symptom
herb_id_344,symptom_id_2635,relieves_symptom,symptom
herb_id_344,symptom_id_2999,relieves_symptom,symptom
herb_id_344,symptom_id_3192,relieves_symptom,symptom
herb_id_344,symptom_id_3219,relieves_symptom,symptom
herb_id_344,symptom_id_3782,relieves_symptom,symptom
herb_id_344,symptom_id_4095,relieves_symptom,symptom
herb_id_344,symptom_id_4279,relieves_symptom,symptom
herb_id_345,symptom_id_2175,relieves_symptom,symptom
herb_id_345,symptom_id_2464,relieves_symptom,symptom
herb_id_345,symptom_id_2921,relieves_symptom,symptom
herb_id_345,symptom_id_3472,relieves_symptom,symptom
herb_id_345,symptom_id_4278,relieves_symptom,symptom
herb_id_345,symptom_id_4279,relieves_symptom,symptom
herb_id_345,symptom_id_4620,relieves_symptom,symptom
herb_id_346,symptom_id_742,relieves_symptom,symptom
herb_id_346,symptom_id_3595,relieves_symptom,symptom
herb_id_346,symptom_id_4537,relieves_symptom,symptom
herb_id_346,symptom_id_4541,relieves_symptom,symptom
herb_id_347,symptom_id_133,relieves_symptom,symptom
herb_id_347,symptom_id_304,relieves_symptom,symptom
herb_id_347,symptom_id_1152,relieves_symptom,symptom
herb_id_347,symptom_id_1169,relieves_symptom,symptom
herb_id_347,symptom_id_1460,relieves_symptom,symptom
herb_id_347,symptom_id_1586,relieves_symptom,symptom
herb_id_347,symptom_id_1655,relieves_symptom,symptom
herb_id_347,symptom_id_1753,relieves_symptom,symptom
herb_id_347,symptom_id_2268,relieves_symptom,symptom
herb_id_347,symptom_id_2280,relieves_symptom,symptom
herb_id_347,symptom_id_2655,relieves_symptom,symptom
herb_id_347,symptom_id_2772,relieves_symptom,symptom
herb_id_347,symptom_id_2788,relieves_symptom,symptom
herb_id_347,symptom_id_4278,relieves_symptom,symptom
herb_id_347,symptom_id_4279,relieves_symptom,symptom
herb_id_348,symptom_id_217,relieves_symptom,symptom
herb_id_348,symptom_id_875,relieves_symptom,symptom
herb_id_348,symptom_id_1755,relieves_symptom,symptom
herb_id_348,symptom_id_2175,relieves_symptom,symptom
herb_id_348,symptom_id_2420,relieves_symptom,symptom
herb_id_348,symptom_id_2464,relieves_symptom,symptom
herb_id_348,symptom_id_3213,relieves_symptom,symptom
herb_id_348,symptom_id_4039,relieves_symptom,symptom
herb_id_349,symptom_id_2351,relieves_symptom,symptom
herb_id_349,symptom_id_150,relieves_symptom,symptom
herb_id_349,symptom_id_2977,relieves_symptom,symptom
herb_id_349,symptom_id_2137,relieves_symptom,symptom
herb_id_349,symptom_id_435,relieves_symptom,symptom
herb_id_350,symptom_id_2772,relieves_symptom,symptom
herb_id_350,symptom_id_4279,relieves_symptom,symptom
herb_id_350,symptom_id_663,relieves_symptom,symptom
herb_id_350,symptom_id_2426,relieves_symptom,symptom
herb_id_350,symptom_id_1641,relieves_symptom,symptom
herb_id_350,symptom_id_1223,relieves_symptom,symptom
herb_id_351,symptom_id_2136,relieves_symptom,symptom
herb_id_351,symptom_id_179,relieves_symptom,symptom
herb_id_351,symptom_id_2604,relieves_symptom,symptom
herb_id_351,symptom_id_2121,relieves_symptom,symptom
herb_id_351,symptom_id_4035,relieves_symptom,symptom
herb_id_351,symptom_id_4045,relieves_symptom,symptom
herb_id_351,symptom_id_3109,relieves_symptom,symptom
herb_id_352,symptom_id_742,relieves_symptom,symptom
herb_id_352,symptom_id_887,relieves_symptom,symptom
herb_id_352,symptom_id_2560,relieves_symptom,symptom
herb_id_352,symptom_id_3292,relieves_symptom,symptom
herb_id_352,symptom_id_3524,relieves_symptom,symptom
herb_id_353,symptom_id_663,relieves_symptom,symptom
herb_id_353,symptom_id_737,relieves_symptom,symptom
herb_id_353,symptom_id_1035,relieves_symptom,symptom
herb_id_353,symptom_id_2444,relieves_symptom,symptom
herb_id_353,symptom_id_2743,relieves_symptom,symptom
herb_id_354,symptom_id_2333,relieves_symptom,symptom
herb_id_354,symptom_id_4343,relieves_symptom,symptom
herb_id_355,symptom_id_306,relieves_symptom,symptom
herb_id_355,symptom_id_1109,relieves_symptom,symptom
herb_id_355,symptom_id_1992,relieves_symptom,symptom
herb_id_355,symptom_id_2687,relieves_symptom,symptom
herb_id_355,symptom_id_3595,relieves_symptom,symptom
herb_id_355,symptom_id_3733,relieves_symptom,symptom
herb_id_355,symptom_id_3737,relieves_symptom,symptom
herb_id_355,symptom_id_3859,relieves_symptom,symptom
herb_id_355,symptom_id_4599,relieves_symptom,symptom
herb_id_356,symptom_id_250,relieves_symptom,symptom
herb_id_356,symptom_id_3323,relieves_symptom,symptom
herb_id_356,symptom_id_2545,relieves_symptom,symptom
herb_id_356,symptom_id_1458,relieves_symptom,symptom
herb_id_356,symptom_id_1118,relieves_symptom,symptom
herb_id_356,symptom_id_4704,relieves_symptom,symptom
herb_id_356,symptom_id_4092,relieves_symptom,symptom
herb_id_357,symptom_id_2134,relieves_symptom,symptom
herb_id_357,symptom_id_2162,relieves_symptom,symptom
herb_id_357,symptom_id_2602,relieves_symptom,symptom
herb_id_357,symptom_id_3486,relieves_symptom,symptom
herb_id_357,symptom_id_3734,relieves_symptom,symptom
herb_id_357,symptom_id_3859,relieves_symptom,symptom
herb_id_357,symptom_id_3953,relieves_symptom,symptom
herb_id_357,symptom_id_4586,relieves_symptom,symptom
herb_id_358,symptom_id_884,relieves_symptom,symptom
herb_id_358,symptom_id_1449,relieves_symptom,symptom
herb_id_358,symptom_id_1497,relieves_symptom,symptom
herb_id_358,symptom_id_2560,relieves_symptom,symptom
herb_id_358,symptom_id_4278,relieves_symptom,symptom
herb_id_359,symptom_id_140,relieves_symptom,symptom
herb_id_359,symptom_id_282,relieves_symptom,symptom
herb_id_360,symptom_id_3290,relieves_symptom,symptom
herb_id_360,symptom_id_4314,relieves_symptom,symptom
herb_id_360,symptom_id_2214,relieves_symptom,symptom
herb_id_360,symptom_id_1616,relieves_symptom,symptom
herb_id_360,symptom_id_1748,relieves_symptom,symptom
herb_id_360,symptom_id_856,relieves_symptom,symptom
herb_id_360,symptom_id_1286,relieves_symptom,symptom
herb_id_360,symptom_id_4733,relieves_symptom,symptom
herb_id_360,symptom_id_2919,relieves_symptom,symptom
herb_id_360,symptom_id_4539,relieves_symptom,symptom
herb_id_361,symptom_id_132,relieves_symptom,symptom
herb_id_361,symptom_id_280,relieves_symptom,symptom
herb_id_361,symptom_id_1458,relieves_symptom,symptom
herb_id_361,symptom_id_2270,relieves_symptom,symptom
herb_id_361,symptom_id_2432,relieves_symptom,symptom
herb_id_361,symptom_id_2515,relieves_symptom,symptom
herb_id_361,symptom_id_2658,relieves_symptom,symptom
herb_id_361,symptom_id_3135,relieves_symptom,symptom
herb_id_361,symptom_id_3715,relieves_symptom,symptom
herb_id_362,symptom_id_1281,relieves_symptom,symptom
herb_id_362,symptom_id_3668,relieves_symptom,symptom
herb_id_362,symptom_id_470,relieves_symptom,symptom
herb_id_362,symptom_id_698,relieves_symptom,symptom
herb_id_362,symptom_id_2162,relieves_symptom,symptom
herb_id_362,symptom_id_393,relieves_symptom,symptom
herb_id_362,symptom_id_4616,relieves_symptom,symptom
herb_id_363,symptom_id_974,relieves_symptom,symptom
herb_id_363,symptom_id_1187,relieves_symptom,symptom
herb_id_363,symptom_id_2009,relieves_symptom,symptom
herb_id_363,symptom_id_2772,relieves_symptom,symptom
herb_id_363,symptom_id_2817,relieves_symptom,symptom
herb_id_363,symptom_id_3372,relieves_symptom,symptom
herb_id_363,symptom_id_3845,relieves_symptom,symptom
herb_id_363,symptom_id_3953,relieves_symptom,symptom
herb_id_363,symptom_id_4098,relieves_symptom,symptom
herb_id_364,symptom_id_378,relieves_symptom,symptom
herb_id_364,symptom_id_1280,relieves_symptom,symptom
herb_id_364,symptom_id_2468,relieves_symptom,symptom
herb_id_364,symptom_id_2574,relieves_symptom,symptom
herb_id_364,symptom_id_2576,relieves_symptom,symptom
herb_id_364,symptom_id_3551,relieves_symptom,symptom
herb_id_364,symptom_id_4341,relieves_symptom,symptom
herb_id_365,symptom_id_4556,relieves_symptom,symptom
herb_id_365,symptom_id_4675,relieves_symptom,symptom
herb_id_365,symptom_id_4719,relieves_symptom,symptom
herb_id_365,symptom_id_2431,relieves_symptom,symptom
herb_id_365,symptom_id_1757,relieves_symptom,symptom
herb_id_365,symptom_id_2924,relieves_symptom,symptom
herb_id_365,symptom_id_2062,relieves_symptom,symptom
herb_id_365,symptom_id_2636,relieves_symptom,symptom
herb_id_366,symptom_id_3300,relieves_symptom,symptom
herb_id_366,symptom_id_1802,relieves_symptom,symptom
herb_id_366,symptom_id_772,relieves_symptom,symptom
herb_id_366,symptom_id_4309,relieves_symptom,symptom
herb_id_366,symptom_id_2538,relieves_symptom,symptom
herb_id_366,symptom_id_1441,relieves_symptom,symptom
herb_id_366,symptom_id_4733,relieves_symptom,symptom
herb_id_366,symptom_id_3185,relieves_symptom,symptom
herb_id_366,symptom_id_2770,relieves_symptom,symptom
herb_id_366,symptom_id_4370,relieves_symptom,symptom
herb_id_366,symptom_id_2502,relieves_symptom,symptom
herb_id_366,symptom_id_2081,relieves_symptom,symptom
herb_id_366,symptom_id_3356,relieves_symptom,symptom
herb_id_366,symptom_id_2213,relieves_symptom,symptom
herb_id_367,symptom_id_1187,relieves_symptom,symptom
herb_id_367,symptom_id_1759,relieves_symptom,symptom
herb_id_367,symptom_id_2373,relieves_symptom,symptom
herb_id_367,symptom_id_2445,relieves_symptom,symptom
herb_id_367,symptom_id_2809,relieves_symptom,symptom
herb_id_367,symptom_id_4752,relieves_symptom,symptom
herb_id_367,symptom_id_4764,relieves_symptom,symptom
herb_id_367,symptom_id_4780,relieves_symptom,symptom
herb_id_368,symptom_id_1435,relieves_symptom,symptom
herb_id_368,symptom_id_2135,relieves_symptom,symptom
herb_id_368,symptom_id_2267,relieves_symptom,symptom
herb_id_368,symptom_id_2335,relieves_symptom,symptom
herb_id_368,symptom_id_2344,relieves_symptom,symptom
herb_id_368,symptom_id_4081,relieves_symptom,symptom
herb_id_368,symptom_id_4100,relieves_symptom,symptom
herb_id_369,symptom_id_405,relieves_symptom,symptom
herb_id_369,symptom_id_663,relieves_symptom,symptom
herb_id_369,symptom_id_4100,relieves_symptom,symptom
herb_id_370,symptom_id_2323,relieves_symptom,symptom
herb_id_370,symptom_id_2414,relieves_symptom,symptom
herb_id_370,symptom_id_2489,relieves_symptom,symptom
herb_id_370,symptom_id_2635,relieves_symptom,symptom
herb_id_371,symptom_id_480,relieves_symptom,symptom
herb_id_371,symptom_id_2243,relieves_symptom,symptom
herb_id_371,symptom_id_2334,relieves_symptom,symptom
herb_id_371,symptom_id_2497,relieves_symptom,symptom
herb_id_371,symptom_id_4075,relieves_symptom,symptom
herb_id_371,symptom_id_4095,relieves_symptom,symptom
herb_id_371,symptom_id_4351,relieves_symptom,symptom
herb_id_371,symptom_id_4681,relieves_symptom,symptom
herb_id_372,symptom_id_1265,relieves_symptom,symptom
herb_id_372,symptom_id_2250,relieves_symptom,symptom
herb_id_372,symptom_id_2252,relieves_symptom,symptom
herb_id_372,symptom_id_3573,relieves_symptom,symptom
herb_id_372,symptom_id_3599,relieves_symptom,symptom
herb_id_372,symptom_id_4620,relieves_symptom,symptom
herb_id_373,symptom_id_120,relieves_symptom,symptom
herb_id_373,symptom_id_299,relieves_symptom,symptom
herb_id_373,symptom_id_562,relieves_symptom,symptom
herb_id_373,symptom_id_1755,relieves_symptom,symptom
herb_id_373,symptom_id_2081,relieves_symptom,symptom
herb_id_373,symptom_id_2551,relieves_symptom,symptom
herb_id_373,symptom_id_2638,relieves_symptom,symptom
herb_id_373,symptom_id_2657,relieves_symptom,symptom
herb_id_373,symptom_id_2924,relieves_symptom,symptom
herb_id_373,symptom_id_4157,relieves_symptom,symptom
herb_id_374,symptom_id_1438,relieves_symptom,symptom
herb_id_374,symptom_id_2261,relieves_symptom,symptom
herb_id_374,symptom_id_2270,relieves_symptom,symptom
herb_id_374,symptom_id_2433,relieves_symptom,symptom
herb_id_374,symptom_id_4549,relieves_symptom,symptom
herb_id_374,symptom_id_4566,relieves_symptom,symptom
herb_id_374,symptom_id_4730,relieves_symptom,symptom
herb_id_374,symptom_id_4733,relieves_symptom,symptom
herb_id_375,symptom_id_425,relieves_symptom,symptom
herb_id_375,symptom_id_755,relieves_symptom,symptom
herb_id_375,symptom_id_1153,relieves_symptom,symptom
herb_id_375,symptom_id_3016,relieves_symptom,symptom
herb_id_375,symptom_id_4017,relieves_symptom,symptom
herb_id_375,symptom_id_4354,relieves_symptom,symptom
herb_id_376,symptom_id_663,relieves_symptom,symptom
herb_id_376,symptom_id_4100,relieves_symptom,symptom
herb_id_376,symptom_id_280,relieves_symptom,symptom
herb_id_376,symptom_id_4066,relieves_symptom,symptom
herb_id_376,symptom_id_1493,relieves_symptom,symptom
herb_id_376,symptom_id_2175,relieves_symptom,symptom
herb_id_376,symptom_id_4618,relieves_symptom,symptom
herb_id_377,symptom_id_253,relieves_symptom,symptom
herb_id_377,symptom_id_742,relieves_symptom,symptom
herb_id_377,symptom_id_1200,relieves_symptom,symptom
herb_id_377,symptom_id_3313,relieves_symptom,symptom
herb_id_377,symptom_id_4050,relieves_symptom,symptom
herb_id_377,symptom_id_4343,relieves_symptom,symptom
herb_id_377,symptom_id_4509,relieves_symptom,symptom
herb_id_378,symptom_id_2428,relieves_symptom,symptom
herb_id_378,symptom_id_2438,relieves_symptom,symptom
herb_id_378,symptom_id_2500,relieves_symptom,symptom
herb_id_378,symptom_id_2646,relieves_symptom,symptom
herb_id_379,symptom_id_117,relieves_symptom,symptom
herb_id_379,symptom_id_179,relieves_symptom,symptom
herb_id_379,symptom_id_873,relieves_symptom,symptom
herb_id_379,symptom_id_2432,relieves_symptom,symptom
herb_id_379,symptom_id_2500,relieves_symptom,symptom
herb_id_379,symptom_id_2553,relieves_symptom,symptom
herb_id_379,symptom_id_2569,relieves_symptom,symptom
herb_id_379,symptom_id_2657,relieves_symptom,symptom
herb_id_379,symptom_id_2952,relieves_symptom,symptom
herb_id_380,symptom_id_117,relieves_symptom,symptom
herb_id_380,symptom_id_179,relieves_symptom,symptom
herb_id_380,symptom_id_873,relieves_symptom,symptom
herb_id_380,symptom_id_2504,relieves_symptom,symptom
herb_id_380,symptom_id_2553,relieves_symptom,symptom
herb_id_380,symptom_id_2569,relieves_symptom,symptom
herb_id_380,symptom_id_2657,relieves_symptom,symptom
herb_id_380,symptom_id_2952,relieves_symptom,symptom
herb_id_381,symptom_id_2436,relieves_symptom,symptom
herb_id_381,symptom_id_2488,relieves_symptom,symptom
herb_id_381,symptom_id_3645,relieves_symptom,symptom
herb_id_382,symptom_id_1113,relieves_symptom,symptom
herb_id_382,symptom_id_3220,relieves_symptom,symptom
herb_id_382,symptom_id_2538,relieves_symptom,symptom
herb_id_382,symptom_id_2555,relieves_symptom,symptom
herb_id_382,symptom_id_2423,relieves_symptom,symptom
herb_id_382,symptom_id_2635,relieves_symptom,symptom
herb_id_382,symptom_id_3355,relieves_symptom,symptom
herb_id_382,symptom_id_2450,relieves_symptom,symptom
herb_id_383,symptom_id_526,relieves_symptom,symptom
herb_id_383,symptom_id_1360,relieves_symptom,symptom
herb_id_383,symptom_id_3342,relieves_symptom,symptom
herb_id_383,symptom_id_3724,relieves_symptom,symptom
herb_id_383,symptom_id_3815,relieves_symptom,symptom
herb_id_383,symptom_id_4278,relieves_symptom,symptom
herb_id_383,symptom_id_4281,relieves_symptom,symptom
herb_id_384,symptom_id_1719,relieves_symptom,symptom
herb_id_384,symptom_id_2009,relieves_symptom,symptom
herb_id_384,symptom_id_2135,relieves_symptom,symptom
herb_id_384,symptom_id_2444,relieves_symptom,symptom
herb_id_384,symptom_id_3087,relieves_symptom,symptom
herb_id_385,symptom_id_1290,relieves_symptom,symptom
herb_id_385,symptom_id_2225,relieves_symptom,symptom
herb_id_385,symptom_id_2334,relieves_symptom,symptom
herb_id_385,symptom_id_2920,relieves_symptom,symptom
herb_id_385,symptom_id_3090,relieves_symptom,symptom
herb_id_385,symptom_id_4075,relieves_symptom,symptom
herb_id_386,symptom_id_383,relieves_symptom,symptom
herb_id_386,symptom_id_1039,relieves_symptom,symptom
herb_id_386,symptom_id_3212,relieves_symptom,symptom
herb_id_386,symptom_id_3301,relieves_symptom,symptom
herb_id_386,symptom_id_4683,relieves_symptom,symptom
herb_id_386,symptom_id_4698,relieves_symptom,symptom
herb_id_387,symptom_id_1770,relieves_symptom,symptom
herb_id_387,symptom_id_3317,relieves_symptom,symptom
herb_id_387,symptom_id_742,relieves_symptom,symptom
herb_id_387,symptom_id_737,relieves_symptom,symptom
herb_id_387,symptom_id_663,relieves_symptom,symptom
herb_id_387,symptom_id_3710,relieves_symptom,symptom
herb_id_387,symptom_id_2999,relieves_symptom,symptom
herb_id_387,symptom_id_3185,relieves_symptom,symptom
herb_id_387,symptom_id_2538,relieves_symptom,symptom
herb_id_387,symptom_id_1693,relieves_symptom,symptom
herb_id_387,symptom_id_4702,relieves_symptom,symptom
herb_id_387,symptom_id_2422,relieves_symptom,symptom
herb_id_387,symptom_id_3355,relieves_symptom,symptom
herb_id_388,symptom_id_1187,relieves_symptom,symptom
herb_id_388,symptom_id_2804,relieves_symptom,symptom
herb_id_388,symptom_id_2817,relieves_symptom,symptom
herb_id_388,symptom_id_4123,relieves_symptom,symptom
herb_id_388,symptom_id_4380,relieves_symptom,symptom
herb_id_388,symptom_id_4376,relieves_symptom,symptom
herb_id_389,symptom_id_536,relieves_symptom,symptom
herb_id_389,symptom_id_2343,relieves_symptom,symptom
herb_id_389,symptom_id_2779,relieves_symptom,symptom
herb_id_389,symptom_id_2998,relieves_symptom,symptom
herb_id_389,symptom_id_3455,relieves_symptom,symptom
herb_id_389,symptom_id_4019,relieves_symptom,symptom
herb_id_389,symptom_id_4353,relieves_symptom,symptom
herb_id_389,symptom_id_4591,relieves_symptom,symptom
herb_id_389,symptom_id_4681,relieves_symptom,symptom
herb_id_390,symptom_id_1759,relieves_symptom,symptom
herb_id_390,symptom_id_1802,relieves_symptom,symptom
herb_id_390,symptom_id_1911,relieves_symptom,symptom
herb_id_390,symptom_id_3297,relieves_symptom,symptom
herb_id_390,symptom_id_3339,relieves_symptom,symptom
herb_id_390,symptom_id_3418,relieves_symptom,symptom
herb_id_390,symptom_id_3859,relieves_symptom,symptom
herb_id_390,symptom_id_4070,relieves_symptom,symptom
herb_id_390,symptom_id_3757,relieves_symptom,symptom
herb_id_390,symptom_id_4217,relieves_symptom,symptom
herb_id_391,symptom_id_131,relieves_symptom,symptom
herb_id_391,symptom_id_139,relieves_symptom,symptom
herb_id_391,symptom_id_280,relieves_symptom,symptom
herb_id_391,symptom_id_3715,relieves_symptom,symptom
herb_id_391,symptom_id_2288,relieves_symptom,symptom
herb_id_391,symptom_id_1458,relieves_symptom,symptom
herb_id_391,symptom_id_1493,relieves_symptom,symptom
herb_id_391,symptom_id_4033,relieves_symptom,symptom
herb_id_391,symptom_id_3845,relieves_symptom,symptom
herb_id_391,symptom_id_2432,relieves_symptom,symptom
herb_id_392,symptom_id_2786,relieves_symptom,symptom
herb_id_392,symptom_id_1286,relieves_symptom,symptom
herb_id_392,symptom_id_2229,relieves_symptom,symptom
herb_id_392,symptom_id_2668,relieves_symptom,symptom
herb_id_392,symptom_id_3223,relieves_symptom,symptom
herb_id_393,symptom_id_1039,relieves_symptom,symptom
herb_id_393,symptom_id_1187,relieves_symptom,symptom
herb_id_393,symptom_id_2373,relieves_symptom,symptom
herb_id_393,symptom_id_3300,relieves_symptom,symptom
herb_id_393,symptom_id_3410,relieves_symptom,symptom
herb_id_393,symptom_id_4698,relieves_symptom,symptom
herb_id_394,symptom_id_561,relieves_symptom,symptom
herb_id_394,symptom_id_689,relieves_symptom,symptom
herb_id_394,symptom_id_1596,relieves_symptom,symptom
herb_id_394,symptom_id_1152,relieves_symptom,symptom
herb_id_394,symptom_id_4279,relieves_symptom,symptom
herb_id_394,symptom_id_1413,relieves_symptom,symptom
herb_id_395,symptom_id_304,relieves_symptom,symptom
herb_id_395,symptom_id_946,relieves_symptom,symptom
herb_id_395,symptom_id_1152,relieves_symptom,symptom
herb_id_395,symptom_id_2657,relieves_symptom,symptom
herb_id_395,symptom_id_2951,relieves_symptom,symptom
herb_id_395,symptom_id_3129,relieves_symptom,symptom
herb_id_395,symptom_id_3133,relieves_symptom,symptom
herb_id_395,symptom_id_3659,relieves_symptom,symptom
herb_id_396,symptom_id_3845,relieves_symptom,symptom
herb_id_396,symptom_id_537,relieves_symptom,symptom
herb_id_396,symptom_id_3306,relieves_symptom,symptom
herb_id_397,symptom_id_1690,relieves_symptom,symptom
herb_id_397,symptom_id_3665,relieves_symptom,symptom
herb_id_397,symptom_id_2256,relieves_symptom,symptom
herb_id_397,symptom_id_173,relieves_symptom,symptom
herb_id_397,symptom_id_2418,relieves_symptom,symptom
herb_id_397,symptom_id_942,relieves_symptom,symptom
herb_id_397,symptom_id_2554,relieves_symptom,symptom
herb_id_397,symptom_id_2635,relieves_symptom,symptom
herb_id_398,symptom_id_663,relieves_symptom,symptom
herb_id_398,symptom_id_1290,relieves_symptom,symptom
herb_id_398,symptom_id_1435,relieves_symptom,symptom
herb_id_398,symptom_id_1458,relieves_symptom,symptom
herb_id_398,symptom_id_2225,relieves_symptom,symptom
herb_id_398,symptom_id_2334,relieves_symptom,symptom
herb_id_398,symptom_id_2920,relieves_symptom,symptom
herb_id_398,symptom_id_3300,relieves_symptom,symptom
herb_id_398,symptom_id_4075,relieves_symptom,symptom
herb_id_398,symptom_id_4100,relieves_symptom,symptom
herb_id_399,symptom_id_695,relieves_symptom,symptom
herb_id_399,symptom_id_1226,relieves_symptom,symptom
herb_id_399,symptom_id_2250,relieves_symptom,symptom
herb_id_399,symptom_id_3486,relieves_symptom,symptom
herb_id_399,symptom_id_3659,relieves_symptom,symptom
herb_id_399,symptom_id_3732,relieves_symptom,symptom
herb_id_400,symptom_id_4314,relieves_symptom,symptom
herb_id_400,symptom_id_4279,relieves_symptom,symptom
herb_id_400,symptom_id_1449,relieves_symptom,symptom
herb_id_400,symptom_id_1493,relieves_symptom,symptom
herb_id_400,symptom_id_1260,relieves_symptom,symptom
herb_id_400,symptom_id_1636,relieves_symptom,symptom
herb_id_400,symptom_id_133,relieves_symptom,symptom
herb_id_400,symptom_id_274,relieves_symptom,symptom
herb_id_400,symptom_id_2430,relieves_symptom,symptom
herb_id_400,symptom_id_4508,relieves_symptom,symptom
herb_id_400,symptom_id_2976,relieves_symptom,symptom
herb_id_400,symptom_id_1146,relieves_symptom,symptom
herb_id_400,symptom_id_2249,relieves_symptom,symptom
herb_id_400,symptom_id_4360,relieves_symptom,symptom
herb_id_400,symptom_id_4339,relieves_symptom,symptom
herb_id_400,symptom_id_1713,relieves_symptom,symptom
herb_id_401,symptom_id_578,relieves_symptom,symptom
herb_id_401,symptom_id_782,relieves_symptom,symptom
herb_id_401,symptom_id_2805,relieves_symptom,symptom
herb_id_401,symptom_id_742,relieves_symptom,symptom
herb_id_401,symptom_id_752,relieves_symptom,symptom
herb_id_401,symptom_id_127,relieves_symptom,symptom
herb_id_401,symptom_id_869,relieves_symptom,symptom
herb_id_401,symptom_id_1021,relieves_symptom,symptom
herb_id_402,symptom_id_1152,relieves_symptom,symptom
herb_id_402,symptom_id_1169,relieves_symptom,symptom
herb_id_402,symptom_id_1748,relieves_symptom,symptom
herb_id_402,symptom_id_2788,relieves_symptom,symptom
herb_id_402,symptom_id_3129,relieves_symptom,symptom
herb_id_402,symptom_id_3133,relieves_symptom,symptom
herb_id_402,symptom_id_3344,relieves_symptom,symptom
herb_id_402,symptom_id_4123,relieves_symptom,symptom
herb_id_403,symptom_id_208,relieves_symptom,symptom
herb_id_403,symptom_id_470,relieves_symptom,symptom
herb_id_403,symptom_id_688,relieves_symptom,symptom
herb_id_403,symptom_id_2003,relieves_symptom,symptom
herb_id_403,symptom_id_3845,relieves_symptom,symptom
herb_id_403,symptom_id_4378,relieves_symptom,symptom
herb_id_403,symptom_id_4618,relieves_symptom,symptom
herb_id_404,symptom_id_139,relieves_symptom,symptom
herb_id_404,symptom_id_1084,relieves_symptom,symptom
herb_id_404,symptom_id_1460,relieves_symptom,symptom
herb_id_405,symptom_id_2258,relieves_symptom,symptom
herb_id_405,symptom_id_2784,relieves_symptom,symptom
herb_id_405,symptom_id_2805,relieves_symptom,symptom
herb_id_405,symptom_id_4179,relieves_symptom,symptom
herb_id_406,symptom_id_114,relieves_symptom,symptom
herb_id_406,symptom_id_439,relieves_symptom,symptom
herb_id_406,symptom_id_2267,relieves_symptom,symptom
herb_id_406,symptom_id_2465,relieves_symptom,symptom
herb_id_406,symptom_id_2988,relieves_symptom,symptom
herb_id_406,symptom_id_4554,relieves_symptom,symptom
herb_id_406,symptom_id_4678,relieves_symptom,symptom
herb_id_406,symptom_id_4683,relieves_symptom,symptom
herb_id_407,symptom_id_1256,relieves_symptom,symptom
herb_id_407,symptom_id_3359,relieves_symptom,symptom
herb_id_407,symptom_id_2162,relieves_symptom,symptom
herb_id_408,symptom_id_161,relieves_symptom,symptom
herb_id_408,symptom_id_1522,relieves_symptom,symptom
herb_id_408,symptom_id_2497,relieves_symptom,symptom
herb_id_408,symptom_id_2635,relieves_symptom,symptom
herb_id_408,symptom_id_2650,relieves_symptom,symptom
herb_id_408,symptom_id_3087,relieves_symptom,symptom
herb_id_408,symptom_id_3234,relieves_symptom,symptom
herb_id_408,symptom_id_4554,relieves_symptom,symptom
herb_id_409,symptom_id_1685,relieves_symptom,symptom
herb_id_409,symptom_id_3427,relieves_symptom,symptom
herb_id_409,symptom_id_1759,relieves_symptom,symptom
herb_id_409,symptom_id_2195,relieves_symptom,symptom
herb_id_409,symptom_id_2105,relieves_symptom,symptom
herb_id_409,symptom_id_3297,relieves_symptom,symptom
herb_id_409,symptom_id_2703,relieves_symptom,symptom
herb_id_409,symptom_id_3317,relieves_symptom,symptom
herb_id_409,symptom_id_3321,relieves_symptom,symptom
herb_id_409,symptom_id_3461,relieves_symptom,symptom
herb_id_409,symptom_id_4702,relieves_symptom,symptom
herb_id_409,symptom_id_4776,relieves_symptom,symptom
herb_id_409,symptom_id_514,relieves_symptom,symptom
herb_id_409,symptom_id_2440,relieves_symptom,symptom
herb_id_409,symptom_id_2133,relieves_symptom,symptom
herb_id_409,symptom_id_2081,relieves_symptom,symptom
herb_id_410,symptom_id_3999,relieves_symptom,symptom
herb_id_410,symptom_id_4682,relieves_symptom,symptom
herb_id_410,symptom_id_663,relieves_symptom,symptom
herb_id_410,symptom_id_4100,relieves_symptom,symptom
herb_id_410,symptom_id_4068,relieves_symptom,symptom
herb_id_410,symptom_id_4217,relieves_symptom,symptom
herb_id_410,symptom_id_4089,relieves_symptom,symptom
herb_id_411,symptom_id_102,relieves_symptom,symptom
herb_id_411,symptom_id_199,relieves_symptom,symptom
herb_id_411,symptom_id_2309,relieves_symptom,symptom
herb_id_411,symptom_id_1314,relieves_symptom,symptom
herb_id_411,symptom_id_1343,relieves_symptom,symptom
herb_id_411,symptom_id_1755,relieves_symptom,symptom
herb_id_411,symptom_id_4748,relieves_symptom,symptom
herb_id_412,symptom_id_2339,relieves_symptom,symptom
herb_id_412,symptom_id_2309,relieves_symptom,symptom
herb_id_412,symptom_id_1343,relieves_symptom,symptom
herb_id_412,symptom_id_2323,relieves_symptom,symptom
herb_id_413,symptom_id_121,relieves_symptom,symptom
herb_id_413,symptom_id_3303,relieves_symptom,symptom
herb_id_413,symptom_id_1755,relieves_symptom,symptom
herb_id_413,symptom_id_2657,relieves_symptom,symptom
herb_id_413,symptom_id_1019,relieves_symptom,symptom
herb_id_413,symptom_id_1243,relieves_symptom,symptom
herb_id_413,symptom_id_2924,relieves_symptom,symptom
herb_id_414,symptom_id_121,relieves_symptom,symptom
herb_id_414,symptom_id_1226,relieves_symptom,symptom
herb_id_414,symptom_id_1603,relieves_symptom,symptom
herb_id_414,symptom_id_1749,relieves_symptom,symptom
herb_id_414,symptom_id_2578,relieves_symptom,symptom
herb_id_414,symptom_id_3413,relieves_symptom,symptom
herb_id_414,symptom_id_3467,relieves_symptom,symptom
herb_id_414,symptom_id_3486,relieves_symptom,symptom
herb_id_414,symptom_id_3969,relieves_symptom,symptom
herb_id_415,symptom_id_127,relieves_symptom,symptom
herb_id_415,symptom_id_131,relieves_symptom,symptom
herb_id_415,symptom_id_139,relieves_symptom,symptom
herb_id_415,symptom_id_280,relieves_symptom,symptom
herb_id_415,symptom_id_1049,relieves_symptom,symptom
herb_id_415,symptom_id_1642,relieves_symptom,symptom
herb_id_415,symptom_id_2288,relieves_symptom,symptom
herb_id_415,symptom_id_2668,relieves_symptom,symptom
herb_id_415,symptom_id_3715,relieves_symptom,symptom
herb_id_416,symptom_id_350,relieves_symptom,symptom
herb_id_416,symptom_id_2687,relieves_symptom,symptom
herb_id_416,symptom_id_2691,relieves_symptom,symptom
herb_id_416,symptom_id_3779,relieves_symptom,symptom
herb_id_416,symptom_id_3937,relieves_symptom,symptom
herb_id_416,symptom_id_4554,relieves_symptom,symptom
herb_id_417,symptom_id_219,relieves_symptom,symptom
herb_id_417,symptom_id_2236,relieves_symptom,symptom
herb_id_417,symptom_id_2314,relieves_symptom,symptom
herb_id_417,symptom_id_2162,relieves_symptom,symptom
herb_id_417,symptom_id_2538,relieves_symptom,symptom
herb_id_417,symptom_id_2643,relieves_symptom,symptom
herb_id_417,symptom_id_4702,relieves_symptom,symptom
herb_id_417,symptom_id_1619,relieves_symptom,symptom
herb_id_417,symptom_id_3129,relieves_symptom,symptom
herb_id_418,symptom_id_1846,relieves_symptom,symptom
herb_id_418,symptom_id_2137,relieves_symptom,symptom
herb_id_418,symptom_id_2266,relieves_symptom,symptom
herb_id_418,symptom_id_2645,relieves_symptom,symptom
herb_id_419,symptom_id_296,relieves_symptom,symptom
herb_id_419,symptom_id_551,relieves_symptom,symptom
herb_id_419,symptom_id_1596,relieves_symptom,symptom
herb_id_419,symptom_id_2538,relieves_symptom,symptom
herb_id_419,symptom_id_3731,relieves_symptom,symptom
herb_id_419,symptom_id_4593,relieves_symptom,symptom
herb_id_420,symptom_id_742,relieves_symptom,symptom
herb_id_420,symptom_id_1759,relieves_symptom,symptom
herb_id_420,symptom_id_2448,relieves_symptom,symptom
herb_id_420,symptom_id_2560,relieves_symptom,symptom
herb_id_420,symptom_id_4217,relieves_symptom,symptom
herb_id_420,symptom_id_4554,relieves_symptom,symptom
herb_id_421,symptom_id_4349,relieves_symptom,symptom
herb_id_421,symptom_id_480,relieves_symptom,symptom
herb_id_421,symptom_id_3953,relieves_symptom,symptom
herb_id_421,symptom_id_2772,relieves_symptom,symptom
herb_id_421,symptom_id_551,relieves_symptom,symptom
herb_id_421,symptom_id_783,relieves_symptom,symptom
herb_id_421,symptom_id_3185,relieves_symptom,symptom
herb_id_421,symptom_id_84,relieves_symptom,symptom
herb_id_422,symptom_id_3185,relieves_symptom,symptom
herb_id_422,symptom_id_3190,relieves_symptom,symptom
herb_id_422,symptom_id_3177,relieves_symptom,symptom
herb_id_422,symptom_id_3537,relieves_symptom,symptom
herb_id_422,symptom_id_1622,relieves_symptom,symptom
herb_id_422,symptom_id_24,relieves_symptom,symptom
herb_id_422,symptom_id_3845,relieves_symptom,symptom
herb_id_423,symptom_id_173,relieves_symptom,symptom
herb_id_423,symptom_id_942,relieves_symptom,symptom
herb_id_423,symptom_id_1690,relieves_symptom,symptom
herb_id_423,symptom_id_2256,relieves_symptom,symptom
herb_id_423,symptom_id_2418,relieves_symptom,symptom
herb_id_423,symptom_id_2554,relieves_symptom,symptom
herb_id_423,symptom_id_2635,relieves_symptom,symptom
herb_id_423,symptom_id_3665,relieves_symptom,symptom
herb_id_424,symptom_id_4012,relieves_symptom,symptom
herb_id_424,symptom_id_3117,relieves_symptom,symptom
herb_id_424,symptom_id_427,relieves_symptom,symptom
herb_id_424,symptom_id_4679,relieves_symptom,symptom
herb_id_424,symptom_id_740,relieves_symptom,symptom
herb_id_424,symptom_id_737,relieves_symptom,symptom
herb_id_424,symptom_id_2772,relieves_symptom,symptom
herb_id_424,symptom_id_4279,relieves_symptom,symptom
herb_id_424,symptom_id_4314,relieves_symptom,symptom
herb_id_424,symptom_id_4071,relieves_symptom,symptom
herb_id_424,symptom_id_63,relieves_symptom,symptom
herb_id_424,symptom_id_152,relieves_symptom,symptom
herb_id_425,symptom_id_663,relieves_symptom,symptom
herb_id_425,symptom_id_737,relieves_symptom,symptom
herb_id_425,symptom_id_4100,relieves_symptom,symptom
herb_id_425,symptom_id_280,relieves_symptom,symptom
herb_id_425,symptom_id_1458,relieves_symptom,symptom
herb_id_425,symptom_id_410,relieves_symptom,symptom
herb_id_425,symptom_id_2497,relieves_symptom,symptom
herb_id_425,symptom_id_873,relieves_symptom,symptom
herb_id_426,symptom_id_1152,relieves_symptom,symptom
herb_id_426,symptom_id_1051,relieves_symptom,symptom
herb_id_426,symptom_id_1250,relieves_symptom,symptom
herb_id_426,symptom_id_1750,relieves_symptom,symptom
herb_id_426,symptom_id_3350,relieves_symptom,symptom
herb_id_426,symptom_id_4005,relieves_symptom,symptom
herb_id_426,symptom_id_740,relieves_symptom,symptom
herb_id_427,symptom_id_3996,relieves_symptom,symptom
herb_id_427,symptom_id_1586,relieves_symptom,symptom
herb_id_427,symptom_id_1152,relieves_symptom,symptom
herb_id_427,symptom_id_1169,relieves_symptom,symptom
herb_id_427,symptom_id_2962,relieves_symptom,symptom
herb_id_427,symptom_id_128,relieves_symptom,symptom
herb_id_427,symptom_id_385,relieves_symptom,symptom
herb_id_427,symptom_id_2922,relieves_symptom,symptom
herb_id_427,symptom_id_3356,relieves_symptom,symptom
herb_id_428,symptom_id_123,relieves_symptom,symptom
herb_id_428,symptom_id_2081,relieves_symptom,symptom
herb_id_428,symptom_id_2416,relieves_symptom,symptom
herb_id_428,symptom_id_2489,relieves_symptom,symptom
herb_id_429,symptom_id_701,relieves_symptom,symptom
herb_id_429,symptom_id_742,relieves_symptom,symptom
herb_id_429,symptom_id_1224,relieves_symptom,symptom
herb_id_429,symptom_id_4537,relieves_symptom,symptom
herb_id_429,symptom_id_4708,relieves_symptom,symptom
herb_id_430,symptom_id_701,relieves_symptom,symptom
herb_id_430,symptom_id_742,relieves_symptom,symptom
herb_id_430,symptom_id_1224,relieves_symptom,symptom
herb_id_430,symptom_id_4537,relieves_symptom,symptom
herb_id_430,symptom_id_4708,relieves_symptom,symptom
herb_id_431,symptom_id_742,relieves_symptom,symptom
herb_id_431,symptom_id_2091,relieves_symptom,symptom
herb_id_431,symptom_id_2559,relieves_symptom,symptom
herb_id_431,symptom_id_3212,relieves_symptom,symptom
herb_id_432,symptom_id_873,relieves_symptom,symptom
herb_id_432,symptom_id_1286,relieves_symptom,symptom
herb_id_432,symptom_id_2091,relieves_symptom,symptom
herb_id_432,symptom_id_3649,relieves_symptom,symptom
herb_id_432,symptom_id_3996,relieves_symptom,symptom
herb_id_432,symptom_id_4535,relieves_symptom,symptom
herb_id_433,symptom_id_1920,relieves_symptom,symptom
herb_id_433,symptom_id_2133,relieves_symptom,symptom
herb_id_433,symptom_id_2270,relieves_symptom,symptom
herb_id_433,symptom_id_2441,relieves_symptom,symptom
herb_id_433,symptom_id_4083,relieves_symptom,symptom
herb_id_433,symptom_id_4716,relieves_symptom,symptom
herb_id_434,symptom_id_425,relieves_symptom,symptom
herb_id_434,symptom_id_755,relieves_symptom,symptom
herb_id_434,symptom_id_1923,relieves_symptom,symptom
herb_id_434,symptom_id_2561,relieves_symptom,symptom
herb_id_435,symptom_id_2009,relieves_symptom,symptom
herb_id_435,symptom_id_2651,relieves_symptom,symptom
herb_id_435,symptom_id_4091,relieves_symptom,symptom
herb_id_435,symptom_id_4286,relieves_symptom,symptom
herb_id_435,symptom_id_4564,relieves_symptom,symptom
herb_id_436,symptom_id_4695,relieves_symptom,symptom
herb_id_436,symptom_id_2788,relieves_symptom,symptom
herb_id_436,symptom_id_1596,relieves_symptom,symptom
herb_id_436,symptom_id_1153,relieves_symptom,symptom
herb_id_436,symptom_id_2805,relieves_symptom,symptom
herb_id_436,symptom_id_2332,relieves_symptom,symptom
herb_id_437,symptom_id_252,relieves_symptom,symptom
herb_id_437,symptom_id_1459,relieves_symptom,symptom
herb_id_437,symptom_id_2088,relieves_symptom,symptom
herb_id_437,symptom_id_3239,relieves_symptom,symptom
herb_id_437,symptom_id_1534,relieves_symptom,symptom
herb_id_438,symptom_id_1586,relieves_symptom,symptom
herb_id_438,symptom_id_1655,relieves_symptom,symptom
herb_id_438,symptom_id_2116,relieves_symptom,symptom
herb_id_438,symptom_id_3449,relieves_symptom,symptom
herb_id_438,symptom_id_3610,relieves_symptom,symptom
herb_id_438,symptom_id_3725,relieves_symptom,symptom
herb_id_438,symptom_id_3994,relieves_symptom,symptom
herb_id_439,symptom_id_1613,relieves_symptom,symptom
herb_id_439,symptom_id_1723,relieves_symptom,symptom
herb_id_439,symptom_id_2445,relieves_symptom,symptom
herb_id_439,symptom_id_2526,relieves_symptom,symptom
herb_id_439,symptom_id_2619,relieves_symptom,symptom
herb_id_439,symptom_id_3845,relieves_symptom,symptom
herb_id_439,symptom_id_2650,relieves_symptom,symptom
herb_id_439,symptom_id_3087,relieves_symptom,symptom
herb_id_439,symptom_id_3534,relieves_symptom,symptom
herb_id_439,symptom_id_3541,relieves_symptom,symptom
herb_id_439,symptom_id_4206,relieves_symptom,symptom
herb_id_440,symptom_id_3668,relieves_symptom,symptom
herb_id_440,symptom_id_695,relieves_symptom,symptom
herb_id_440,symptom_id_943,relieves_symptom,symptom
herb_id_440,symptom_id_2426,relieves_symptom,symptom
herb_id_440,symptom_id_2538,relieves_symptom,symptom
herb_id_441,symptom_id_1187,relieves_symptom,symptom
herb_id_441,symptom_id_2373,relieves_symptom,symptom
herb_id_441,symptom_id_2598,relieves_symptom,symptom
herb_id_441,symptom_id_4537,relieves_symptom,symptom
herb_id_441,symptom_id_4554,relieves_symptom,symptom
herb_id_441,symptom_id_4752,relieves_symptom,symptom
herb_id_441,symptom_id_4764,relieves_symptom,symptom
herb_id_441,symptom_id_4780,relieves_symptom,symptom
herb_id_442,symptom_id_873,relieves_symptom,symptom
herb_id_442,symptom_id_2500,relieves_symptom,symptom
herb_id_442,symptom_id_2988,relieves_symptom,symptom
herb_id_442,symptom_id_3784,relieves_symptom,symptom
herb_id_442,symptom_id_4206,relieves_symptom,symptom
herb_id_442,symptom_id_4549,relieves_symptom,symptom
herb_id_443,symptom_id_1458,relieves_symptom,symptom
herb_id_443,symptom_id_2985,relieves_symptom,symptom
herb_id_443,symptom_id_3191,relieves_symptom,symptom
herb_id_443,symptom_id_3490,relieves_symptom,symptom
herb_id_443,symptom_id_3785,relieves_symptom,symptom
herb_id_443,symptom_id_4206,relieves_symptom,symptom
herb_id_443,symptom_id_4554,relieves_symptom,symptom
herb_id_444,symptom_id_123,relieves_symptom,symptom
herb_id_444,symptom_id_143,relieves_symptom,symptom
herb_id_444,symptom_id_384,relieves_symptom,symptom
herb_id_444,symptom_id_1290,relieves_symptom,symptom
herb_id_444,symptom_id_1999,relieves_symptom,symptom
herb_id_444,symptom_id_2134,relieves_symptom,symptom
herb_id_444,symptom_id_3745,relieves_symptom,symptom
herb_id_444,symptom_id_4303,relieves_symptom,symptom
herb_id_445,symptom_id_127,relieves_symptom,symptom
herb_id_445,symptom_id_131,relieves_symptom,symptom
herb_id_445,symptom_id_3669,relieves_symptom,symptom
herb_id_445,symptom_id_3715,relieves_symptom,symptom
herb_id_446,symptom_id_1634,relieves_symptom,symptom
herb_id_446,symptom_id_4702,relieves_symptom,symptom
herb_id_446,symptom_id_2971,relieves_symptom,symptom
herb_id_446,symptom_id_3185,relieves_symptom,symptom
herb_id_446,symptom_id_3859,relieves_symptom,symptom
herb_id_446,symptom_id_3334,relieves_symptom,symptom
herb_id_446,symptom_id_2207,relieves_symptom,symptom
herb_id_447,symptom_id_2601,relieves_symptom,symptom
herb_id_447,symptom_id_2635,relieves_symptom,symptom
herb_id_447,symptom_id_2640,relieves_symptom,symptom
herb_id_447,symptom_id_2907,relieves_symptom,symptom
herb_id_448,symptom_id_1113,relieves_symptom,symptom
herb_id_448,symptom_id_2226,relieves_symptom,symptom
herb_id_448,symptom_id_4733,relieves_symptom,symptom
herb_id_448,symptom_id_663,relieves_symptom,symptom
herb_id_448,symptom_id_3219,relieves_symptom,symptom
herb_id_448,symptom_id_418,relieves_symptom,symptom
herb_id_448,symptom_id_2976,relieves_symptom,symptom
herb_id_448,symptom_id_2432,relieves_symptom,symptom
herb_id_448,symptom_id_2500,relieves_symptom,symptom
herb_id_448,symptom_id_4217,relieves_symptom,symptom
herb_id_449,symptom_id_1187,relieves_symptom,symptom
herb_id_449,symptom_id_3276,relieves_symptom,symptom
herb_id_449,symptom_id_4497,relieves_symptom,symptom
herb_id_449,symptom_id_4537,relieves_symptom,symptom
herb_id_449,symptom_id_4554,relieves_symptom,symptom
herb_id_450,symptom_id_4694,relieves_symptom,symptom
herb_id_450,symptom_id_2955,relieves_symptom,symptom
herb_id_450,symptom_id_1244,relieves_symptom,symptom
herb_id_450,symptom_id_2658,relieves_symptom,symptom
herb_id_450,symptom_id_1188,relieves_symptom,symptom
herb_id_450,symptom_id_2804,relieves_symptom,symptom
herb_id_450,symptom_id_2234,relieves_symptom,symptom
herb_id_450,symptom_id_2505,relieves_symptom,symptom
herb_id_451,symptom_id_1187,relieves_symptom,symptom
herb_id_451,symptom_id_2817,relieves_symptom,symptom
herb_id_451,symptom_id_1225,relieves_symptom,symptom
herb_id_451,symptom_id_1754,relieves_symptom,symptom
herb_id_451,symptom_id_2234,relieves_symptom,symptom
herb_id_451,symptom_id_2505,relieves_symptom,symptom
herb_id_451,symptom_id_2658,relieves_symptom,symptom
herb_id_451,symptom_id_2804,relieves_symptom,symptom
herb_id_451,symptom_id_3204,relieves_symptom,symptom
herb_id_451,symptom_id_4699,relieves_symptom,symptom
herb_id_452,symptom_id_1884,relieves_symptom,symptom
herb_id_452,symptom_id_2488,relieves_symptom,symptom
herb_id_452,symptom_id_2538,relieves_symptom,symptom
herb_id_452,symptom_id_3210,relieves_symptom,symptom
herb_id_452,symptom_id_4209,relieves_symptom,symptom
herb_id_452,symptom_id_4550,relieves_symptom,symptom
herb_id_453,symptom_id_1249,relieves_symptom,symptom
herb_id_453,symptom_id_1274,relieves_symptom,symptom
herb_id_453,symptom_id_3845,relieves_symptom,symptom
herb_id_453,symptom_id_1636,relieves_symptom,symptom
herb_id_453,symptom_id_2527,relieves_symptom,symptom
herb_id_453,symptom_id_2796,relieves_symptom,symptom
herb_id_453,symptom_id_2817,relieves_symptom,symptom
herb_id_453,symptom_id_3342,relieves_symptom,symptom
herb_id_453,symptom_id_3776,relieves_symptom,symptom
herb_id_453,symptom_id_649,relieves_symptom,symptom
herb_id_453,symptom_id_4027,relieves_symptom,symptom
herb_id_453,symptom_id_4314,relieves_symptom,symptom
herb_id_454,symptom_id_4314,relieves_symptom,symptom
herb_id_454,symptom_id_63,relieves_symptom,symptom
herb_id_454,symptom_id_4066,relieves_symptom,symptom
herb_id_454,symptom_id_3776,relieves_symptom,symptom
herb_id_454,symptom_id_4069,relieves_symptom,symptom
herb_id_455,symptom_id_132,relieves_symptom,symptom
herb_id_455,symptom_id_3677,relieves_symptom,symptom
herb_id_455,symptom_id_3732,relieves_symptom,symptom
herb_id_455,symptom_id_4586,relieves_symptom,symptom
herb_id_455,symptom_id_688,relieves_symptom,symptom
herb_id_456,symptom_id_121,relieves_symptom,symptom
herb_id_456,symptom_id_736,relieves_symptom,symptom
herb_id_456,symptom_id_2578,relieves_symptom,symptom
herb_id_456,symptom_id_2656,relieves_symptom,symptom
herb_id_457,symptom_id_4571,relieves_symptom,symptom
herb_id_457,symptom_id_873,relieves_symptom,symptom
herb_id_457,symptom_id_2657,relieves_symptom,symptom
herb_id_457,symptom_id_2372,relieves_symptom,symptom
herb_id_457,symptom_id_558,relieves_symptom,symptom
herb_id_457,symptom_id_2305,relieves_symptom,symptom
herb_id_457,symptom_id_2515,relieves_symptom,symptom
herb_id_457,symptom_id_3355,relieves_symptom,symptom
herb_id_458,symptom_id_1509,relieves_symptom,symptom
herb_id_458,symptom_id_782,relieves_symptom,symptom
herb_id_458,symptom_id_3304,relieves_symptom,symptom
herb_id_458,symptom_id_2373,relieves_symptom,symptom
herb_id_458,symptom_id_2351,relieves_symptom,symptom
herb_id_459,symptom_id_1274,relieves_symptom,symptom
herb_id_459,symptom_id_3863,relieves_symptom,symptom
herb_id_459,symptom_id_1385,relieves_symptom,symptom
herb_id_459,symptom_id_3697,relieves_symptom,symptom
herb_id_459,symptom_id_3342,relieves_symptom,symptom
herb_id_459,symptom_id_3803,relieves_symptom,symptom
herb_id_459,symptom_id_4314,relieves_symptom,symptom
herb_id_460,symptom_id_4359,relieves_symptom,symptom
herb_id_460,symptom_id_2299,relieves_symptom,symptom
herb_id_460,symptom_id_2463,relieves_symptom,symptom
herb_id_460,symptom_id_2258,relieves_symptom,symptom
herb_id_460,symptom_id_4733,relieves_symptom,symptom
herb_id_460,symptom_id_663,relieves_symptom,symptom
herb_id_460,symptom_id_4100,relieves_symptom,symptom
herb_id_460,symptom_id_2805,relieves_symptom,symptom
herb_id_460,symptom_id_2506,relieves_symptom,symptom
herb_id_460,symptom_id_2515,relieves_symptom,symptom
herb_id_460,symptom_id_3355,relieves_symptom,symptom
herb_id_461,symptom_id_274,relieves_symptom,symptom
herb_id_461,symptom_id_424,relieves_symptom,symptom
herb_id_461,symptom_id_551,relieves_symptom,symptom
herb_id_461,symptom_id_663,relieves_symptom,symptom
herb_id_461,symptom_id_742,relieves_symptom,symptom
herb_id_461,symptom_id_797,relieves_symptom,symptom
herb_id_461,symptom_id_3305,relieves_symptom,symptom
herb_id_461,symptom_id_4292,relieves_symptom,symptom
herb_id_462,symptom_id_2339,relieves_symptom,symptom
herb_id_462,symptom_id_2309,relieves_symptom,symptom
herb_id_462,symptom_id_3595,relieves_symptom,symptom
herb_id_462,symptom_id_742,relieves_symptom,symptom
herb_id_462,symptom_id_2703,relieves_symptom,symptom
herb_id_462,symptom_id_2300,relieves_symptom,symptom
herb_id_463,symptom_id_4217,relieves_symptom,symptom
herb_id_463,symptom_id_2986,relieves_symptom,symptom
herb_id_463,symptom_id_4090,relieves_symptom,symptom
herb_id_463,symptom_id_2980,relieves_symptom,symptom
herb_id_463,symptom_id_2640,relieves_symptom,symptom
herb_id_463,symptom_id_2441,relieves_symptom,symptom
herb_id_463,symptom_id_2324,relieves_symptom,symptom
herb_id_464,symptom_id_4554,relieves_symptom,symptom
herb_id_464,symptom_id_439,relieves_symptom,symptom
herb_id_464,symptom_id_4704,relieves_symptom,symptom
herb_id_464,symptom_id_297,relieves_symptom,symptom
herb_id_464,symptom_id_2426,relieves_symptom,symptom
herb_id_464,symptom_id_2538,relieves_symptom,symptom
herb_id_464,symptom_id_2515,relieves_symptom,symptom
herb_id_464,symptom_id_2495,relieves_symptom,symptom
herb_id_465,symptom_id_663,relieves_symptom,symptom
herb_id_465,symptom_id_1250,relieves_symptom,symptom
herb_id_465,symptom_id_1385,relieves_symptom,symptom
herb_id_465,symptom_id_1458,relieves_symptom,symptom
herb_id_465,symptom_id_2048,relieves_symptom,symptom
herb_id_465,symptom_id_2739,relieves_symptom,symptom
herb_id_465,symptom_id_3061,relieves_symptom,symptom
herb_id_465,symptom_id_3491,relieves_symptom,symptom
herb_id_465,symptom_id_4009,relieves_symptom,symptom
herb_id_465,symptom_id_4100,relieves_symptom,symptom
herb_id_466,symptom_id_1458,relieves_symptom,symptom
herb_id_466,symptom_id_1493,relieves_symptom,symptom
herb_id_466,symptom_id_2009,relieves_symptom,symptom
herb_id_466,symptom_id_2175,relieves_symptom,symptom
herb_id_466,symptom_id_3379,relieves_symptom,symptom
herb_id_466,symptom_id_3565,relieves_symptom,symptom
herb_id_466,symptom_id_3845,relieves_symptom,symptom
herb_id_466,symptom_id_3953,relieves_symptom,symptom
herb_id_466,symptom_id_2772,relieves_symptom,symptom
herb_id_466,symptom_id_4349,relieves_symptom,symptom
herb_id_466,symptom_id_480,relieves_symptom,symptom
herb_id_467,symptom_id_167,relieves_symptom,symptom
herb_id_467,symptom_id_1113,relieves_symptom,symptom
herb_id_467,symptom_id_1247,relieves_symptom,symptom
herb_id_467,symptom_id_2518,relieves_symptom,symptom
herb_id_467,symptom_id_3214,relieves_symptom,symptom
herb_id_467,symptom_id_3840,relieves_symptom,symptom
herb_id_468,symptom_id_4035,relieves_symptom,symptom
herb_id_468,symptom_id_2460,relieves_symptom,symptom
herb_id_468,symptom_id_393,relieves_symptom,symptom
herb_id_468,symptom_id_2432,relieves_symptom,symptom
herb_id_468,symptom_id_1713,relieves_symptom,symptom
herb_id_469,symptom_id_131,relieves_symptom,symptom
herb_id_469,symptom_id_1449,relieves_symptom,symptom
herb_id_469,symptom_id_1493,relieves_symptom,symptom
herb_id_469,symptom_id_2288,relieves_symptom,symptom
herb_id_469,symptom_id_2691,relieves_symptom,symptom
herb_id_469,symptom_id_4278,relieves_symptom,symptom
herb_id_469,symptom_id_4279,relieves_symptom,symptom
herb_id_470,symptom_id_2335,relieves_symptom,symptom
herb_id_470,symptom_id_2344,relieves_symptom,symptom
herb_id_470,symptom_id_3299,relieves_symptom,symptom
herb_id_470,symptom_id_3311,relieves_symptom,symptom
herb_id_470,symptom_id_3414,relieves_symptom,symptom
herb_id_471,symptom_id_2351,relieves_symptom,symptom
herb_id_471,symptom_id_3087,relieves_symptom,symptom
herb_id_471,symptom_id_1753,relieves_symptom,symptom
herb_id_471,symptom_id_2462,relieves_symptom,symptom
herb_id_471,symptom_id_2646,relieves_symptom,symptom
herb_id_471,symptom_id_2521,relieves_symptom,symptom
herb_id_471,symptom_id_3991,relieves_symptom,symptom
herb_id_471,symptom_id_2635,relieves_symptom,symptom
herb_id_472,symptom_id_177,relieves_symptom,symptom
herb_id_472,symptom_id_395,relieves_symptom,symptom
herb_id_472,symptom_id_2120,relieves_symptom,symptom
herb_id_472,symptom_id_2136,relieves_symptom,symptom
herb_id_472,symptom_id_2435,relieves_symptom,symptom
herb_id_472,symptom_id_2500,relieves_symptom,symptom
herb_id_472,symptom_id_2604,relieves_symptom,symptom
herb_id_472,symptom_id_3571,relieves_symptom,symptom
herb_id_473,symptom_id_4715,relieves_symptom,symptom
herb_id_473,symptom_id_4275,relieves_symptom,symptom
herb_id_473,symptom_id_4617,relieves_symptom,symptom
herb_id_474,symptom_id_1759,relieves_symptom,symptom
herb_id_474,symptom_id_4751,relieves_symptom,symptom
herb_id_474,symptom_id_2525,relieves_symptom,symptom
herb_id_474,symptom_id_4650,relieves_symptom,symptom
herb_id_474,symptom_id_4783,relieves_symptom,symptom
herb_id_475,symptom_id_695,relieves_symptom,symptom
herb_id_475,symptom_id_2270,relieves_symptom,symptom
herb_id_475,symptom_id_3668,relieves_symptom,symptom
herb_id_475,symptom_id_4035,relieves_symptom,symptom
herb_id_475,symptom_id_4343,relieves_symptom,symptom
herb_id_476,symptom_id_471,relieves_symptom,symptom
herb_id_476,symptom_id_1113,relieves_symptom,symptom
herb_id_476,symptom_id_1217,relieves_symptom,symptom
herb_id_476,symptom_id_3306,relieves_symptom,symptom
herb_id_476,symptom_id_3697,relieves_symptom,symptom
herb_id_476,symptom_id_3735,relieves_symptom,symptom
herb_id_477,symptom_id_755,relieves_symptom,symptom
herb_id_477,symptom_id_663,relieves_symptom,symptom
herb_id_477,symptom_id_4100,relieves_symptom,symptom
herb_id_477,symptom_id_1458,relieves_symptom,symptom
herb_id_477,symptom_id_1037,relieves_symptom,symptom
herb_id_477,symptom_id_4062,relieves_symptom,symptom
herb_id_477,symptom_id_4266,relieves_symptom,symptom
herb_id_478,symptom_id_663,relieves_symptom,symptom
herb_id_478,symptom_id_4100,relieves_symptom,symptom
herb_id_478,symptom_id_280,relieves_symptom,symptom
herb_id_478,symptom_id_1458,relieves_symptom,symptom
herb_id_478,symptom_id_4068,relieves_symptom,symptom
herb_id_478,symptom_id_2080,relieves_symptom,symptom
herb_id_478,symptom_id_4299,relieves_symptom,symptom
herb_id_479,symptom_id_3311,relieves_symptom,symptom
herb_id_479,symptom_id_3299,relieves_symptom,symptom
herb_id_479,symptom_id_2488,relieves_symptom,symptom
herb_id_480,symptom_id_1070,relieves_symptom,symptom
herb_id_480,symptom_id_2134,relieves_symptom,symptom
herb_id_480,symptom_id_2162,relieves_symptom,symptom
herb_id_480,symptom_id_2278,relieves_symptom,symptom
herb_id_480,symptom_id_2841,relieves_symptom,symptom
herb_id_480,symptom_id_3676,relieves_symptom,symptom
herb_id_480,symptom_id_3700,relieves_symptom,symptom
herb_id_480,symptom_id_4537,relieves_symptom,symptom
herb_id_480,symptom_id_4554,relieves_symptom,symptom
herb_id_481,symptom_id_2276,relieves_symptom,symptom
herb_id_481,symptom_id_4536,relieves_symptom,symptom
herb_id_481,symptom_id_4568,relieves_symptom,symptom
herb_id_481,symptom_id_4752,relieves_symptom,symptom
herb_id_481,symptom_id_4764,relieves_symptom,symptom
herb_id_481,symptom_id_4780,relieves_symptom,symptom
herb_id_482,symptom_id_737,relieves_symptom,symptom
herb_id_482,symptom_id_663,relieves_symptom,symptom
herb_id_482,symptom_id_4100,relieves_symptom,symptom
herb_id_482,symptom_id_4075,relieves_symptom,symptom
herb_id_482,symptom_id_280,relieves_symptom,symptom
herb_id_482,symptom_id_1458,relieves_symptom,symptom
herb_id_482,symptom_id_3037,relieves_symptom,symptom
herb_id_482,symptom_id_3486,relieves_symptom,symptom
herb_id_482,symptom_id_3491,relieves_symptom,symptom
herb_id_482,symptom_id_1313,relieves_symptom,symptom
herb_id_482,symptom_id_2487,relieves_symptom,symptom
herb_id_482,symptom_id_4036,relieves_symptom,symptom
herb_id_483,symptom_id_482,relieves_symptom,symptom
herb_id_483,symptom_id_649,relieves_symptom,symptom
herb_id_483,symptom_id_688,relieves_symptom,symptom
herb_id_483,symptom_id_742,relieves_symptom,symptom
herb_id_483,symptom_id_1187,relieves_symptom,symptom
herb_id_483,symptom_id_1224,relieves_symptom,symptom
herb_id_483,symptom_id_1759,relieves_symptom,symptom
herb_id_483,symptom_id_4534,relieves_symptom,symptom
herb_id_483,symptom_id_3568,relieves_symptom,symptom
herb_id_483,symptom_id_3595,relieves_symptom,symptom
herb_id_483,symptom_id_3598,relieves_symptom,symptom
herb_id_483,symptom_id_3730,relieves_symptom,symptom
herb_id_483,symptom_id_3845,relieves_symptom,symptom
herb_id_483,symptom_id_4751,relieves_symptom,symptom
herb_id_484,symptom_id_1953,relieves_symptom,symptom
herb_id_484,symptom_id_2558,relieves_symptom,symptom
herb_id_484,symptom_id_1753,relieves_symptom,symptom
herb_id_484,symptom_id_2238,relieves_symptom,symptom
herb_id_484,symptom_id_1639,relieves_symptom,symptom
herb_id_484,symptom_id_2432,relieves_symptom,symptom
herb_id_484,symptom_id_395,relieves_symptom,symptom
herb_id_485,symptom_id_274,relieves_symptom,symptom
herb_id_485,symptom_id_742,relieves_symptom,symptom
herb_id_485,symptom_id_2091,relieves_symptom,symptom
herb_id_485,symptom_id_2559,relieves_symptom,symptom
herb_id_485,symptom_id_3211,relieves_symptom,symptom
herb_id_486,symptom_id_210,relieves_symptom,symptom
herb_id_486,symptom_id_2498,relieves_symptom,symptom
herb_id_486,symptom_id_2620,relieves_symptom,symptom
herb_id_486,symptom_id_3089,relieves_symptom,symptom
herb_id_486,symptom_id_3566,relieves_symptom,symptom
herb_id_486,symptom_id_4217,relieves_symptom,symptom
herb_id_486,symptom_id_4668,relieves_symptom,symptom
herb_id_487,symptom_id_688,relieves_symptom,symptom
herb_id_487,symptom_id_930,relieves_symptom,symptom
herb_id_487,symptom_id_3443,relieves_symptom,symptom
herb_id_487,symptom_id_3486,relieves_symptom,symptom
herb_id_487,symptom_id_3577,relieves_symptom,symptom
herb_id_488,symptom_id_2162,relieves_symptom,symptom
herb_id_488,symptom_id_2275,relieves_symptom,symptom
herb_id_488,symptom_id_2988,relieves_symptom,symptom
herb_id_488,symptom_id_1454,relieves_symptom,symptom
herb_id_488,symptom_id_2134,relieves_symptom,symptom
herb_id_488,symptom_id_3697,relieves_symptom,symptom
herb_id_488,symptom_id_3315,relieves_symptom,symptom
herb_id_488,symptom_id_3310,relieves_symptom,symptom
herb_id_488,symptom_id_3213,relieves_symptom,symptom
herb_id_488,symptom_id_2226,relieves_symptom,symptom
herb_id_488,symptom_id_2668,relieves_symptom,symptom
herb_id_489,symptom_id_280,relieves_symptom,symptom
herb_id_489,symptom_id_1448,relieves_symptom,symptom
herb_id_489,symptom_id_2268,relieves_symptom,symptom
herb_id_489,symptom_id_2270,relieves_symptom,symptom
herb_id_489,symptom_id_2292,relieves_symptom,symptom
herb_id_489,symptom_id_2349,relieves_symptom,symptom
herb_id_489,symptom_id_2436,relieves_symptom,symptom
herb_id_489,symptom_id_2739,relieves_symptom,symptom
herb_id_489,symptom_id_4179,relieves_symptom,symptom
herb_id_489,symptom_id_4346,relieves_symptom,symptom
herb_id_489,symptom_id_4733,relieves_symptom,symptom
herb_id_490,symptom_id_782,relieves_symptom,symptom
herb_id_490,symptom_id_1759,relieves_symptom,symptom
herb_id_490,symptom_id_2417,relieves_symptom,symptom
herb_id_490,symptom_id_2474,relieves_symptom,symptom
herb_id_490,symptom_id_2489,relieves_symptom,symptom
herb_id_491,symptom_id_274,relieves_symptom,symptom
herb_id_491,symptom_id_742,relieves_symptom,symptom
herb_id_491,symptom_id_2091,relieves_symptom,symptom
herb_id_491,symptom_id_3211,relieves_symptom,symptom
herb_id_491,symptom_id_3526,relieves_symptom,symptom
herb_id_492,symptom_id_2434,relieves_symptom,symptom
herb_id_492,symptom_id_4035,relieves_symptom,symptom
herb_id_492,symptom_id_4049,relieves_symptom,symptom
herb_id_492,symptom_id_4050,relieves_symptom,symptom
herb_id_493,symptom_id_366,relieves_symptom,symptom
herb_id_493,symptom_id_663,relieves_symptom,symptom
herb_id_493,symptom_id_1035,relieves_symptom,symptom
herb_id_493,symptom_id_1458,relieves_symptom,symptom
herb_id_493,symptom_id_2628,relieves_symptom,symptom
herb_id_493,symptom_id_4100,relieves_symptom,symptom
herb_id_493,symptom_id_4207,relieves_symptom,symptom
herb_id_494,symptom_id_304,relieves_symptom,symptom
herb_id_494,symptom_id_1152,relieves_symptom,symptom
herb_id_494,symptom_id_1286,relieves_symptom,symptom
herb_id_494,symptom_id_1644,relieves_symptom,symptom
herb_id_494,symptom_id_1748,relieves_symptom,symptom
herb_id_494,symptom_id_1753,relieves_symptom,symptom
herb_id_495,symptom_id_270,relieves_symptom,symptom
herb_id_495,symptom_id_1152,relieves_symptom,symptom
herb_id_495,symptom_id_1408,relieves_symptom,symptom
herb_id_495,symptom_id_1616,relieves_symptom,symptom
herb_id_495,symptom_id_1748,relieves_symptom,symptom
herb_id_495,symptom_id_2134,relieves_symptom,symptom
herb_id_495,symptom_id_2162,relieves_symptom,symptom
herb_id_495,symptom_id_2816,relieves_symptom,symptom
herb_id_495,symptom_id_3734,relieves_symptom,symptom
herb_id_495,symptom_id_4586,relieves_symptom,symptom
herb_id_496,symptom_id_1286,relieves_symptom,symptom
herb_id_496,symptom_id_2134,relieves_symptom,symptom
herb_id_497,symptom_id_1408,relieves_symptom,symptom
herb_id_497,symptom_id_2253,relieves_symptom,symptom
herb_id_497,symptom_id_2631,relieves_symptom,symptom
herb_id_497,symptom_id_4733,relieves_symptom,symptom
herb_id_498,symptom_id_218,relieves_symptom,symptom
herb_id_498,symptom_id_1286,relieves_symptom,symptom
herb_id_498,symptom_id_2267,relieves_symptom,symptom
herb_id_498,symptom_id_4569,relieves_symptom,symptom
herb_id_499,symptom_id_1173,relieves_symptom,symptom
herb_id_499,symptom_id_2009,relieves_symptom,symptom
herb_id_499,symptom_id_2804,relieves_symptom,symptom
herb_id_499,symptom_id_3089,relieves_symptom,symptom
herb_id_500,symptom_id_1187,relieves_symptom,symptom
herb_id_500,symptom_id_1759,relieves_symptom,symptom
herb_id_500,symptom_id_2441,relieves_symptom,symptom
herb_id_500,symptom_id_4566,relieves_symptom,symptom
herb_id_500,symptom_id_4715,relieves_symptom,symptom
herb_id_501,symptom_id_280,relieves_symptom,symptom
herb_id_501,symptom_id_1458,relieves_symptom,symptom
herb_id_501,symptom_id_4068,relieves_symptom,symptom
herb_id_502,symptom_id_363,relieves_symptom,symptom
herb_id_502,symptom_id_1275,relieves_symptom,symptom
herb_id_502,symptom_id_1636,relieves_symptom,symptom
herb_id_502,symptom_id_4539,relieves_symptom,symptom
herb_id_502,symptom_id_4718,relieves_symptom,symptom
herb_id_503,symptom_id_1264,relieves_symptom,symptom
herb_id_503,symptom_id_1270,relieves_symptom,symptom
herb_id_503,symptom_id_2531,relieves_symptom,symptom
herb_id_503,symptom_id_2632,relieves_symptom,symptom
herb_id_503,symptom_id_3677,relieves_symptom,symptom
herb_id_504,symptom_id_392,relieves_symptom,symptom
herb_id_504,symptom_id_932,relieves_symptom,symptom
herb_id_504,symptom_id_1264,relieves_symptom,symptom
herb_id_504,symptom_id_3676,relieves_symptom,symptom
herb_id_505,symptom_id_1274,relieves_symptom,symptom
herb_id_505,symptom_id_2907,relieves_symptom,symptom
herb_id_505,symptom_id_3845,relieves_symptom,symptom
herb_id_506,symptom_id_755,relieves_symptom,symptom
herb_id_506,symptom_id_663,relieves_symptom,symptom
herb_id_506,symptom_id_1435,relieves_symptom,symptom
herb_id_506,symptom_id_1458,relieves_symptom,symptom
herb_id_506,symptom_id_3832,relieves_symptom,symptom
herb_id_506,symptom_id_2691,relieves_symptom,symptom
herb_id_506,symptom_id_782,relieves_symptom,symptom
herb_id_506,symptom_id_2500,relieves_symptom,symptom
herb_id_506,symptom_id_2515,relieves_symptom,symptom
herb_id_507,symptom_id_2538,relieves_symptom,symptom
herb_id_507,symptom_id_2134,relieves_symptom,symptom
herb_id_507,symptom_id_2229,relieves_symptom,symptom
herb_id_507,symptom_id_172,relieves_symptom,symptom
herb_id_507,symptom_id_663,relieves_symptom,symptom
herb_id_507,symptom_id_280,relieves_symptom,symptom
herb_id_507,symptom_id_4066,relieves_symptom,symptom
herb_id_507,symptom_id_2048,relieves_symptom,symptom
herb_id_507,symptom_id_2803,relieves_symptom,symptom
herb_id_508,symptom_id_4733,relieves_symptom,symptom
herb_id_508,symptom_id_2538,relieves_symptom,symptom
herb_id_508,symptom_id_2923,relieves_symptom,symptom
herb_id_508,symptom_id_2691,relieves_symptom,symptom
herb_id_508,symptom_id_2134,relieves_symptom,symptom
herb_id_508,symptom_id_2416,relieves_symptom,symptom
herb_id_508,symptom_id_4217,relieves_symptom,symptom
herb_id_509,symptom_id_280,relieves_symptom,symptom
herb_id_509,symptom_id_1458,relieves_symptom,symptom
herb_id_509,symptom_id_1994,relieves_symptom,symptom
herb_id_509,symptom_id_1999,relieves_symptom,symptom
herb_id_509,symptom_id_3737,relieves_symptom,symptom
herb_id_509,symptom_id_4082,relieves_symptom,symptom
herb_id_510,symptom_id_3595,relieves_symptom,symptom
herb_id_510,symptom_id_2162,relieves_symptom,symptom
herb_id_510,symptom_id_2538,relieves_symptom,symptom
herb_id_510,symptom_id_2229,relieves_symptom,symptom
herb_id_511,symptom_id_1994,relieves_symptom,symptom
herb_id_511,symptom_id_4086,relieves_symptom,symptom
herb_id_511,symptom_id_1230,relieves_symptom,symptom
herb_id_511,symptom_id_1460,relieves_symptom,symptom
herb_id_512,symptom_id_551,relieves_symptom,symptom
herb_id_512,symptom_id_782,relieves_symptom,symptom
herb_id_512,symptom_id_2578,relieves_symptom,symptom
herb_id_512,symptom_id_2796,relieves_symptom,symptom
herb_id_512,symptom_id_2214,relieves_symptom,symptom
herb_id_512,symptom_id_2538,relieves_symptom,symptom
herb_id_512,symptom_id_4733,relieves_symptom,symptom
herb_id_512,symptom_id_2334,relieves_symptom,symptom
herb_id_512,symptom_id_4618,relieves_symptom,symptom
herb_id_512,symptom_id_4174,relieves_symptom,symptom
herb_id_513,symptom_id_1613,relieves_symptom,symptom
herb_id_513,symptom_id_2624,relieves_symptom,symptom
herb_id_513,symptom_id_2629,relieves_symptom,symptom
herb_id_513,symptom_id_3534,relieves_symptom,symptom
herb_id_513,symptom_id_4623,relieves_symptom,symptom
herb_id_514,symptom_id_274,relieves_symptom,symptom
herb_id_514,symptom_id_884,relieves_symptom,symptom
herb_id_514,symptom_id_2557,relieves_symptom,symptom
herb_id_514,symptom_id_2979,relieves_symptom,symptom
herb_id_514,symptom_id_3677,relieves_symptom,symptom
herb_id_514,symptom_id_4652,relieves_symptom,symptom
herb_id_515,symptom_id_1152,relieves_symptom,symptom
herb_id_515,symptom_id_1493,relieves_symptom,symptom
herb_id_515,symptom_id_1586,relieves_symptom,symptom
herb_id_515,symptom_id_3737,relieves_symptom,symptom
herb_id_515,symptom_id_4279,relieves_symptom,symptom
herb_id_516,symptom_id_1152,relieves_symptom,symptom
herb_id_516,symptom_id_1580,relieves_symptom,symptom
herb_id_516,symptom_id_1621,relieves_symptom,symptom
herb_id_516,symptom_id_2957,relieves_symptom,symptom
herb_id_516,symptom_id_4081,relieves_symptom,symptom
herb_id_516,symptom_id_4279,relieves_symptom,symptom
herb_id_517,symptom_id_4066,relieves_symptom,symptom
herb_id_517,symptom_id_2048,relieves_symptom,symptom
herb_id_517,symptom_id_3491,relieves_symptom,symptom
herb_id_517,symptom_id_2625,relieves_symptom,symptom
herb_id_517,symptom_id_3492,relieves_symptom,symptom
herb_id_517,symptom_id_4086,relieves_symptom,symptom
herb_id_517,symptom_id_4075,relieves_symptom,symptom
herb_id_517,symptom_id_2519,relieves_symptom,symptom
herb_id_517,symptom_id_2727,relieves_symptom,symptom
herb_id_518,symptom_id_73,relieves_symptom,symptom
herb_id_518,symptom_id_133,relieves_symptom,symptom
herb_id_518,symptom_id_1288,relieves_symptom,symptom
herb_id_518,symptom_id_1460,relieves_symptom,symptom
herb_id_518,symptom_id_1615,relieves_symptom,symptom
herb_id_518,symptom_id_1748,relieves_symptom,symptom
herb_id_518,symptom_id_2287,relieves_symptom,symptom
herb_id_518,symptom_id_3347,relieves_symptom,symptom
herb_id_518,symptom_id_3734,relieves_symptom,symptom
herb_id_519,symptom_id_1596,relieves_symptom,symptom
herb_id_519,symptom_id_551,relieves_symptom,symptom
herb_id_519,symptom_id_663,relieves_symptom,symptom
herb_id_519,symptom_id_4279,relieves_symptom,symptom
herb_id_519,symptom_id_2805,relieves_symptom,symptom
herb_id_520,symptom_id_1449,relieves_symptom,symptom
herb_id_520,symptom_id_2288,relieves_symptom,symptom
herb_id_520,symptom_id_4279,relieves_symptom,symptom
herb_id_521,symptom_id_1187,relieves_symptom,symptom
herb_id_521,symptom_id_2817,relieves_symptom,symptom
herb_id_521,symptom_id_2448,relieves_symptom,symptom
herb_id_521,symptom_id_2805,relieves_symptom,symptom
herb_id_521,symptom_id_2842,relieves_symptom,symptom
herb_id_521,symptom_id_4563,relieves_symptom,symptom
herb_id_522,symptom_id_304,relieves_symptom,symptom
herb_id_522,symptom_id_1628,relieves_symptom,symptom
herb_id_522,symptom_id_2125,relieves_symptom,symptom
herb_id_522,symptom_id_2346,relieves_symptom,symptom
herb_id_522,symptom_id_2497,relieves_symptom,symptom
herb_id_522,symptom_id_2550,relieves_symptom,symptom
herb_id_522,symptom_id_2657,relieves_symptom,symptom
herb_id_522,symptom_id_3129,relieves_symptom,symptom
herb_id_522,symptom_id_3418,relieves_symptom,symptom
herb_id_522,symptom_id_3845,relieves_symptom,symptom
herb_id_522,symptom_id_4217,relieves_symptom,symptom
herb_id_522,symptom_id_4539,relieves_symptom,symptom
herb_id_523,symptom_id_1449,relieves_symptom,symptom
herb_id_523,symptom_id_2695,relieves_symptom,symptom
herb_id_523,symptom_id_2777,relieves_symptom,symptom
herb_id_523,symptom_id_3133,relieves_symptom,symptom
herb_id_523,symptom_id_3191,relieves_symptom,symptom
herb_id_523,symptom_id_3346,relieves_symptom,symptom
herb_id_523,symptom_id_3486,relieves_symptom,symptom
herb_id_523,symptom_id_3727,relieves_symptom,symptom
herb_id_523,symptom_id_3785,relieves_symptom,symptom
herb_id_523,symptom_id_4278,relieves_symptom,symptom
herb_id_523,symptom_id_4279,relieves_symptom,symptom
herb_id_523,symptom_id_4314,relieves_symptom,symptom
herb_id_524,symptom_id_1286,relieves_symptom,symptom
herb_id_524,symptom_id_2226,relieves_symptom,symptom
herb_id_524,symptom_id_2261,relieves_symptom,symptom
herb_id_524,symptom_id_3779,relieves_symptom,symptom
herb_id_524,symptom_id_4279,relieves_symptom,symptom
herb_id_524,symptom_id_4557,relieves_symptom,symptom
herb_id_525,symptom_id_1343,relieves_symptom,symptom
herb_id_525,symptom_id_2335,relieves_symptom,symptom
herb_id_525,symptom_id_2728,relieves_symptom,symptom
herb_id_525,symptom_id_3845,relieves_symptom,symptom
herb_id_525,symptom_id_4033,relieves_symptom,symptom
herb_id_525,symptom_id_4343,relieves_symptom,symptom
herb_id_526,symptom_id_115,relieves_symptom,symptom
herb_id_526,symptom_id_551,relieves_symptom,symptom
herb_id_526,symptom_id_1038,relieves_symptom,symptom
herb_id_526,symptom_id_1187,relieves_symptom,symptom
herb_id_526,symptom_id_1613,relieves_symptom,symptom
herb_id_526,symptom_id_2162,relieves_symptom,symptom
herb_id_526,symptom_id_2214,relieves_symptom,symptom
herb_id_526,symptom_id_2349,relieves_symptom,symptom
herb_id_526,symptom_id_2817,relieves_symptom,symptom
herb_id_526,symptom_id_3534,relieves_symptom,symptom
herb_id_526,symptom_id_4284,relieves_symptom,symptom
herb_id_526,symptom_id_4501,relieves_symptom,symptom
herb_id_526,symptom_id_4716,relieves_symptom,symptom
herb_id_527,symptom_id_486,relieves_symptom,symptom
herb_id_527,symptom_id_67,relieves_symptom,symptom
herb_id_527,symptom_id_707,relieves_symptom,symptom
herb_id_527,symptom_id_672,relieves_symptom,symptom
herb_id_527,symptom_id_663,relieves_symptom,symptom
herb_id_527,symptom_id_3220,relieves_symptom,symptom
herb_id_528,symptom_id_3297,relieves_symptom,symptom
herb_id_528,symptom_id_3213,relieves_symptom,symptom
herb_id_528,symptom_id_2373,relieves_symptom,symptom
herb_id_529,symptom_id_1270,relieves_symptom,symptom
herb_id_529,symptom_id_1187,relieves_symptom,symptom
herb_id_529,symptom_id_3845,relieves_symptom,symptom
herb_id_529,symptom_id_4034,relieves_symptom,symptom
herb_id_529,symptom_id_179,relieves_symptom,symptom
herb_id_529,symptom_id_2538,relieves_symptom,symptom
herb_id_529,symptom_id_2500,relieves_symptom,symptom
herb_id_530,symptom_id_884,relieves_symptom,symptom
herb_id_530,symptom_id_2560,relieves_symptom,symptom
herb_id_530,symptom_id_1286,relieves_symptom,symptom
herb_id_530,symptom_id_2570,relieves_symptom,symptom
herb_id_530,symptom_id_3550,relieves_symptom,symptom
herb_id_530,symptom_id_3567,relieves_symptom,symptom
herb_id_531,symptom_id_167,relieves_symptom,symptom
herb_id_531,symptom_id_797,relieves_symptom,symptom
herb_id_531,symptom_id_2267,relieves_symptom,symptom
herb_id_531,symptom_id_2335,relieves_symptom,symptom
herb_id_531,symptom_id_2416,relieves_symptom,symptom
herb_id_531,symptom_id_2635,relieves_symptom,symptom
herb_id_531,symptom_id_2796,relieves_symptom,symptom
herb_id_531,symptom_id_3213,relieves_symptom,symptom
herb_id_531,symptom_id_3310,relieves_symptom,symptom
herb_id_532,symptom_id_663,relieves_symptom,symptom
herb_id_532,symptom_id_737,relieves_symptom,symptom
herb_id_532,symptom_id_1035,relieves_symptom,symptom
herb_id_532,symptom_id_1458,relieves_symptom,symptom
herb_id_532,symptom_id_3089,relieves_symptom,symptom
herb_id_532,symptom_id_3566,relieves_symptom,symptom
herb_id_532,symptom_id_4076,relieves_symptom,symptom
herb_id_532,symptom_id_4100,relieves_symptom,symptom
herb_id_532,symptom_id_4207,relieves_symptom,symptom
herb_id_533,symptom_id_663,relieves_symptom,symptom
herb_id_533,symptom_id_4100,relieves_symptom,symptom
herb_id_533,symptom_id_1458,relieves_symptom,symptom
herb_id_533,symptom_id_2179,relieves_symptom,symptom
herb_id_533,symptom_id_1435,relieves_symptom,symptom
herb_id_533,symptom_id_4086,relieves_symptom,symptom
herb_id_534,symptom_id_123,relieves_symptom,symptom
herb_id_534,symptom_id_1770,relieves_symptom,symptom
herb_id_534,symptom_id_2452,relieves_symptom,symptom
herb_id_534,symptom_id_2538,relieves_symptom,symptom
herb_id_534,symptom_id_3335,relieves_symptom,symptom
herb_id_534,symptom_id_3699,relieves_symptom,symptom
herb_id_534,symptom_id_4217,relieves_symptom,symptom
herb_id_534,symptom_id_4543,relieves_symptom,symptom
herb_id_534,symptom_id_4568,relieves_symptom,symptom
herb_id_534,symptom_id_4667,relieves_symptom,symptom
herb_id_534,symptom_id_4733,relieves_symptom,symptom
herb_id_535,symptom_id_175,relieves_symptom,symptom
herb_id_535,symptom_id_1187,relieves_symptom,symptom
herb_id_535,symptom_id_2804,relieves_symptom,symptom
herb_id_535,symptom_id_2817,relieves_symptom,symptom
herb_id_535,symptom_id_3551,relieves_symptom,symptom
herb_id_535,symptom_id_4568,relieves_symptom,symptom
herb_id_536,symptom_id_1169,relieves_symptom,symptom
herb_id_536,symptom_id_1187,relieves_symptom,symptom
herb_id_536,symptom_id_2779,relieves_symptom,symptom
herb_id_536,symptom_id_2788,relieves_symptom,symptom
herb_id_536,symptom_id_2800,relieves_symptom,symptom
herb_id_536,symptom_id_4563,relieves_symptom,symptom
herb_id_536,symptom_id_4786,relieves_symptom,symptom
herb_id_537,symptom_id_558,relieves_symptom,symptom
herb_id_537,symptom_id_873,relieves_symptom,symptom
herb_id_537,symptom_id_1187,relieves_symptom,symptom
herb_id_537,symptom_id_2796,relieves_symptom,symptom
herb_id_537,symptom_id_3552,relieves_symptom,symptom
herb_id_537,symptom_id_4542,relieves_symptom,symptom
herb_id_537,symptom_id_4563,relieves_symptom,symptom
herb_id_537,symptom_id_4566,relieves_symptom,symptom
herb_id_537,symptom_id_4715,relieves_symptom,symptom
herb_id_538,symptom_id_1286,relieves_symptom,symptom
herb_id_538,symptom_id_2134,relieves_symptom,symptom
herb_id_538,symptom_id_2276,relieves_symptom,symptom
herb_id_538,symptom_id_2642,relieves_symptom,symptom
herb_id_538,symptom_id_3213,relieves_symptom,symptom
herb_id_538,symptom_id_3310,relieves_symptom,symptom
herb_id_538,symptom_id_3697,relieves_symptom,symptom
herb_id_538,symptom_id_3737,relieves_symptom,symptom
herb_id_538,symptom_id_4174,relieves_symptom,symptom
herb_id_539,symptom_id_1613,relieves_symptom,symptom
herb_id_539,symptom_id_2175,relieves_symptom,symptom
herb_id_539,symptom_id_3534,relieves_symptom,symptom
herb_id_539,symptom_id_3672,relieves_symptom,symptom
herb_id_540,symptom_id_1462,relieves_symptom,symptom
herb_id_540,symptom_id_4537,relieves_symptom,symptom
herb_id_540,symptom_id_4554,relieves_symptom,symptom
herb_id_541,symptom_id_2667,relieves_symptom,symptom
herb_id_541,symptom_id_1802,relieves_symptom,symptom
herb_id_541,symptom_id_3989,relieves_symptom,symptom
herb_id_541,symptom_id_2538,relieves_symptom,symptom
herb_id_541,symptom_id_3210,relieves_symptom,symptom
herb_id_542,symptom_id_663,relieves_symptom,symptom
herb_id_542,symptom_id_737,relieves_symptom,symptom
herb_id_542,symptom_id_1435,relieves_symptom,symptom
herb_id_542,symptom_id_1458,relieves_symptom,symptom
herb_id_542,symptom_id_4100,relieves_symptom,symptom
herb_id_543,symptom_id_280,relieves_symptom,symptom
herb_id_543,symptom_id_663,relieves_symptom,symptom
herb_id_543,symptom_id_755,relieves_symptom,symptom
herb_id_543,symptom_id_1435,relieves_symptom,symptom
herb_id_543,symptom_id_4066,relieves_symptom,symptom
herb_id_543,symptom_id_4086,relieves_symptom,symptom
herb_id_543,symptom_id_4100,relieves_symptom,symptom
herb_id_544,symptom_id_657,relieves_symptom,symptom
herb_id_544,symptom_id_1713,relieves_symptom,symptom
herb_id_544,symptom_id_1917,relieves_symptom,symptom
herb_id_544,symptom_id_2061,relieves_symptom,symptom
herb_id_544,symptom_id_4573,relieves_symptom,symptom
herb_id_544,symptom_id_4759,relieves_symptom,symptom
herb_id_545,symptom_id_480,relieves_symptom,symptom
herb_id_545,symptom_id_688,relieves_symptom,symptom
herb_id_545,symptom_id_1187,relieves_symptom,symptom
herb_id_545,symptom_id_1710,relieves_symptom,symptom
herb_id_545,symptom_id_1852,relieves_symptom,symptom
herb_id_545,symptom_id_2162,relieves_symptom,symptom
herb_id_545,symptom_id_2252,relieves_symptom,symptom
herb_id_545,symptom_id_2278,relieves_symptom,symptom
herb_id_545,symptom_id_3594,relieves_symptom,symptom
herb_id_545,symptom_id_3674,relieves_symptom,symptom
herb_id_545,symptom_id_4240,relieves_symptom,symptom
herb_id_545,symptom_id_4599,relieves_symptom,symptom
herb_id_545,symptom_id_4764,relieves_symptom,symptom
herb_id_546,symptom_id_4543,relieves_symptom,symptom
herb_id_546,symptom_id_2997,relieves_symptom,symptom
herb_id_546,symptom_id_2267,relieves_symptom,symptom
herb_id_546,symptom_id_2227,relieves_symptom,symptom
herb_id_546,symptom_id_3087,relieves_symptom,symptom
herb_id_546,symptom_id_205,relieves_symptom,symptom
herb_id_546,symptom_id_2651,relieves_symptom,symptom
herb_id_546,symptom_id_2514,relieves_symptom,symptom
herb_id_546,symptom_id_4206,relieves_symptom,symptom
herb_id_546,symptom_id_2324,relieves_symptom,symptom
herb_id_546,symptom_id_1714,relieves_symptom,symptom
herb_id_547,symptom_id_447,relieves_symptom,symptom
herb_id_547,symptom_id_971,relieves_symptom,symptom
herb_id_547,symptom_id_3767,relieves_symptom,symptom
herb_id_547,symptom_id_1748,relieves_symptom,symptom
herb_id_547,symptom_id_2657,relieves_symptom,symptom
herb_id_547,symptom_id_2523,relieves_symptom,symptom
herb_id_548,symptom_id_1397,relieves_symptom,symptom
herb_id_548,symptom_id_1862,relieves_symptom,symptom
herb_id_548,symptom_id_2980,relieves_symptom,symptom
herb_id_548,symptom_id_4079,relieves_symptom,symptom
herb_id_549,symptom_id_4554,relieves_symptom,symptom
herb_id_549,symptom_id_4568,relieves_symptom,symptom
herb_id_549,symptom_id_1215,relieves_symptom,symptom
herb_id_549,symptom_id_2712,relieves_symptom,symptom
herb_id_549,symptom_id_352,relieves_symptom,symptom
herb_id_549,symptom_id_650,relieves_symptom,symptom
herb_id_549,symptom_id_3768,relieves_symptom,symptom
herb_id_549,symptom_id_2305,relieves_symptom,symptom
herb_id_550,symptom_id_1250,relieves_symptom,symptom
herb_id_550,symptom_id_2270,relieves_symptom,symptom
herb_id_550,symptom_id_2275,relieves_symptom,symptom
herb_id_550,symptom_id_2631,relieves_symptom,symptom
herb_id_550,symptom_id_3348,relieves_symptom,symptom
herb_id_550,symptom_id_3757,relieves_symptom,symptom
herb_id_550,symptom_id_4343,relieves_symptom,symptom
herb_id_551,symptom_id_2339,relieves_symptom,symptom
herb_id_551,symptom_id_1753,relieves_symptom,symptom
herb_id_551,symptom_id_742,relieves_symptom,symptom
herb_id_551,symptom_id_663,relieves_symptom,symptom
herb_id_551,symptom_id_782,relieves_symptom,symptom
herb_id_551,symptom_id_2538,relieves_symptom,symptom
herb_id_551,symptom_id_2500,relieves_symptom,symptom
herb_id_551,symptom_id_2414,relieves_symptom,symptom
herb_id_551,symptom_id_4040,relieves_symptom,symptom
herb_id_551,symptom_id_2157,relieves_symptom,symptom
herb_id_552,symptom_id_1753,relieves_symptom,symptom
herb_id_552,symptom_id_879,relieves_symptom,symptom
herb_id_552,symptom_id_2059,relieves_symptom,symptom
herb_id_552,symptom_id_2793,relieves_symptom,symptom
herb_id_552,symptom_id_2414,relieves_symptom,symptom
herb_id_552,symptom_id_2500,relieves_symptom,symptom
herb_id_552,symptom_id_2635,relieves_symptom,symptom
herb_id_552,symptom_id_3745,relieves_symptom,symptom
herb_id_552,symptom_id_2513,relieves_symptom,symptom
herb_id_552,symptom_id_2432,relieves_symptom,symptom
herb_id_553,symptom_id_681,relieves_symptom,symptom
herb_id_553,symptom_id_2270,relieves_symptom,symptom
herb_id_553,symptom_id_2324,relieves_symptom,symptom
herb_id_553,symptom_id_2545,relieves_symptom,symptom
herb_id_553,symptom_id_2577,relieves_symptom,symptom
herb_id_553,symptom_id_2639,relieves_symptom,symptom
herb_id_553,symptom_id_3547,relieves_symptom,symptom
herb_id_554,symptom_id_425,relieves_symptom,symptom
herb_id_554,symptom_id_755,relieves_symptom,symptom
herb_id_554,symptom_id_3319,relieves_symptom,symptom
herb_id_554,symptom_id_4004,relieves_symptom,symptom
herb_id_554,symptom_id_4279,relieves_symptom,symptom
herb_id_554,symptom_id_4314,relieves_symptom,symptom
herb_id_555,symptom_id_123,relieves_symptom,symptom
herb_id_555,symptom_id_1514,relieves_symptom,symptom
herb_id_555,symptom_id_2488,relieves_symptom,symptom
herb_id_555,symptom_id_2513,relieves_symptom,symptom
herb_id_555,symptom_id_2621,relieves_symptom,symptom
herb_id_555,symptom_id_3087,relieves_symptom,symptom
herb_id_555,symptom_id_3540,relieves_symptom,symptom
herb_id_555,symptom_id_4175,relieves_symptom,symptom
herb_id_555,symptom_id_4206,relieves_symptom,symptom
herb_id_556,symptom_id_2981,relieves_symptom,symptom
herb_id_556,symptom_id_1636,relieves_symptom,symptom
herb_id_556,symptom_id_688,relieves_symptom,symptom
herb_id_556,symptom_id_948,relieves_symptom,symptom
herb_id_556,symptom_id_742,relieves_symptom,symptom
herb_id_556,symptom_id_2119,relieves_symptom,symptom
herb_id_556,symptom_id_4539,relieves_symptom,symptom
herb_id_556,symptom_id_2162,relieves_symptom,symptom
herb_id_556,symptom_id_2538,relieves_symptom,symptom
herb_id_556,symptom_id_2425,relieves_symptom,symptom
herb_id_556,symptom_id_4783,relieves_symptom,symptom
herb_id_556,symptom_id_4049,relieves_symptom,symptom
herb_id_556,symptom_id_4050,relieves_symptom,symptom
herb_id_556,symptom_id_4343,relieves_symptom,symptom
herb_id_556,symptom_id_2446,relieves_symptom,symptom
herb_id_557,symptom_id_2426,relieves_symptom,symptom
herb_id_557,symptom_id_2481,relieves_symptom,symptom
herb_id_558,symptom_id_167,relieves_symptom,symptom
herb_id_558,symptom_id_2373,relieves_symptom,symptom
herb_id_558,symptom_id_2444,relieves_symptom,symptom
herb_id_558,symptom_id_2635,relieves_symptom,symptom
herb_id_558,symptom_id_2761,relieves_symptom,symptom
herb_id_558,symptom_id_4554,relieves_symptom,symptom
herb_id_558,symptom_id_4711,relieves_symptom,symptom
herb_id_559,symptom_id_144,relieves_symptom,symptom
herb_id_559,symptom_id_2133,relieves_symptom,symptom
herb_id_559,symptom_id_2442,relieves_symptom,symptom
herb_id_559,symptom_id_3212,relieves_symptom,symptom
herb_id_559,symptom_id_3307,relieves_symptom,symptom
herb_id_559,symptom_id_3682,relieves_symptom,symptom
herb_id_560,symptom_id_116,relieves_symptom,symptom
herb_id_560,symptom_id_299,relieves_symptom,symptom
herb_id_560,symptom_id_439,relieves_symptom,symptom
herb_id_560,symptom_id_1755,relieves_symptom,symptom
herb_id_560,symptom_id_2441,relieves_symptom,symptom
herb_id_560,symptom_id_2511,relieves_symptom,symptom
herb_id_560,symptom_id_2635,relieves_symptom,symptom
herb_id_560,symptom_id_2924,relieves_symptom,symptom
herb_id_560,symptom_id_3204,relieves_symptom,symptom
herb_id_560,symptom_id_4040,relieves_symptom,symptom
herb_id_560,symptom_id_4557,relieves_symptom,symptom
herb_id_561,symptom_id_755,relieves_symptom,symptom
herb_id_561,symptom_id_2312,relieves_symptom,symptom
herb_id_561,symptom_id_3302,relieves_symptom,symptom
herb_id_561,symptom_id_3415,relieves_symptom,symptom
herb_id_561,symptom_id_4100,relieves_symptom,symptom
herb_id_562,symptom_id_742,relieves_symptom,symptom
herb_id_562,symptom_id_748,relieves_symptom,symptom
herb_id_562,symptom_id_2105,relieves_symptom,symptom
herb_id_562,symptom_id_2220,relieves_symptom,symptom
herb_id_562,symptom_id_3297,relieves_symptom,symptom
herb_id_562,symptom_id_4702,relieves_symptom,symptom
herb_id_562,symptom_id_4706,relieves_symptom,symptom
herb_id_563,symptom_id_799,relieves_symptom,symptom
herb_id_563,symptom_id_1756,relieves_symptom,symptom
herb_id_563,symptom_id_2804,relieves_symptom,symptom
herb_id_563,symptom_id_2924,relieves_symptom,symptom
herb_id_563,symptom_id_4563,relieves_symptom,symptom
herb_id_563,symptom_id_4568,relieves_symptom,symptom
herb_id_563,symptom_id_4716,relieves_symptom,symptom
herb_id_564,symptom_id_2491,relieves_symptom,symptom
herb_id_564,symptom_id_782,relieves_symptom,symptom
herb_id_564,symptom_id_102,relieves_symptom,symptom
herb_id_564,symptom_id_2951,relieves_symptom,symptom
herb_id_564,symptom_id_3845,relieves_symptom,symptom
herb_id_564,symptom_id_649,relieves_symptom,symptom
herb_id_564,symptom_id_491,relieves_symptom,symptom
herb_id_564,symptom_id_2635,relieves_symptom,symptom
herb_id_564,symptom_id_1790,relieves_symptom,symptom
herb_id_564,symptom_id_2464,relieves_symptom,symptom
herb_id_564,symptom_id_1646,relieves_symptom,symptom
herb_id_564,symptom_id_4578,relieves_symptom,symptom
herb_id_564,symptom_id_2373,relieves_symptom,symptom
herb_id_565,symptom_id_663,relieves_symptom,symptom
herb_id_565,symptom_id_4776,relieves_symptom,symptom
herb_id_565,symptom_id_4785,relieves_symptom,symptom
herb_id_565,symptom_id_4086,relieves_symptom,symptom
herb_id_565,symptom_id_4075,relieves_symptom,symptom
herb_id_565,symptom_id_1458,relieves_symptom,symptom
herb_id_566,symptom_id_4216,relieves_symptom,symptom
herb_id_566,symptom_id_380,relieves_symptom,symptom
herb_id_566,symptom_id_1036,relieves_symptom,symptom
herb_id_566,symptom_id_2635,relieves_symptom,symptom
herb_id_567,symptom_id_2162,relieves_symptom,symptom
herb_id_567,symptom_id_1449,relieves_symptom,symptom
herb_id_567,symptom_id_1921,relieves_symptom,symptom
herb_id_567,symptom_id_2695,relieves_symptom,symptom
herb_id_567,symptom_id_3343,relieves_symptom,symptom
herb_id_567,symptom_id_3349,relieves_symptom,symptom
herb_id_567,symptom_id_3776,relieves_symptom,symptom
herb_id_567,symptom_id_4278,relieves_symptom,symptom
herb_id_567,symptom_id_4279,relieves_symptom,symptom
herb_id_567,symptom_id_4314,relieves_symptom,symptom
herb_id_568,symptom_id_4563,relieves_symptom,symptom
herb_id_568,symptom_id_4715,relieves_symptom,symptom
herb_id_568,symptom_id_2466,relieves_symptom,symptom
herb_id_568,symptom_id_4554,relieves_symptom,symptom
herb_id_568,symptom_id_2739,relieves_symptom,symptom
herb_id_569,symptom_id_383,relieves_symptom,symptom
herb_id_569,symptom_id_555,relieves_symptom,symptom
herb_id_569,symptom_id_741,relieves_symptom,symptom
herb_id_569,symptom_id_2112,relieves_symptom,symptom
herb_id_569,symptom_id_4021,relieves_symptom,symptom
herb_id_570,symptom_id_1999,relieves_symptom,symptom
herb_id_570,symptom_id_1343,relieves_symptom,symptom
herb_id_570,symptom_id_782,relieves_symptom,symptom
herb_id_570,symptom_id_577,relieves_symptom,symptom
herb_id_570,symptom_id_2207,relieves_symptom,symptom
herb_id_571,symptom_id_945,relieves_symptom,symptom
herb_id_571,symptom_id_1229,relieves_symptom,symptom
herb_id_571,symptom_id_1262,relieves_symptom,symptom
herb_id_571,symptom_id_3399,relieves_symptom,symptom
herb_id_571,symptom_id_3849,relieves_symptom,symptom
herb_id_572,symptom_id_1650,relieves_symptom,symptom
herb_id_572,symptom_id_3577,relieves_symptom,symptom
herb_id_572,symptom_id_663,relieves_symptom,symptom
herb_id_572,symptom_id_220,relieves_symptom,symptom
herb_id_572,symptom_id_1745,relieves_symptom,symptom
herb_id_572,symptom_id_3087,relieves_symptom,symptom
herb_id_572,symptom_id_208,relieves_symptom,symptom
herb_id_572,symptom_id_3845,relieves_symptom,symptom
herb_id_572,symptom_id_4207,relieves_symptom,symptom
herb_id_573,symptom_id_1449,relieves_symptom,symptom
herb_id_573,symptom_id_1950,relieves_symptom,symptom
herb_id_573,symptom_id_2288,relieves_symptom,symptom
herb_id_573,symptom_id_2780,relieves_symptom,symptom
herb_id_573,symptom_id_4278,relieves_symptom,symptom
herb_id_573,symptom_id_4279,relieves_symptom,symptom
herb_id_573,symptom_id_4314,relieves_symptom,symptom
herb_id_574,symptom_id_129,relieves_symptom,symptom
herb_id_574,symptom_id_133,relieves_symptom,symptom
herb_id_574,symptom_id_285,relieves_symptom,symptom
herb_id_574,symptom_id_799,relieves_symptom,symptom
herb_id_574,symptom_id_3325,relieves_symptom,symptom
herb_id_575,symptom_id_129,relieves_symptom,symptom
herb_id_575,symptom_id_133,relieves_symptom,symptom
herb_id_575,symptom_id_285,relieves_symptom,symptom
herb_id_575,symptom_id_799,relieves_symptom,symptom
herb_id_575,symptom_id_3325,relieves_symptom,symptom
herb_id_576,symptom_id_2792,relieves_symptom,symptom
herb_id_576,symptom_id_4377,relieves_symptom,symptom
herb_id_576,symptom_id_1187,relieves_symptom,symptom
herb_id_576,symptom_id_4783,relieves_symptom,symptom
herb_id_576,symptom_id_873,relieves_symptom,symptom
herb_id_576,symptom_id_4776,relieves_symptom,symptom
herb_id_577,symptom_id_222,relieves_symptom,symptom
herb_id_577,symptom_id_1187,relieves_symptom,symptom
herb_id_577,symptom_id_1270,relieves_symptom,symptom
herb_id_577,symptom_id_2316,relieves_symptom,symptom
herb_id_577,symptom_id_3595,relieves_symptom,symptom
herb_id_578,symptom_id_2444,relieves_symptom,symptom
herb_id_578,symptom_id_2635,relieves_symptom,symptom
herb_id_578,symptom_id_3312,relieves_symptom,symptom
herb_id_578,symptom_id_4561,relieves_symptom,symptom
herb_id_579,symptom_id_1008,relieves_symptom,symptom
herb_id_579,symptom_id_2997,relieves_symptom,symptom
herb_id_579,symptom_id_3778,relieves_symptom,symptom
herb_id_579,symptom_id_2426,relieves_symptom,symptom
herb_id_579,symptom_id_1678,relieves_symptom,symptom
herb_id_579,symptom_id_4704,relieves_symptom,symptom
herb_id_579,symptom_id_2416,relieves_symptom,symptom
herb_id_579,symptom_id_1035,relieves_symptom,symptom
herb_id_580,symptom_id_2432,relieves_symptom,symptom
herb_id_580,symptom_id_2538,relieves_symptom,symptom
herb_id_580,symptom_id_2619,relieves_symptom,symptom
herb_id_580,symptom_id_2805,relieves_symptom,symptom
herb_id_580,symptom_id_3210,relieves_symptom,symptom
herb_id_580,symptom_id_3745,relieves_symptom,symptom
herb_id_580,symptom_id_3845,relieves_symptom,symptom
herb_id_580,symptom_id_4039,relieves_symptom,symptom
herb_id_581,symptom_id_4563,relieves_symptom,symptom
herb_id_581,symptom_id_2237,relieves_symptom,symptom
herb_id_581,symptom_id_663,relieves_symptom,symptom
herb_id_581,symptom_id_4100,relieves_symptom,symptom
herb_id_581,symptom_id_3221,relieves_symptom,symptom
herb_id_581,symptom_id_4086,relieves_symptom,symptom
herb_id_581,symptom_id_4066,relieves_symptom,symptom
herb_id_581,symptom_id_1493,relieves_symptom,symptom
herb_id_581,symptom_id_2441,relieves_symptom,symptom
herb_id_581,symptom_id_1435,relieves_symptom,symptom
herb_id_581,symptom_id_2048,relieves_symptom,symptom
herb_id_581,symptom_id_406,relieves_symptom,symptom
herb_id_581,symptom_id_4049,relieves_symptom,symptom
herb_id_581,symptom_id_4665,relieves_symptom,symptom
herb_id_581,symptom_id_3109,relieves_symptom,symptom
herb_id_581,symptom_id_215,relieves_symptom,symptom
herb_id_581,symptom_id_197,relieves_symptom,symptom
herb_id_582,symptom_id_1438,relieves_symptom,symptom
herb_id_582,symptom_id_2136,relieves_symptom,symptom
herb_id_582,symptom_id_2505,relieves_symptom,symptom
herb_id_582,symptom_id_3213,relieves_symptom,symptom
herb_id_582,symptom_id_3699,relieves_symptom,symptom
herb_id_582,symptom_id_3845,relieves_symptom,symptom
herb_id_582,symptom_id_4549,relieves_symptom,symptom
herb_id_582,symptom_id_4733,relieves_symptom,symptom
herb_id_583,symptom_id_133,relieves_symptom,symptom
herb_id_583,symptom_id_1084,relieves_symptom,symptom
herb_id_583,symptom_id_1460,relieves_symptom,symptom
herb_id_583,symptom_id_2269,relieves_symptom,symptom
herb_id_583,symptom_id_2443,relieves_symptom,symptom
herb_id_584,symptom_id_2234,relieves_symptom,symptom
herb_id_584,symptom_id_2325,relieves_symptom,symptom
herb_id_584,symptom_id_2506,relieves_symptom,symptom
herb_id_584,symptom_id_2652,relieves_symptom,symptom
herb_id_584,symptom_id_2805,relieves_symptom,symptom
herb_id_584,symptom_id_3089,relieves_symptom,symptom
herb_id_584,symptom_id_3203,relieves_symptom,symptom
herb_id_584,symptom_id_4206,relieves_symptom,symptom
herb_id_585,symptom_id_1286,relieves_symptom,symptom
herb_id_585,symptom_id_2175,relieves_symptom,symptom
herb_id_585,symptom_id_2226,relieves_symptom,symptom
herb_id_586,symptom_id_152,relieves_symptom,symptom
herb_id_586,symptom_id_366,relieves_symptom,symptom
herb_id_586,symptom_id_2136,relieves_symptom,symptom
herb_id_586,symptom_id_3087,relieves_symptom,symptom
herb_id_586,symptom_id_4714,relieves_symptom,symptom
herb_id_587,symptom_id_1994,relieves_symptom,symptom
herb_id_587,symptom_id_2136,relieves_symptom,symptom
herb_id_587,symptom_id_2335,relieves_symptom,symptom
herb_id_587,symptom_id_2578,relieves_symptom,symptom
herb_id_587,symptom_id_2805,relieves_symptom,symptom
herb_id_588,symptom_id_1290,relieves_symptom,symptom
herb_id_588,symptom_id_2226,relieves_symptom,symptom
herb_id_588,symptom_id_1493,relieves_symptom,symptom
herb_id_588,symptom_id_1435,relieves_symptom,symptom
herb_id_588,symptom_id_4733,relieves_symptom,symptom
herb_id_588,symptom_id_2134,relieves_symptom,symptom
herb_id_588,symptom_id_2352,relieves_symptom,symptom
herb_id_588,symptom_id_2162,relieves_symptom,symptom
herb_id_588,symptom_id_4776,relieves_symptom,symptom
herb_id_588,symptom_id_2805,relieves_symptom,symptom
herb_id_588,symptom_id_873,relieves_symptom,symptom
herb_id_588,symptom_id_174,relieves_symptom,symptom
herb_id_588,symptom_id_742,relieves_symptom,symptom
herb_id_588,symptom_id_2730,relieves_symptom,symptom
herb_id_589,symptom_id_4536,relieves_symptom,symptom
herb_id_589,symptom_id_4752,relieves_symptom,symptom
herb_id_589,symptom_id_4764,relieves_symptom,symptom
herb_id_589,symptom_id_4780,relieves_symptom,symptom
herb_id_590,symptom_id_158,relieves_symptom,symptom
herb_id_590,symptom_id_305,relieves_symptom,symptom
herb_id_590,symptom_id_749,relieves_symptom,symptom
herb_id_590,symptom_id_1051,relieves_symptom,symptom
herb_id_590,symptom_id_1152,relieves_symptom,symptom
herb_id_590,symptom_id_1621,relieves_symptom,symptom
herb_id_590,symptom_id_2444,relieves_symptom,symptom
herb_id_590,symptom_id_2932,relieves_symptom,symptom
herb_id_591,symptom_id_123,relieves_symptom,symptom
herb_id_591,symptom_id_167,relieves_symptom,symptom
herb_id_591,symptom_id_2235,relieves_symptom,symptom
herb_id_591,symptom_id_2239,relieves_symptom,symptom
herb_id_591,symptom_id_2335,relieves_symptom,symptom
herb_id_591,symptom_id_2488,relieves_symptom,symptom
herb_id_591,symptom_id_2635,relieves_symptom,symptom
herb_id_591,symptom_id_2954,relieves_symptom,symptom
herb_id_591,symptom_id_4563,relieves_symptom,symptom
herb_id_591,symptom_id_4698,relieves_symptom,symptom
herb_id_592,symptom_id_4554,relieves_symptom,symptom
herb_id_592,symptom_id_2995,relieves_symptom,symptom
herb_id_592,symptom_id_1269,relieves_symptom,symptom
herb_id_592,symptom_id_2451,relieves_symptom,symptom
herb_id_593,symptom_id_2334,relieves_symptom,symptom
herb_id_593,symptom_id_1286,relieves_symptom,symptom
herb_id_593,symptom_id_2134,relieves_symptom,symptom
herb_id_593,symptom_id_2414,relieves_symptom,symptom
herb_id_593,symptom_id_686,relieves_symptom,symptom
herb_id_594,symptom_id_161,relieves_symptom,symptom
herb_id_594,symptom_id_2135,relieves_symptom,symptom
herb_id_594,symptom_id_2260,relieves_symptom,symptom
herb_id_595,symptom_id_274,relieves_symptom,symptom
herb_id_595,symptom_id_1286,relieves_symptom,symptom
herb_id_595,symptom_id_2134,relieves_symptom,symptom
herb_id_595,symptom_id_2182,relieves_symptom,symptom
herb_id_595,symptom_id_3697,relieves_symptom,symptom
herb_id_595,symptom_id_3859,relieves_symptom,symptom
herb_id_595,symptom_id_4621,relieves_symptom,symptom
herb_id_596,symptom_id_160,relieves_symptom,symptom
herb_id_596,symptom_id_1613,relieves_symptom,symptom
herb_id_596,symptom_id_2346,relieves_symptom,symptom
herb_id_596,symptom_id_2658,relieves_symptom,symptom
herb_id_596,symptom_id_3089,relieves_symptom,symptom
herb_id_596,symptom_id_3541,relieves_symptom,symptom
herb_id_596,symptom_id_4082,relieves_symptom,symptom
herb_id_596,symptom_id_4733,relieves_symptom,symptom
herb_id_596,symptom_id_1438,relieves_symptom,symptom
herb_id_597,symptom_id_1360,relieves_symptom,symptom
herb_id_597,symptom_id_1593,relieves_symptom,symptom
herb_id_597,symptom_id_2817,relieves_symptom,symptom
herb_id_597,symptom_id_3133,relieves_symptom,symptom
herb_id_597,symptom_id_3200,relieves_symptom,symptom
herb_id_597,symptom_id_3784,relieves_symptom,symptom
herb_id_597,symptom_id_4014,relieves_symptom,symptom
herb_id_597,symptom_id_4279,relieves_symptom,symptom
herb_id_597,symptom_id_4314,relieves_symptom,symptom
herb_id_598,symptom_id_701,relieves_symptom,symptom
herb_id_598,symptom_id_1989,relieves_symptom,symptom
herb_id_598,symptom_id_2175,relieves_symptom,symptom
herb_id_598,symptom_id_2252,relieves_symptom,symptom
herb_id_598,symptom_id_2262,relieves_symptom,symptom
herb_id_598,symptom_id_2505,relieves_symptom,symptom
herb_id_598,symptom_id_3299,relieves_symptom,symptom
herb_id_598,symptom_id_3486,relieves_symptom,symptom
herb_id_598,symptom_id_3595,relieves_symptom,symptom
herb_id_598,symptom_id_4082,relieves_symptom,symptom
herb_id_598,symptom_id_4698,relieves_symptom,symptom
herb_id_598,symptom_id_4733,relieves_symptom,symptom
herb_id_599,symptom_id_250,relieves_symptom,symptom
herb_id_599,symptom_id_1053,relieves_symptom,symptom
herb_id_599,symptom_id_1051,relieves_symptom,symptom
herb_id_599,symptom_id_2181,relieves_symptom,symptom
herb_id_599,symptom_id_4016,relieves_symptom,symptom
herb_id_600,symptom_id_2327,relieves_symptom,symptom
herb_id_600,symptom_id_797,relieves_symptom,symptom
herb_id_600,symptom_id_4733,relieves_symptom,symptom
herb_id_600,symptom_id_2538,relieves_symptom,symptom
herb_id_600,symptom_id_2134,relieves_symptom,symptom
herb_id_600,symptom_id_2414,relieves_symptom,symptom
herb_id_600,symptom_id_123,relieves_symptom,symptom
herb_id_601,symptom_id_4068,relieves_symptom,symptom
herb_id_601,symptom_id_2472,relieves_symptom,symptom
herb_id_601,symptom_id_4733,relieves_symptom,symptom
herb_id_601,symptom_id_4731,relieves_symptom,symptom
herb_id_601,symptom_id_663,relieves_symptom,symptom
herb_id_601,symptom_id_4100,relieves_symptom,symptom
herb_id_601,symptom_id_1075,relieves_symptom,symptom
herb_id_601,symptom_id_4363,relieves_symptom,symptom
herb_id_601,symptom_id_2496,relieves_symptom,symptom
herb_id_602,symptom_id_3565,relieves_symptom,symptom
herb_id_602,symptom_id_3382,relieves_symptom,symptom
herb_id_602,symptom_id_1149,relieves_symptom,symptom
herb_id_602,symptom_id_2346,relieves_symptom,symptom
herb_id_602,symptom_id_663,relieves_symptom,symptom
herb_id_602,symptom_id_4100,relieves_symptom,symptom
herb_id_602,symptom_id_1435,relieves_symptom,symptom
herb_id_602,symptom_id_4075,relieves_symptom,symptom
herb_id_602,symptom_id_291,relieves_symptom,symptom
herb_id_602,symptom_id_4733,relieves_symptom,symptom
herb_id_603,symptom_id_160,relieves_symptom,symptom
herb_id_603,symptom_id_2009,relieves_symptom,symptom
herb_id_603,symptom_id_2423,relieves_symptom,symptom
herb_id_603,symptom_id_3089,relieves_symptom,symptom
herb_id_603,symptom_id_3202,relieves_symptom,symptom
herb_id_603,symptom_id_3360,relieves_symptom,symptom
herb_id_603,symptom_id_3551,relieves_symptom,symptom
herb_id_603,symptom_id_3675,relieves_symptom,symptom
herb_id_603,symptom_id_3730,relieves_symptom,symptom
herb_id_604,symptom_id_137,relieves_symptom,symptom
herb_id_604,symptom_id_427,relieves_symptom,symptom
herb_id_604,symptom_id_4679,relieves_symptom,symptom
herb_id_604,symptom_id_1872,relieves_symptom,symptom
herb_id_604,symptom_id_3088,relieves_symptom,symptom
herb_id_604,symptom_id_4073,relieves_symptom,symptom
herb_id_604,symptom_id_4351,relieves_symptom,symptom
herb_id_604,symptom_id_4358,relieves_symptom,symptom
herb_id_605,symptom_id_930,relieves_symptom,symptom
herb_id_605,symptom_id_1110,relieves_symptom,symptom
herb_id_605,symptom_id_1312,relieves_symptom,symptom
herb_id_605,symptom_id_1442,relieves_symptom,symptom
herb_id_605,symptom_id_2009,relieves_symptom,symptom
herb_id_605,symptom_id_2255,relieves_symptom,symptom
herb_id_605,symptom_id_2526,relieves_symptom,symptom
herb_id_605,symptom_id_3834,relieves_symptom,symptom
herb_id_605,symptom_id_3859,relieves_symptom,symptom
herb_id_605,symptom_id_3995,relieves_symptom,symptom
herb_id_605,symptom_id_4088,relieves_symptom,symptom
herb_id_605,symptom_id_4278,relieves_symptom,symptom
herb_id_605,symptom_id_4279,relieves_symptom,symptom
herb_id_605,symptom_id_4599,relieves_symptom,symptom
herb_id_605,symptom_id_4661,relieves_symptom,symptom
herb_id_606,symptom_id_2500,relieves_symptom,symptom
herb_id_606,symptom_id_2414,relieves_symptom,symptom
herb_id_606,symptom_id_2635,relieves_symptom,symptom
herb_id_606,symptom_id_873,relieves_symptom,symptom
herb_id_606,symptom_id_1770,relieves_symptom,symptom
herb_id_606,symptom_id_1756,relieves_symptom,symptom
herb_id_606,symptom_id_4040,relieves_symptom,symptom
herb_id_607,symptom_id_1187,relieves_symptom,symptom
herb_id_607,symptom_id_2415,relieves_symptom,symptom
herb_id_607,symptom_id_2805,relieves_symptom,symptom
herb_id_607,symptom_id_2817,relieves_symptom,symptom
herb_id_608,symptom_id_1670,relieves_symptom,symptom
herb_id_608,symptom_id_1768,relieves_symptom,symptom
herb_id_608,symptom_id_1668,relieves_symptom,symptom
herb_id_608,symptom_id_572,relieves_symptom,symptom
herb_id_608,symptom_id_3745,relieves_symptom,symptom
herb_id_608,symptom_id_173,relieves_symptom,symptom
herb_id_608,symptom_id_4309,relieves_symptom,symptom
herb_id_608,symptom_id_2491,relieves_symptom,symptom
herb_id_608,symptom_id_1691,relieves_symptom,symptom
herb_id_608,symptom_id_3989,relieves_symptom,symptom
herb_id_608,symptom_id_3418,relieves_symptom,symptom
herb_id_608,symptom_id_2328,relieves_symptom,symptom
herb_id_608,symptom_id_1158,relieves_symptom,symptom
herb_id_609,symptom_id_139,relieves_symptom,symptom
herb_id_609,symptom_id_1449,relieves_symptom,symptom
herb_id_609,symptom_id_1460,relieves_symptom,symptom
herb_id_609,symptom_id_2288,relieves_symptom,symptom
herb_id_609,symptom_id_4278,relieves_symptom,symptom
herb_id_609,symptom_id_4279,relieves_symptom,symptom
herb_id_610,symptom_id_4535,relieves_symptom,symptom
herb_id_610,symptom_id_2605,relieves_symptom,symptom
herb_id_610,symptom_id_2559,relieves_symptom,symptom
herb_id_610,symptom_id_3576,relieves_symptom,symptom
herb_id_610,symptom_id_885,relieves_symptom,symptom
herb_id_610,symptom_id_2416,relieves_symptom,symptom
herb_id_611,symptom_id_4040,relieves_symptom,symptom
herb_id_611,symptom_id_3310,relieves_symptom,symptom
herb_id_611,symptom_id_3298,relieves_symptom,symptom
herb_id_611,symptom_id_782,relieves_symptom,symptom
herb_id_611,symptom_id_2538,relieves_symptom,symptom
herb_id_611,symptom_id_4555,relieves_symptom,symptom
herb_id_611,symptom_id_4217,relieves_symptom,symptom
herb_id_611,symptom_id_2500,relieves_symptom,symptom
herb_id_612,symptom_id_1312,relieves_symptom,symptom
herb_id_612,symptom_id_2267,relieves_symptom,symptom
herb_id_612,symptom_id_2334,relieves_symptom,symptom
herb_id_612,symptom_id_2502,relieves_symptom,symptom
herb_id_612,symptom_id_2920,relieves_symptom,symptom
herb_id_612,symptom_id_3472,relieves_symptom,symptom
herb_id_612,symptom_id_4040,relieves_symptom,symptom
herb_id_613,symptom_id_3547,relieves_symptom,symptom
herb_id_613,symptom_id_3677,relieves_symptom,symptom
herb_id_613,symptom_id_2425,relieves_symptom,symptom
herb_id_613,symptom_id_4035,relieves_symptom,symptom
herb_id_614,symptom_id_123,relieves_symptom,symptom
herb_id_614,symptom_id_873,relieves_symptom,symptom
herb_id_614,symptom_id_2240,relieves_symptom,symptom
herb_id_614,symptom_id_2333,relieves_symptom,symptom
herb_id_614,symptom_id_2502,relieves_symptom,symptom
herb_id_614,symptom_id_4563,relieves_symptom,symptom
herb_id_615,symptom_id_1999,relieves_symptom,symptom
herb_id_615,symptom_id_688,relieves_symptom,symptom
herb_id_615,symptom_id_2329,relieves_symptom,symptom
herb_id_615,symptom_id_2610,relieves_symptom,symptom
herb_id_616,symptom_id_1279,relieves_symptom,symptom
herb_id_616,symptom_id_4322,relieves_symptom,symptom
herb_id_616,symptom_id_3776,relieves_symptom,symptom
herb_id_616,symptom_id_3420,relieves_symptom,symptom
herb_id_616,symptom_id_164,relieves_symptom,symptom
herb_id_617,symptom_id_1187,relieves_symptom,symptom
herb_id_617,symptom_id_1225,relieves_symptom,symptom
herb_id_617,symptom_id_1744,relieves_symptom,symptom
herb_id_617,symptom_id_1754,relieves_symptom,symptom
herb_id_617,symptom_id_1760,relieves_symptom,symptom
herb_id_617,symptom_id_2817,relieves_symptom,symptom
herb_id_617,symptom_id_3204,relieves_symptom,symptom
herb_id_617,symptom_id_4693,relieves_symptom,symptom
herb_id_618,symptom_id_280,relieves_symptom,symptom
herb_id_618,symptom_id_663,relieves_symptom,symptom
herb_id_618,symptom_id_1035,relieves_symptom,symptom
herb_id_618,symptom_id_1235,relieves_symptom,symptom
herb_id_618,symptom_id_1435,relieves_symptom,symptom
herb_id_618,symptom_id_2081,relieves_symptom,symptom
herb_id_618,symptom_id_2270,relieves_symptom,symptom
herb_id_618,symptom_id_2426,relieves_symptom,symptom
herb_id_618,symptom_id_2464,relieves_symptom,symptom
herb_id_618,symptom_id_2484,relieves_symptom,symptom
herb_id_618,symptom_id_2709,relieves_symptom,symptom
herb_id_618,symptom_id_3056,relieves_symptom,symptom
herb_id_618,symptom_id_3185,relieves_symptom,symptom
herb_id_618,symptom_id_3210,relieves_symptom,symptom
herb_id_618,symptom_id_4100,relieves_symptom,symptom
herb_id_618,symptom_id_4369,relieves_symptom,symptom
herb_id_619,symptom_id_814,relieves_symptom,symptom
herb_id_619,symptom_id_2556,relieves_symptom,symptom
herb_id_619,symptom_id_2668,relieves_symptom,symptom
herb_id_619,symptom_id_2691,relieves_symptom,symptom
herb_id_619,symptom_id_4279,relieves_symptom,symptom
herb_id_619,symptom_id_2229,relieves_symptom,symptom
herb_id_619,symptom_id_1359,relieves_symptom,symptom
herb_id_620,symptom_id_2461,relieves_symptom,symptom
herb_id_620,symptom_id_4351,relieves_symptom,symptom
herb_id_620,symptom_id_4681,relieves_symptom,symptom
herb_id_621,symptom_id_2240,relieves_symptom,symptom
herb_id_621,symptom_id_2333,relieves_symptom,symptom
herb_id_621,symptom_id_2485,relieves_symptom,symptom
herb_id_621,symptom_id_2513,relieves_symptom,symptom
herb_id_621,symptom_id_2635,relieves_symptom,symptom
herb_id_621,symptom_id_3355,relieves_symptom,symptom
herb_id_622,symptom_id_4554,relieves_symptom,symptom
herb_id_622,symptom_id_299,relieves_symptom,symptom
herb_id_622,symptom_id_4207,relieves_symptom,symptom
herb_id_622,symptom_id_4508,relieves_symptom,symptom
herb_id_623,symptom_id_1286,relieves_symptom,symptom
herb_id_623,symptom_id_2134,relieves_symptom,symptom
herb_id_623,symptom_id_2271,relieves_symptom,symptom
herb_id_623,symptom_id_3697,relieves_symptom,symptom
herb_id_623,symptom_id_4554,relieves_symptom,symptom
herb_id_624,symptom_id_1187,relieves_symptom,symptom
herb_id_624,symptom_id_1759,relieves_symptom,symptom
herb_id_624,symptom_id_2924,relieves_symptom,symptom
herb_id_624,symptom_id_4554,relieves_symptom,symptom
herb_id_624,symptom_id_4568,relieves_symptom,symptom
herb_id_625,symptom_id_23,relieves_symptom,symptom
herb_id_625,symptom_id_3777,relieves_symptom,symptom
herb_id_625,symptom_id_4314,relieves_symptom,symptom
herb_id_625,symptom_id_1249,relieves_symptom,symptom
herb_id_625,symptom_id_2649,relieves_symptom,symptom
herb_id_626,symptom_id_665,relieves_symptom,symptom
herb_id_626,symptom_id_737,relieves_symptom,symptom
herb_id_626,symptom_id_1231,relieves_symptom,symptom
herb_id_626,symptom_id_1586,relieves_symptom,symptom
herb_id_626,symptom_id_1601,relieves_symptom,symptom
herb_id_626,symptom_id_2817,relieves_symptom,symptom
herb_id_626,symptom_id_3149,relieves_symptom,symptom
herb_id_626,symptom_id_3306,relieves_symptom,symptom
herb_id_626,symptom_id_4028,relieves_symptom,symptom
herb_id_626,symptom_id_4098,relieves_symptom,symptom
herb_id_627,symptom_id_2650,relieves_symptom,symptom
herb_id_627,symptom_id_4033,relieves_symptom,symptom
herb_id_627,symptom_id_3136,relieves_symptom,symptom
herb_id_627,symptom_id_1636,relieves_symptom,symptom
herb_id_627,symptom_id_2426,relieves_symptom,symptom
herb_id_627,symptom_id_2538,relieves_symptom,symptom
herb_id_628,symptom_id_190,relieves_symptom,symptom
herb_id_628,symptom_id_1249,relieves_symptom,symptom
herb_id_628,symptom_id_1268,relieves_symptom,symptom
herb_id_628,symptom_id_1613,relieves_symptom,symptom
herb_id_628,symptom_id_1648,relieves_symptom,symptom
herb_id_628,symptom_id_3240,relieves_symptom,symptom
herb_id_628,symptom_id_3351,relieves_symptom,symptom
herb_id_628,symptom_id_3534,relieves_symptom,symptom
herb_id_628,symptom_id_3668,relieves_symptom,symptom
herb_id_628,symptom_id_4006,relieves_symptom,symptom
herb_id_628,symptom_id_4324,relieves_symptom,symptom
herb_id_628,symptom_id_4337,relieves_symptom,symptom
herb_id_629,symptom_id_649,relieves_symptom,symptom
herb_id_629,symptom_id_742,relieves_symptom,symptom
herb_id_629,symptom_id_2560,relieves_symptom,symptom
herb_id_629,symptom_id_3676,relieves_symptom,symptom
herb_id_630,symptom_id_663,relieves_symptom,symptom
herb_id_630,symptom_id_688,relieves_symptom,symptom
herb_id_630,symptom_id_3845,relieves_symptom,symptom
herb_id_630,symptom_id_1035,relieves_symptom,symptom
herb_id_630,symptom_id_3203,relieves_symptom,symptom
herb_id_630,symptom_id_3535,relieves_symptom,symptom
herb_id_630,symptom_id_4100,relieves_symptom,symptom
herb_id_630,symptom_id_4205,relieves_symptom,symptom
herb_id_631,symptom_id_1753,relieves_symptom,symptom
herb_id_631,symptom_id_2426,relieves_symptom,symptom
herb_id_631,symptom_id_2502,relieves_symptom,symptom
herb_id_631,symptom_id_4035,relieves_symptom,symptom
herb_id_631,symptom_id_4040,relieves_symptom,symptom
herb_id_632,symptom_id_3109,relieves_symptom,symptom
herb_id_632,symptom_id_4301,relieves_symptom,symptom
herb_id_632,symptom_id_4049,relieves_symptom,symptom
herb_id_632,symptom_id_4035,relieves_symptom,symptom
herb_id_632,symptom_id_2464,relieves_symptom,symptom
herb_id_633,symptom_id_782,relieves_symptom,symptom
herb_id_633,symptom_id_2309,relieves_symptom,symptom
herb_id_633,symptom_id_742,relieves_symptom,symptom
herb_id_633,symptom_id_663,relieves_symptom,symptom
herb_id_633,symptom_id_3989,relieves_symptom,symptom
herb_id_633,symptom_id_2657,relieves_symptom,symptom
herb_id_633,symptom_id_4283,relieves_symptom,symptom
herb_id_634,symptom_id_167,relieves_symptom,symptom
herb_id_634,symptom_id_169,relieves_symptom,symptom
herb_id_634,symptom_id_2423,relieves_symptom,symptom
herb_id_634,symptom_id_3551,relieves_symptom,symptom
herb_id_634,symptom_id_3677,relieves_symptom,symptom
herb_id_634,symptom_id_4621,relieves_symptom,symptom
herb_id_635,symptom_id_4506,relieves_symptom,symptom
herb_id_635,symptom_id_740,relieves_symptom,symptom
herb_id_635,symptom_id_2658,relieves_symptom,symptom
herb_id_635,symptom_id_2321,relieves_symptom,symptom
herb_id_635,symptom_id_1756,relieves_symptom,symptom
herb_id_635,symptom_id_1258,relieves_symptom,symptom
herb_id_636,symptom_id_2784,relieves_symptom,symptom
herb_id_636,symptom_id_3184,relieves_symptom,symptom
herb_id_636,symptom_id_3186,relieves_symptom,symptom
herb_id_636,symptom_id_4123,relieves_symptom,symptom
herb_id_637,symptom_id_1069,relieves_symptom,symptom
herb_id_637,symptom_id_2000,relieves_symptom,symptom
herb_id_637,symptom_id_2244,relieves_symptom,symptom
herb_id_637,symptom_id_2267,relieves_symptom,symptom
herb_id_637,symptom_id_2427,relieves_symptom,symptom
herb_id_637,symptom_id_4351,relieves_symptom,symptom
herb_id_637,symptom_id_4681,relieves_symptom,symptom
herb_id_638,symptom_id_4554,relieves_symptom,symptom
herb_id_638,symptom_id_4712,relieves_symptom,symptom
herb_id_638,symptom_id_2134,relieves_symptom,symptom
herb_id_638,symptom_id_3697,relieves_symptom,symptom
herb_id_639,symptom_id_2241,relieves_symptom,symptom
herb_id_639,symptom_id_1918,relieves_symptom,symptom
herb_id_639,symptom_id_663,relieves_symptom,symptom
herb_id_639,symptom_id_737,relieves_symptom,symptom
herb_id_639,symptom_id_1753,relieves_symptom,symptom
herb_id_639,symptom_id_2452,relieves_symptom,symptom
herb_id_639,symptom_id_123,relieves_symptom,symptom
herb_id_639,symptom_id_4040,relieves_symptom,symptom
herb_id_640,symptom_id_2070,relieves_symptom,symptom
herb_id_640,symptom_id_1360,relieves_symptom,symptom
herb_id_640,symptom_id_4278,relieves_symptom,symptom
herb_id_640,symptom_id_3786,relieves_symptom,symptom
herb_id_640,symptom_id_2175,relieves_symptom,symptom
herb_id_640,symptom_id_1493,relieves_symptom,symptom
herb_id_640,symptom_id_2226,relieves_symptom,symptom
herb_id_641,symptom_id_1152,relieves_symptom,symptom
herb_id_641,symptom_id_1051,relieves_symptom,symptom
herb_id_641,symptom_id_2739,relieves_symptom,symptom
herb_id_641,symptom_id_4099,relieves_symptom,symptom
herb_id_641,symptom_id_4554,relieves_symptom,symptom
herb_id_642,symptom_id_3421,relieves_symptom,symptom
herb_id_642,symptom_id_2594,relieves_symptom,symptom
herb_id_642,symptom_id_742,relieves_symptom,symptom
herb_id_642,symptom_id_2094,relieves_symptom,symptom
herb_id_642,symptom_id_700,relieves_symptom,symptom
herb_id_642,symptom_id_1402,relieves_symptom,symptom
herb_id_643,symptom_id_649,relieves_symptom,symptom
herb_id_643,symptom_id_1286,relieves_symptom,symptom
herb_id_643,symptom_id_1708,relieves_symptom,symptom
herb_id_643,symptom_id_1936,relieves_symptom,symptom
herb_id_643,symptom_id_1993,relieves_symptom,symptom
herb_id_643,symptom_id_2134,relieves_symptom,symptom
herb_id_643,symptom_id_3845,relieves_symptom,symptom
herb_id_644,symptom_id_160,relieves_symptom,symptom
herb_id_644,symptom_id_2009,relieves_symptom,symptom
herb_id_644,symptom_id_2423,relieves_symptom,symptom
herb_id_644,symptom_id_3089,relieves_symptom,symptom
herb_id_644,symptom_id_3202,relieves_symptom,symptom
herb_id_644,symptom_id_3360,relieves_symptom,symptom
herb_id_644,symptom_id_3551,relieves_symptom,symptom
herb_id_644,symptom_id_3675,relieves_symptom,symptom
herb_id_644,symptom_id_3730,relieves_symptom,symptom
herb_id_645,symptom_id_3300,relieves_symptom,symptom
herb_id_645,symptom_id_2545,relieves_symptom,symptom
herb_id_645,symptom_id_737,relieves_symptom,symptom
herb_id_645,symptom_id_1158,relieves_symptom,symptom
herb_id_645,symptom_id_2522,relieves_symptom,symptom
herb_id_646,symptom_id_410,relieves_symptom,symptom
herb_id_646,symptom_id_742,relieves_symptom,symptom
herb_id_646,symptom_id_3288,relieves_symptom,symptom
herb_id_646,symptom_id_4493,relieves_symptom,symptom
herb_id_646,symptom_id_4565,relieves_symptom,symptom
herb_id_646,symptom_id_4776,relieves_symptom,symptom
herb_id_647,symptom_id_777,relieves_symptom,symptom
herb_id_647,symptom_id_2497,relieves_symptom,symptom
herb_id_647,symptom_id_4575,relieves_symptom,symptom
herb_id_647,symptom_id_4217,relieves_symptom,symptom
herb_id_647,symptom_id_4413,relieves_symptom,symptom
herb_id_647,symptom_id_3148,relieves_symptom,symptom
herb_id_648,symptom_id_1038,relieves_symptom,symptom
herb_id_648,symptom_id_2267,relieves_symptom,symptom
herb_id_648,symptom_id_2134,relieves_symptom,symptom
herb_id_648,symptom_id_2538,relieves_symptom,symptom
herb_id_648,symptom_id_2426,relieves_symptom,symptom
herb_id_648,symptom_id_2667,relieves_symptom,symptom
herb_id_648,symptom_id_873,relieves_symptom,symptom
herb_id_648,symptom_id_2229,relieves_symptom,symptom
herb_id_648,symptom_id_3087,relieves_symptom,symptom
herb_id_648,symptom_id_2648,relieves_symptom,symptom
herb_id_648,symptom_id_2505,relieves_symptom,symptom
herb_id_648,symptom_id_2372,relieves_symptom,symptom
herb_id_649,symptom_id_123,relieves_symptom,symptom
herb_id_649,symptom_id_280,relieves_symptom,symptom
herb_id_649,symptom_id_1459,relieves_symptom,symptom
herb_id_649,symptom_id_2270,relieves_symptom,symptom
herb_id_649,symptom_id_2333,relieves_symptom,symptom
herb_id_649,symptom_id_2502,relieves_symptom,symptom
herb_id_649,symptom_id_2524,relieves_symptom,symptom
herb_id_649,symptom_id_4040,relieves_symptom,symptom
herb_id_650,symptom_id_1921,relieves_symptom,symptom
herb_id_650,symptom_id_2376,relieves_symptom,symptom
herb_id_650,symptom_id_2695,relieves_symptom,symptom
herb_id_650,symptom_id_2993,relieves_symptom,symptom
herb_id_650,symptom_id_2998,relieves_symptom,symptom
herb_id_650,symptom_id_3129,relieves_symptom,symptom
herb_id_650,symptom_id_3133,relieves_symptom,symptom
herb_id_650,symptom_id_3342,relieves_symptom,symptom
herb_id_650,symptom_id_3757,relieves_symptom,symptom
herb_id_650,symptom_id_4208,relieves_symptom,symptom
herb_id_651,symptom_id_931,relieves_symptom,symptom
herb_id_651,symptom_id_3403,relieves_symptom,symptom
herb_id_651,symptom_id_3668,relieves_symptom,symptom
herb_id_652,symptom_id_3087,relieves_symptom,symptom
herb_id_652,symptom_id_2648,relieves_symptom,symptom
herb_id_652,symptom_id_207,relieves_symptom,symptom
herb_id_652,symptom_id_3845,relieves_symptom,symptom
herb_id_652,symptom_id_4033,relieves_symptom,symptom
herb_id_652,symptom_id_3845,relieves_symptom,symptom
herb_id_653,symptom_id_2334,relieves_symptom,symptom
herb_id_653,symptom_id_2349,relieves_symptom,symptom
herb_id_653,symptom_id_2505,relieves_symptom,symptom
herb_id_653,symptom_id_2579,relieves_symptom,symptom
herb_id_653,symptom_id_3311,relieves_symptom,symptom
herb_id_654,symptom_id_137,relieves_symptom,symptom
herb_id_654,symptom_id_1169,relieves_symptom,symptom
herb_id_654,symptom_id_1851,relieves_symptom,symptom
herb_id_654,symptom_id_2648,relieves_symptom,symptom
herb_id_654,symptom_id_2788,relieves_symptom,symptom
herb_id_654,symptom_id_3087,relieves_symptom,symptom
herb_id_654,symptom_id_4028,relieves_symptom,symptom
herb_id_654,symptom_id_4351,relieves_symptom,symptom
herb_id_654,symptom_id_4357,relieves_symptom,symptom
herb_id_654,symptom_id_4681,relieves_symptom,symptom
herb_id_655,symptom_id_2175,relieves_symptom,symptom
herb_id_655,symptom_id_2464,relieves_symptom,symptom
herb_id_655,symptom_id_2921,relieves_symptom,symptom
herb_id_655,symptom_id_3472,relieves_symptom,symptom
herb_id_655,symptom_id_4278,relieves_symptom,symptom
herb_id_655,symptom_id_4279,relieves_symptom,symptom
herb_id_655,symptom_id_4620,relieves_symptom,symptom
herb_id_656,symptom_id_2514,relieves_symptom,symptom
herb_id_656,symptom_id_4178,relieves_symptom,symptom
herb_id_656,symptom_id_663,relieves_symptom,symptom
herb_id_656,symptom_id_755,relieves_symptom,symptom
herb_id_656,symptom_id_4075,relieves_symptom,symptom
herb_id_656,symptom_id_1456,relieves_symptom,symptom
herb_id_656,symptom_id_4179,relieves_symptom,symptom
herb_id_657,symptom_id_1600,relieves_symptom,symptom
herb_id_657,symptom_id_2345,relieves_symptom,symptom
herb_id_657,symptom_id_3997,relieves_symptom,symptom
herb_id_657,symptom_id_707,relieves_symptom,symptom
herb_id_657,symptom_id_24,relieves_symptom,symptom
herb_id_657,symptom_id_3491,relieves_symptom,symptom
herb_id_657,symptom_id_2324,relieves_symptom,symptom
herb_id_657,symptom_id_2338,relieves_symptom,symptom
herb_id_657,symptom_id_2270,relieves_symptom,symptom
herb_id_657,symptom_id_2211,relieves_symptom,symptom
herb_id_658,symptom_id_2009,relieves_symptom,symptom
herb_id_658,symptom_id_2526,relieves_symptom,symptom
herb_id_658,symptom_id_3087,relieves_symptom,symptom
herb_id_658,symptom_id_4098,relieves_symptom,symptom
herb_id_658,symptom_id_4554,relieves_symptom,symptom
herb_id_658,symptom_id_4713,relieves_symptom,symptom
herb_id_658,symptom_id_2633,relieves_symptom,symptom
herb_id_659,symptom_id_4735,relieves_symptom,symptom
herb_id_659,symptom_id_3418,relieves_symptom,symptom
herb_id_659,symptom_id_4558,relieves_symptom,symptom
herb_id_659,symptom_id_167,relieves_symptom,symptom
herb_id_659,symptom_id_2635,relieves_symptom,symptom
herb_id_659,symptom_id_4211,relieves_symptom,symptom
herb_id_660,symptom_id_2426,relieves_symptom,symptom
herb_id_660,symptom_id_2538,relieves_symptom,symptom
herb_id_660,symptom_id_4174,relieves_symptom,symptom
herb_id_660,symptom_id_4710,relieves_symptom,symptom
herb_id_661,symptom_id_2134,relieves_symptom,symptom
herb_id_661,symptom_id_3697,relieves_symptom,symptom
herb_id_661,symptom_id_1286,relieves_symptom,symptom
herb_id_661,symptom_id_1759,relieves_symptom,symptom
herb_id_661,symptom_id_123,relieves_symptom,symptom
herb_id_661,symptom_id_3745,relieves_symptom,symptom
herb_id_661,symptom_id_4733,relieves_symptom,symptom
herb_id_661,symptom_id_3185,relieves_symptom,symptom
herb_id_661,symptom_id_2349,relieves_symptom,symptom
herb_id_661,symptom_id_2426,relieves_symptom,symptom
herb_id_661,symptom_id_4776,relieves_symptom,symptom
herb_id_661,symptom_id_1435,relieves_symptom,symptom
herb_id_661,symptom_id_4066,relieves_symptom,symptom
herb_id_661,symptom_id_2668,relieves_symptom,symptom
herb_id_661,symptom_id_782,relieves_symptom,symptom
herb_id_661,symptom_id_2491,relieves_symptom,symptom
herb_id_662,symptom_id_3289,relieves_symptom,symptom
herb_id_662,symptom_id_3998,relieves_symptom,symptom
herb_id_662,symptom_id_4316,relieves_symptom,symptom
herb_id_662,symptom_id_2071,relieves_symptom,symptom
herb_id_662,symptom_id_3769,relieves_symptom,symptom
herb_id_662,symptom_id_164,relieves_symptom,symptom
herb_id_663,symptom_id_1250,relieves_symptom,symptom
herb_id_663,symptom_id_1460,relieves_symptom,symptom
herb_id_663,symptom_id_2406,relieves_symptom,symptom
herb_id_663,symptom_id_2817,relieves_symptom,symptom
herb_id_663,symptom_id_2961,relieves_symptom,symptom
herb_id_663,symptom_id_2998,relieves_symptom,symptom
herb_id_663,symptom_id_3031,relieves_symptom,symptom
herb_id_663,symptom_id_3117,relieves_symptom,symptom
herb_id_663,symptom_id_3129,relieves_symptom,symptom
herb_id_663,symptom_id_3133,relieves_symptom,symptom
herb_id_663,symptom_id_3349,relieves_symptom,symptom
herb_id_663,symptom_id_3765,relieves_symptom,symptom
herb_id_663,symptom_id_4317,relieves_symptom,symptom
herb_id_663,symptom_id_4340,relieves_symptom,symptom
herb_id_664,symptom_id_4317,relieves_symptom,symptom
herb_id_664,symptom_id_3783,relieves_symptom,symptom
herb_id_664,symptom_id_4002,relieves_symptom,symptom
herb_id_664,symptom_id_1459,relieves_symptom,symptom
herb_id_664,symptom_id_281,relieves_symptom,symptom
herb_id_664,symptom_id_4342,relieves_symptom,symptom
herb_id_664,symptom_id_3333,relieves_symptom,symptom
herb_id_664,symptom_id_1241,relieves_symptom,symptom
herb_id_665,symptom_id_1449,relieves_symptom,symptom
herb_id_665,symptom_id_1459,relieves_symptom,symptom
herb_id_665,symptom_id_2442,relieves_symptom,symptom
herb_id_665,symptom_id_2687,relieves_symptom,symptom
herb_id_665,symptom_id_3728,relieves_symptom,symptom
herb_id_665,symptom_id_4278,relieves_symptom,symptom
herb_id_666,symptom_id_101,relieves_symptom,symptom
herb_id_666,symptom_id_119,relieves_symptom,symptom
herb_id_666,symptom_id_782,relieves_symptom,symptom
herb_id_666,symptom_id_1613,relieves_symptom,symptom
herb_id_666,symptom_id_1638,relieves_symptom,symptom
herb_id_666,symptom_id_2124,relieves_symptom,symptom
herb_id_666,symptom_id_2346,relieves_symptom,symptom
herb_id_666,symptom_id_2508,relieves_symptom,symptom
herb_id_666,symptom_id_2614,relieves_symptom,symptom
herb_id_666,symptom_id_2648,relieves_symptom,symptom
herb_id_666,symptom_id_3087,relieves_symptom,symptom
herb_id_666,symptom_id_4205,relieves_symptom,symptom
herb_id_666,symptom_id_2080,relieves_symptom,symptom
herb_id_667,symptom_id_383,relieves_symptom,symptom
herb_id_667,symptom_id_797,relieves_symptom,symptom
herb_id_667,symptom_id_873,relieves_symptom,symptom
herb_id_667,symptom_id_1152,relieves_symptom,symptom
herb_id_667,symptom_id_1596,relieves_symptom,symptom
herb_id_667,symptom_id_2181,relieves_symptom,symptom
herb_id_667,symptom_id_3212,relieves_symptom,symptom
herb_id_667,symptom_id_3307,relieves_symptom,symptom
herb_id_667,symptom_id_4355,relieves_symptom,symptom
herb_id_668,symptom_id_160,relieves_symptom,symptom
herb_id_668,symptom_id_166,relieves_symptom,symptom
herb_id_668,symptom_id_3196,relieves_symptom,symptom
herb_id_668,symptom_id_3203,relieves_symptom,symptom
herb_id_668,symptom_id_3677,relieves_symptom,symptom
herb_id_668,symptom_id_3738,relieves_symptom,symptom
herb_id_668,symptom_id_4620,relieves_symptom,symptom
herb_id_669,symptom_id_274,relieves_symptom,symptom
herb_id_669,symptom_id_554,relieves_symptom,symptom
herb_id_669,symptom_id_663,relieves_symptom,symptom
herb_id_669,symptom_id_737,relieves_symptom,symptom
herb_id_669,symptom_id_783,relieves_symptom,symptom
herb_id_669,symptom_id_2214,relieves_symptom,symptom
herb_id_669,symptom_id_2343,relieves_symptom,symptom
herb_id_669,symptom_id_3307,relieves_symptom,symptom
herb_id_669,symptom_id_3310,relieves_symptom,symptom
herb_id_669,symptom_id_3315,relieves_symptom,symptom
herb_id_669,symptom_id_4000,relieves_symptom,symptom
herb_id_670,symptom_id_884,relieves_symptom,symptom
herb_id_670,symptom_id_3595,relieves_symptom,symptom
herb_id_670,symptom_id_4537,relieves_symptom,symptom
herb_id_670,symptom_id_4541,relieves_symptom,symptom
herb_id_671,symptom_id_2772,relieves_symptom,symptom
herb_id_671,symptom_id_3953,relieves_symptom,symptom
herb_id_672,symptom_id_1438,relieves_symptom,symptom
herb_id_672,symptom_id_1501,relieves_symptom,symptom
herb_id_672,symptom_id_2258,relieves_symptom,symptom
herb_id_672,symptom_id_2268,relieves_symptom,symptom
herb_id_672,symptom_id_2270,relieves_symptom,symptom
herb_id_672,symptom_id_2335,relieves_symptom,symptom
herb_id_672,symptom_id_2444,relieves_symptom,symptom
herb_id_672,symptom_id_2771,relieves_symptom,symptom
herb_id_672,symptom_id_2772,relieves_symptom,symptom
herb_id_672,symptom_id_3700,relieves_symptom,symptom
herb_id_672,symptom_id_4279,relieves_symptom,symptom
herb_id_672,symptom_id_4353,relieves_symptom,symptom
herb_id_672,symptom_id_4679,relieves_symptom,symptom
herb_id_672,symptom_id_4681,relieves_symptom,symptom
herb_id_672,symptom_id_4733,relieves_symptom,symptom
herb_id_673,symptom_id_233,relieves_symptom,symptom
herb_id_673,symptom_id_383,relieves_symptom,symptom
herb_id_673,symptom_id_425,relieves_symptom,symptom
herb_id_673,symptom_id_539,relieves_symptom,symptom
herb_id_673,symptom_id_755,relieves_symptom,symptom
herb_id_673,symptom_id_3030,relieves_symptom,symptom
herb_id_673,symptom_id_3326,relieves_symptom,symptom
herb_id_673,symptom_id_3455,relieves_symptom,symptom
herb_id_673,symptom_id_3731,relieves_symptom,symptom
herb_id_673,symptom_id_3785,relieves_symptom,symptom
herb_id_673,symptom_id_4505,relieves_symptom,symptom
herb_id_674,symptom_id_1990,relieves_symptom,symptom
herb_id_674,symptom_id_2175,relieves_symptom,symptom
herb_id_674,symptom_id_2252,relieves_symptom,symptom
herb_id_674,symptom_id_2262,relieves_symptom,symptom
herb_id_674,symptom_id_2505,relieves_symptom,symptom
herb_id_674,symptom_id_3299,relieves_symptom,symptom
herb_id_674,symptom_id_3486,relieves_symptom,symptom
herb_id_674,symptom_id_701,relieves_symptom,symptom
herb_id_674,symptom_id_4082,relieves_symptom,symptom
herb_id_674,symptom_id_4698,relieves_symptom,symptom
herb_id_674,symptom_id_4733,relieves_symptom,symptom
herb_id_675,symptom_id_134,relieves_symptom,symptom
herb_id_675,symptom_id_135,relieves_symptom,symptom
herb_id_675,symptom_id_282,relieves_symptom,symptom
herb_id_675,symptom_id_383,relieves_symptom,symptom
herb_id_675,symptom_id_439,relieves_symptom,symptom
herb_id_675,symptom_id_2109,relieves_symptom,symptom
herb_id_675,symptom_id_2110,relieves_symptom,symptom
herb_id_675,symptom_id_2499,relieves_symptom,symptom
herb_id_675,symptom_id_2614,relieves_symptom,symptom
herb_id_675,symptom_id_4098,relieves_symptom,symptom
herb_id_675,symptom_id_4112,relieves_symptom,symptom
herb_id_675,symptom_id_4587,relieves_symptom,symptom
herb_id_676,symptom_id_691,relieves_symptom,symptom
herb_id_676,symptom_id_1588,relieves_symptom,symptom
herb_id_676,symptom_id_1595,relieves_symptom,symptom
herb_id_676,symptom_id_1598,relieves_symptom,symptom
herb_id_676,symptom_id_2175,relieves_symptom,symptom
herb_id_676,symptom_id_2214,relieves_symptom,symptom
herb_id_676,symptom_id_2262,relieves_symptom,symptom
herb_id_676,symptom_id_2268,relieves_symptom,symptom
herb_id_676,symptom_id_2270,relieves_symptom,symptom
herb_id_676,symptom_id_2373,relieves_symptom,symptom
herb_id_676,symptom_id_2502,relieves_symptom,symptom
herb_id_676,symptom_id_2796,relieves_symptom,symptom
herb_id_676,symptom_id_3131,relieves_symptom,symptom
herb_id_676,symptom_id_4082,relieves_symptom,symptom
herb_id_676,symptom_id_4700,relieves_symptom,symptom
herb_id_676,symptom_id_4733,relieves_symptom,symptom
herb_id_677,symptom_id_4327,relieves_symptom,symptom
herb_id_677,symptom_id_3342,relieves_symptom,symptom
herb_id_677,symptom_id_3757,relieves_symptom,symptom
herb_id_677,symptom_id_2772,relieves_symptom,symptom
herb_id_677,symptom_id_2997,relieves_symptom,symptom
herb_id_677,symptom_id_211,relieves_symptom,symptom
herb_id_677,symptom_id_2463,relieves_symptom,symptom
herb_id_678,symptom_id_3191,relieves_symptom,symptom
herb_id_678,symptom_id_4029,relieves_symptom,symptom
herb_id_678,symptom_id_4574,relieves_symptom,symptom
herb_id_678,symptom_id_2633,relieves_symptom,symptom
herb_id_678,symptom_id_1113,relieves_symptom,symptom
herb_id_678,symptom_id_2476,relieves_symptom,symptom
herb_id_678,symptom_id_4505,relieves_symptom,symptom
herb_id_678,symptom_id_152,relieves_symptom,symptom
herb_id_679,symptom_id_4097,relieves_symptom,symptom
herb_id_679,symptom_id_1169,relieves_symptom,symptom
herb_id_679,symptom_id_2788,relieves_symptom,symptom
herb_id_679,symptom_id_4018,relieves_symptom,symptom
herb_id_679,symptom_id_2772,relieves_symptom,symptom
herb_id_680,symptom_id_2566,relieves_symptom,symptom
herb_id_680,symptom_id_7,relieves_symptom,symptom
herb_id_680,symptom_id_2103,relieves_symptom,symptom
herb_id_680,symptom_id_943,relieves_symptom,symptom
herb_id_680,symptom_id_2640,relieves_symptom,symptom
herb_id_680,symptom_id_2635,relieves_symptom,symptom
herb_id_680,symptom_id_2413,relieves_symptom,symptom
herb_id_680,symptom_id_1713,relieves_symptom,symptom
herb_id_681,symptom_id_190,relieves_symptom,symptom
herb_id_681,symptom_id_1249,relieves_symptom,symptom
herb_id_681,symptom_id_1268,relieves_symptom,symptom
herb_id_681,symptom_id_1613,relieves_symptom,symptom
herb_id_681,symptom_id_1648,relieves_symptom,symptom
herb_id_681,symptom_id_3240,relieves_symptom,symptom
herb_id_681,symptom_id_3351,relieves_symptom,symptom
herb_id_681,symptom_id_3534,relieves_symptom,symptom
herb_id_681,symptom_id_3668,relieves_symptom,symptom
herb_id_681,symptom_id_4006,relieves_symptom,symptom
herb_id_681,symptom_id_4324,relieves_symptom,symptom
herb_id_681,symptom_id_4337,relieves_symptom,symptom
herb_id_682,symptom_id_742,relieves_symptom,symptom
herb_id_682,symptom_id_2560,relieves_symptom,symptom
herb_id_682,symptom_id_2091,relieves_symptom,symptom
herb_id_682,symptom_id_1759,relieves_symptom,symptom
herb_id_682,symptom_id_4534,relieves_symptom,symptom
herb_id_682,symptom_id_4038,relieves_symptom,symptom
herb_id_682,symptom_id_2997,relieves_symptom,symptom
herb_id_682,symptom_id_2668,relieves_symptom,symptom
herb_id_682,symptom_id_2485,relieves_symptom,symptom
herb_id_683,symptom_id_304,relieves_symptom,symptom
herb_id_683,symptom_id_1152,relieves_symptom,symptom
herb_id_683,symptom_id_1586,relieves_symptom,symptom
herb_id_683,symptom_id_1655,relieves_symptom,symptom
herb_id_683,symptom_id_2113,relieves_symptom,symptom
herb_id_683,symptom_id_4098,relieves_symptom,symptom
herb_id_684,symptom_id_580,relieves_symptom,symptom
herb_id_684,symptom_id_1493,relieves_symptom,symptom
herb_id_684,symptom_id_1521,relieves_symptom,symptom
herb_id_684,symptom_id_1756,relieves_symptom,symptom
herb_id_684,symptom_id_2267,relieves_symptom,symptom
herb_id_684,symptom_id_2272,relieves_symptom,symptom
herb_id_684,symptom_id_3129,relieves_symptom,symptom
herb_id_684,symptom_id_3133,relieves_symptom,symptom
herb_id_684,symptom_id_3183,relieves_symptom,symptom
herb_id_684,symptom_id_3372,relieves_symptom,symptom
herb_id_684,symptom_id_4343,relieves_symptom,symptom
herb_id_685,symptom_id_2415,relieves_symptom,symptom
herb_id_685,symptom_id_123,relieves_symptom,symptom
herb_id_685,symptom_id_4215,relieves_symptom,symptom
herb_id_685,symptom_id_1770,relieves_symptom,symptom
herb_id_685,symptom_id_1679,relieves_symptom,symptom
herb_id_685,symptom_id_2728,relieves_symptom,symptom
herb_id_685,symptom_id_1286,relieves_symptom,symptom
herb_id_685,symptom_id_2687,relieves_symptom,symptom
herb_id_685,symptom_id_415,relieves_symptom,symptom
herb_id_685,symptom_id_2538,relieves_symptom,symptom
herb_id_686,symptom_id_133,relieves_symptom,symptom
herb_id_686,symptom_id_304,relieves_symptom,symptom
herb_id_686,symptom_id_1152,relieves_symptom,symptom
herb_id_686,symptom_id_1169,relieves_symptom,symptom
herb_id_686,symptom_id_1460,relieves_symptom,symptom
herb_id_686,symptom_id_1586,relieves_symptom,symptom
herb_id_686,symptom_id_1655,relieves_symptom,symptom
herb_id_686,symptom_id_1753,relieves_symptom,symptom
herb_id_686,symptom_id_2268,relieves_symptom,symptom
herb_id_686,symptom_id_2280,relieves_symptom,symptom
herb_id_686,symptom_id_2655,relieves_symptom,symptom
herb_id_686,symptom_id_2772,relieves_symptom,symptom
herb_id_686,symptom_id_2788,relieves_symptom,symptom
herb_id_686,symptom_id_4279,relieves_symptom,symptom
herb_id_686,symptom_id_4278,relieves_symptom,symptom
herb_id_687,symptom_id_1753,relieves_symptom,symptom
herb_id_687,symptom_id_2655,relieves_symptom,symptom
herb_id_687,symptom_id_1586,relieves_symptom,symptom
herb_id_687,symptom_id_1655,relieves_symptom,symptom
herb_id_687,symptom_id_1152,relieves_symptom,symptom
herb_id_687,symptom_id_1051,relieves_symptom,symptom
herb_id_687,symptom_id_4245,relieves_symptom,symptom
herb_id_687,symptom_id_1596,relieves_symptom,symptom
herb_id_688,symptom_id_127,relieves_symptom,symptom
herb_id_688,symptom_id_136,relieves_symptom,symptom
herb_id_688,symptom_id_139,relieves_symptom,symptom
herb_id_688,symptom_id_663,relieves_symptom,symptom
herb_id_688,symptom_id_1009,relieves_symptom,symptom
herb_id_688,symptom_id_1458,relieves_symptom,symptom
herb_id_688,symptom_id_1493,relieves_symptom,symptom
herb_id_688,symptom_id_2515,relieves_symptom,symptom
herb_id_688,symptom_id_3352,relieves_symptom,symptom
herb_id_688,symptom_id_3757,relieves_symptom,symptom
herb_id_688,symptom_id_4100,relieves_symptom,symptom
herb_id_688,symptom_id_4279,relieves_symptom,symptom
herb_id_688,symptom_id_4358,relieves_symptom,symptom
herb_id_688,symptom_id_4672,relieves_symptom,symptom
herb_id_688,symptom_id_4681,relieves_symptom,symptom
herb_id_689,symptom_id_428,relieves_symptom,symptom
herb_id_689,symptom_id_663,relieves_symptom,symptom
herb_id_689,symptom_id_1458,relieves_symptom,symptom
herb_id_689,symptom_id_2313,relieves_symptom,symptom
herb_id_689,symptom_id_3705,relieves_symptom,symptom
herb_id_689,symptom_id_3757,relieves_symptom,symptom
herb_id_689,symptom_id_4100,relieves_symptom,symptom
herb_id_689,symptom_id_4356,relieves_symptom,symptom
