:START_ID,:END_ID,relation,:TYPE
syndrome_id_231,symptom_id_2406,has_symptom,symptom
syndrome_id_231,symptom_id_4690,has_symptom,symptom
syndrome_id_231,symptom_id_864,has_symptom,symptom
syndrome_id_231,symptom_id_862,has_symptom,symptom
syndrome_id_231,symptom_id_551,has_symptom,symptom
syndrome_id_231,symptom_id_2308,has_symptom,symptom
syndrome_id_231,symptom_id_2714,has_symptom,symptom
syndrome_id_255,symptom_id_2397,has_symptom,symptom
syndrome_id_255,symptom_id_2405,has_symptom,symptom
syndrome_id_255,symptom_id_2864,has_symptom,symptom
syndrome_id_255,symptom_id_2859,has_symptom,symptom
syndrome_id_255,symptom_id_2861,has_symptom,symptom
syndrome_id_255,symptom_id_2852,has_symptom,symptom
syndrome_id_255,symptom_id_1187,has_symptom,symptom
syndrome_id_255,symptom_id_4751,has_symptom,symptom
syndrome_id_255,symptom_id_2406,has_symptom,symptom
syndrome_id_255,symptom_id_480,has_symptom,symptom
syndrome_id_663,symptom_id_4248,has_symptom,symptom
syndrome_id_663,symptom_id_451,has_symptom,symptom
syndrome_id_663,symptom_id_398,has_symptom,symptom
syndrome_id_643,symptom_id_480,has_symptom,symptom
syndrome_id_643,symptom_id_4414,has_symptom,symptom
syndrome_id_643,symptom_id_334,has_symptom,symptom
syndrome_id_643,symptom_id_1596,has_symptom,symptom
syndrome_id_643,symptom_id_1354,has_symptom,symptom
syndrome_id_75,symptom_id_2142,has_symptom,symptom
syndrome_id_75,symptom_id_742,has_symptom,symptom
syndrome_id_75,symptom_id_2119,has_symptom,symptom
syndrome_id_75,symptom_id_1540,has_symptom,symptom
syndrome_id_75,symptom_id_1596,has_symptom,symptom
syndrome_id_75,symptom_id_2563,has_symptom,symptom
syndrome_id_75,symptom_id_2589,has_symptom,symptom
syndrome_id_568,symptom_id_3859,has_symptom,symptom
syndrome_id_568,symptom_id_3865,has_symptom,symptom
syndrome_id_568,symptom_id_4599,has_symptom,symptom
syndrome_id_568,symptom_id_930,has_symptom,symptom
syndrome_id_568,symptom_id_270,has_symptom,symptom
syndrome_id_568,symptom_id_3023,has_symptom,symptom
syndrome_id_568,symptom_id_976,has_symptom,symptom
syndrome_id_523,symptom_id_1566,has_symptom,symptom
syndrome_id_523,symptom_id_930,has_symptom,symptom
syndrome_id_523,symptom_id_688,has_symptom,symptom
syndrome_id_523,symptom_id_686,has_symptom,symptom
syndrome_id_523,symptom_id_657,has_symptom,symptom
syndrome_id_523,symptom_id_2188,has_symptom,symptom
syndrome_id_523,symptom_id_1169,has_symptom,symptom
syndrome_id_523,symptom_id_4599,has_symptom,symptom
syndrome_id_523,symptom_id_274,has_symptom,symptom
syndrome_id_80,symptom_id_480,has_symptom,symptom
syndrome_id_80,symptom_id_2406,has_symptom,symptom
syndrome_id_80,symptom_id_720,has_symptom,symptom
syndrome_id_80,symptom_id_1506,has_symptom,symptom
syndrome_id_80,symptom_id_742,has_symptom,symptom
syndrome_id_80,symptom_id_551,has_symptom,symptom
syndrome_id_80,symptom_id_3834,has_symptom,symptom
syndrome_id_80,symptom_id_2982,has_symptom,symptom
syndrome_id_80,symptom_id_1286,has_symptom,symptom
syndrome_id_80,symptom_id_3859,has_symptom,symptom
syndrome_id_80,symptom_id_2102,has_symptom,symptom
syndrome_id_81,symptom_id_480,has_symptom,symptom
syndrome_id_81,symptom_id_2406,has_symptom,symptom
syndrome_id_81,symptom_id_720,has_symptom,symptom
syndrome_id_81,symptom_id_4248,has_symptom,symptom
syndrome_id_81,symptom_id_4244,has_symptom,symptom
syndrome_id_81,symptom_id_1187,has_symptom,symptom
syndrome_id_74,symptom_id_479,has_symptom,symptom
syndrome_id_74,symptom_id_398,has_symptom,symptom
syndrome_id_74,symptom_id_1286,has_symptom,symptom
syndrome_id_74,symptom_id_2247,has_symptom,symptom
syndrome_id_74,symptom_id_688,has_symptom,symptom
syndrome_id_656,symptom_id_480,has_symptom,symptom
syndrome_id_656,symptom_id_2406,has_symptom,symptom
syndrome_id_656,symptom_id_4495,has_symptom,symptom
syndrome_id_656,symptom_id_688,has_symptom,symptom
syndrome_id_656,symptom_id_686,has_symptom,symptom
syndrome_id_656,symptom_id_720,has_symptom,symptom
syndrome_id_656,symptom_id_4248,has_symptom,symptom
syndrome_id_656,symptom_id_4499,has_symptom,symptom
syndrome_id_711,symptom_id_1543,has_symptom,symptom
syndrome_id_711,symptom_id_742,has_symptom,symptom
syndrome_id_711,symptom_id_2585,has_symptom,symptom
syndrome_id_711,symptom_id_775,has_symptom,symptom
syndrome_id_711,symptom_id_4763,has_symptom,symptom
syndrome_id_711,symptom_id_535,has_symptom,symptom
syndrome_id_711,symptom_id_896,has_symptom,symptom
syndrome_id_711,symptom_id_4777,has_symptom,symptom
syndrome_id_711,symptom_id_2317,has_symptom,symptom
syndrome_id_670,symptom_id_399,has_symptom,symptom
syndrome_id_670,symptom_id_1659,has_symptom,symptom
syndrome_id_670,symptom_id_1293,has_symptom,symptom
syndrome_id_670,symptom_id_972,has_symptom,symptom
syndrome_id_667,symptom_id_3614,has_symptom,symptom
syndrome_id_667,symptom_id_2422,has_symptom,symptom
syndrome_id_667,symptom_id_1286,has_symptom,symptom
syndrome_id_667,symptom_id_1586,has_symptom,symptom
syndrome_id_667,symptom_id_241,has_symptom,symptom
syndrome_id_667,symptom_id_961,has_symptom,symptom
syndrome_id_667,symptom_id_3845,has_symptom,symptom
syndrome_id_105,symptom_id_1586,has_symptom,symptom
syndrome_id_105,symptom_id_1746,has_symptom,symptom
syndrome_id_105,symptom_id_2655,has_symptom,symptom
syndrome_id_105,symptom_id_445,has_symptom,symptom
syndrome_id_105,symptom_id_3528,has_symptom,symptom
syndrome_id_105,symptom_id_2560,has_symptom,symptom
syndrome_id_105,symptom_id_2218,has_symptom,symptom
syndrome_id_76,symptom_id_1586,has_symptom,symptom
syndrome_id_76,symptom_id_3852,has_symptom,symptom
syndrome_id_76,symptom_id_75,has_symptom,symptom
syndrome_id_76,symptom_id_961,has_symptom,symptom
syndrome_id_76,symptom_id_1599,has_symptom,symptom
syndrome_id_214,symptom_id_1586,has_symptom,symptom
syndrome_id_214,symptom_id_882,has_symptom,symptom
syndrome_id_214,symptom_id_2089,has_symptom,symptom
syndrome_id_214,symptom_id_242,has_symptom,symptom
syndrome_id_214,symptom_id_1625,has_symptom,symptom
syndrome_id_214,symptom_id_4448,has_symptom,symptom
syndrome_id_214,symptom_id_2108,has_symptom,symptom
syndrome_id_214,symptom_id_1399,has_symptom,symptom
syndrome_id_214,symptom_id_1703,has_symptom,symptom
syndrome_id_214,symptom_id_3953,has_symptom,symptom
syndrome_id_214,symptom_id_1322,has_symptom,symptom
syndrome_id_651,symptom_id_551,has_symptom,symptom
syndrome_id_651,symptom_id_1287,has_symptom,symptom
syndrome_id_651,symptom_id_479,has_symptom,symptom
syndrome_id_651,symptom_id_1596,has_symptom,symptom
syndrome_id_651,symptom_id_1152,has_symptom,symptom
syndrome_id_651,symptom_id_742,has_symptom,symptom
syndrome_id_651,symptom_id_688,has_symptom,symptom
syndrome_id_651,symptom_id_3834,has_symptom,symptom
syndrome_id_660,symptom_id_290,has_symptom,symptom
syndrome_id_660,symptom_id_273,has_symptom,symptom
syndrome_id_660,symptom_id_304,has_symptom,symptom
syndrome_id_660,symptom_id_3836,has_symptom,symptom
syndrome_id_653,symptom_id_2886,has_symptom,symptom
syndrome_id_653,symptom_id_2763,has_symptom,symptom
syndrome_id_653,symptom_id_480,has_symptom,symptom
syndrome_id_653,symptom_id_1731,has_symptom,symptom
syndrome_id_653,symptom_id_334,has_symptom,symptom
syndrome_id_653,symptom_id_1343,has_symptom,symptom
syndrome_id_653,symptom_id_4599,has_symptom,symptom
syndrome_id_301,symptom_id_479,has_symptom,symptom
syndrome_id_301,symptom_id_716,has_symptom,symptom
syndrome_id_301,symptom_id_2872,has_symptom,symptom
syndrome_id_301,symptom_id_2763,has_symptom,symptom
syndrome_id_301,symptom_id_1337,has_symptom,symptom
syndrome_id_301,symptom_id_1438,has_symptom,symptom
syndrome_id_301,symptom_id_551,has_symptom,symptom
syndrome_id_301,symptom_id_3904,has_symptom,symptom
syndrome_id_301,symptom_id_2739,has_symptom,symptom
syndrome_id_301,symptom_id_274,has_symptom,symptom
syndrome_id_654,symptom_id_480,has_symptom,symptom
syndrome_id_654,symptom_id_4739,has_symptom,symptom
syndrome_id_654,symptom_id_2763,has_symptom,symptom
syndrome_id_654,symptom_id_1343,has_symptom,symptom
syndrome_id_654,symptom_id_1596,has_symptom,symptom
syndrome_id_654,symptom_id_580,has_symptom,symptom
syndrome_id_654,symptom_id_4599,has_symptom,symptom
syndrome_id_710,symptom_id_775,has_symptom,symptom
syndrome_id_710,symptom_id_677,has_symptom,symptom
syndrome_id_710,symptom_id_806,has_symptom,symptom
syndrome_id_710,symptom_id_1025,has_symptom,symptom
syndrome_id_710,symptom_id_484,has_symptom,symptom
syndrome_id_710,symptom_id_768,has_symptom,symptom
syndrome_id_710,symptom_id_4751,has_symptom,symptom
syndrome_id_710,symptom_id_2193,has_symptom,symptom
syndrome_id_710,symptom_id_1187,has_symptom,symptom
syndrome_id_710,symptom_id_748,has_symptom,symptom
syndrome_id_652,symptom_id_1097,has_symptom,symptom
syndrome_id_652,symptom_id_1902,has_symptom,symptom
syndrome_id_652,symptom_id_437,has_symptom,symptom
syndrome_id_652,symptom_id_3953,has_symptom,symptom
syndrome_id_652,symptom_id_1286,has_symptom,symptom
syndrome_id_652,symptom_id_925,has_symptom,symptom
syndrome_id_657,symptom_id_4691,has_symptom,symptom
syndrome_id_657,symptom_id_2142,has_symptom,symptom
syndrome_id_657,symptom_id_551,has_symptom,symptom
syndrome_id_657,symptom_id_2096,has_symptom,symptom
syndrome_id_657,symptom_id_538,has_symptom,symptom
syndrome_id_657,symptom_id_4423,has_symptom,symptom
syndrome_id_657,symptom_id_2406,has_symptom,symptom
syndrome_id_657,symptom_id_2410,has_symptom,symptom
syndrome_id_657,symptom_id_925,has_symptom,symptom
syndrome_id_657,symptom_id_4137,has_symptom,symptom
syndrome_id_658,symptom_id_2297,has_symptom,symptom
syndrome_id_658,symptom_id_4137,has_symptom,symptom
syndrome_id_658,symptom_id_3845,has_symptom,symptom
syndrome_id_658,symptom_id_2316,has_symptom,symptom
syndrome_id_658,symptom_id_66,has_symptom,symptom
syndrome_id_658,symptom_id_1847,has_symptom,symptom
syndrome_id_658,symptom_id_1117,has_symptom,symptom
syndrome_id_658,symptom_id_3859,has_symptom,symptom
syndrome_id_658,symptom_id_274,has_symptom,symptom
syndrome_id_658,symptom_id_1557,has_symptom,symptom
syndrome_id_658,symptom_id_688,has_symptom,symptom
syndrome_id_658,symptom_id_480,has_symptom,symptom
syndrome_id_658,symptom_id_1085,has_symptom,symptom
syndrome_id_244,symptom_id_4691,has_symptom,symptom
syndrome_id_244,symptom_id_551,has_symptom,symptom
syndrome_id_244,symptom_id_2316,has_symptom,symptom
syndrome_id_244,symptom_id_4137,has_symptom,symptom
syndrome_id_244,symptom_id_4729,has_symptom,symptom
syndrome_id_244,symptom_id_663,has_symptom,symptom
syndrome_id_244,symptom_id_3952,has_symptom,symptom
syndrome_id_244,symptom_id_4065,has_symptom,symptom
syndrome_id_244,symptom_id_480,has_symptom,symptom
syndrome_id_244,symptom_id_1053,has_symptom,symptom
syndrome_id_244,symptom_id_1596,has_symptom,symptom
syndrome_id_244,symptom_id_1152,has_symptom,symptom
syndrome_id_271,symptom_id_2134,has_symptom,symptom
syndrome_id_271,symptom_id_1286,has_symptom,symptom
syndrome_id_271,symptom_id_480,has_symptom,symptom
syndrome_id_271,symptom_id_2406,has_symptom,symptom
syndrome_id_271,symptom_id_4244,has_symptom,symptom
syndrome_id_271,symptom_id_3586,has_symptom,symptom
syndrome_id_271,symptom_id_1710,has_symptom,symptom
syndrome_id_271,symptom_id_688,has_symptom,symptom
syndrome_id_271,symptom_id_3904,has_symptom,symptom
syndrome_id_271,symptom_id_4229,has_symptom,symptom
syndrome_id_271,symptom_id_966,has_symptom,symptom
syndrome_id_271,symptom_id_3799,has_symptom,symptom
syndrome_id_650,symptom_id_1053,has_symptom,symptom
syndrome_id_650,symptom_id_960,has_symptom,symptom
syndrome_id_650,symptom_id_724,has_symptom,symptom
syndrome_id_650,symptom_id_3026,has_symptom,symptom
syndrome_id_650,symptom_id_2406,has_symptom,symptom
syndrome_id_650,symptom_id_551,has_symptom,symptom
syndrome_id_650,symptom_id_905,has_symptom,symptom
syndrome_id_650,symptom_id_4448,has_symptom,symptom
syndrome_id_34,symptom_id_790,has_symptom,symptom
syndrome_id_34,symptom_id_533,has_symptom,symptom
syndrome_id_34,symptom_id_2713,has_symptom,symptom
syndrome_id_34,symptom_id_4750,has_symptom,symptom
syndrome_id_34,symptom_id_1508,has_symptom,symptom
syndrome_id_34,symptom_id_3961,has_symptom,symptom
syndrome_id_34,symptom_id_2828,has_symptom,symptom
syndrome_id_34,symptom_id_1340,has_symptom,symptom
syndrome_id_34,symptom_id_3095,has_symptom,symptom
syndrome_id_34,symptom_id_4585,has_symptom,symptom
syndrome_id_34,symptom_id_688,has_symptom,symptom
syndrome_id_34,symptom_id_2720,has_symptom,symptom
syndrome_id_68,symptom_id_1099,has_symptom,symptom
syndrome_id_68,symptom_id_274,has_symptom,symptom
syndrome_id_68,symptom_id_2215,has_symptom,symptom
syndrome_id_68,symptom_id_788,has_symptom,symptom
syndrome_id_68,symptom_id_576,has_symptom,symptom
syndrome_id_68,symptom_id_1169,has_symptom,symptom
syndrome_id_288,symptom_id_538,has_symptom,symptom
syndrome_id_288,symptom_id_3972,has_symptom,symptom
syndrome_id_288,symptom_id_789,has_symptom,symptom
syndrome_id_288,symptom_id_3133,has_symptom,symptom
syndrome_id_288,symptom_id_3129,has_symptom,symptom
syndrome_id_288,symptom_id_2828,has_symptom,symptom
syndrome_id_288,symptom_id_1507,has_symptom,symptom
syndrome_id_288,symptom_id_1171,has_symptom,symptom
syndrome_id_733,symptom_id_1555,has_symptom,symptom
syndrome_id_733,symptom_id_3505,has_symptom,symptom
syndrome_id_733,symptom_id_745,has_symptom,symptom
syndrome_id_733,symptom_id_3548,has_symptom,symptom
syndrome_id_733,symptom_id_742,has_symptom,symptom
syndrome_id_733,symptom_id_890,has_symptom,symptom
syndrome_id_733,symptom_id_2102,has_symptom,symptom
syndrome_id_733,symptom_id_1187,has_symptom,symptom
syndrome_id_733,symptom_id_1169,has_symptom,symptom
syndrome_id_733,symptom_id_3556,has_symptom,symptom
syndrome_id_733,symptom_id_1538,has_symptom,symptom
syndrome_id_733,symptom_id_1506,has_symptom,symptom
syndrome_id_733,symptom_id_3834,has_symptom,symptom
syndrome_id_717,symptom_id_1169,has_symptom,symptom
syndrome_id_717,symptom_id_4024,has_symptom,symptom
syndrome_id_717,symptom_id_564,has_symptom,symptom
syndrome_id_717,symptom_id_439,has_symptom,symptom
syndrome_id_717,symptom_id_3506,has_symptom,symptom
syndrome_id_717,symptom_id_2597,has_symptom,symptom
syndrome_id_717,symptom_id_1751,has_symptom,symptom
syndrome_id_375,symptom_id_860,has_symptom,symptom
syndrome_id_375,symptom_id_1741,has_symptom,symptom
syndrome_id_375,symptom_id_1695,has_symptom,symptom
syndrome_id_375,symptom_id_746,has_symptom,symptom
syndrome_id_375,symptom_id_1505,has_symptom,symptom
syndrome_id_375,symptom_id_2316,has_symptom,symptom
syndrome_id_391,symptom_id_1586,has_symptom,symptom
syndrome_id_391,symptom_id_1596,has_symptom,symptom
syndrome_id_391,symptom_id_2958,has_symptom,symptom
syndrome_id_391,symptom_id_1152,has_symptom,symptom
syndrome_id_391,symptom_id_1051,has_symptom,symptom
syndrome_id_391,symptom_id_4436,has_symptom,symptom
syndrome_id_391,symptom_id_720,has_symptom,symptom
syndrome_id_391,symptom_id_1353,has_symptom,symptom
syndrome_id_391,symptom_id_2392,has_symptom,symptom
syndrome_id_391,symptom_id_3496,has_symptom,symptom
syndrome_id_265,symptom_id_3439,has_symptom,symptom
syndrome_id_265,symptom_id_3224,has_symptom,symptom
syndrome_id_265,symptom_id_979,has_symptom,symptom
syndrome_id_265,symptom_id_993,has_symptom,symptom
syndrome_id_265,symptom_id_3530,has_symptom,symptom
syndrome_id_265,symptom_id_742,has_symptom,symptom
syndrome_id_265,symptom_id_3476,has_symptom,symptom
syndrome_id_265,symptom_id_2215,has_symptom,symptom
syndrome_id_265,symptom_id_3859,has_symptom,symptom
syndrome_id_265,symptom_id_2102,has_symptom,symptom
syndrome_id_265,symptom_id_2560,has_symptom,symptom
syndrome_id_265,symptom_id_644,has_symptom,symptom
syndrome_id_265,symptom_id_1169,has_symptom,symptom
syndrome_id_265,symptom_id_4467,has_symptom,symptom
syndrome_id_406,symptom_id_3510,has_symptom,symptom
syndrome_id_406,symptom_id_2085,has_symptom,symptom
syndrome_id_406,symptom_id_1710,has_symptom,symptom
syndrome_id_406,symptom_id_961,has_symptom,symptom
syndrome_id_406,symptom_id_4599,has_symptom,symptom
syndrome_id_406,symptom_id_2102,has_symptom,symptom
syndrome_id_406,symptom_id_480,has_symptom,symptom
syndrome_id_406,symptom_id_1731,has_symptom,symptom
syndrome_id_406,symptom_id_3953,has_symptom,symptom
syndrome_id_379,symptom_id_677,has_symptom,symptom
syndrome_id_379,symptom_id_803,has_symptom,symptom
syndrome_id_379,symptom_id_1027,has_symptom,symptom
syndrome_id_379,symptom_id_550,has_symptom,symptom
syndrome_id_379,symptom_id_2589,has_symptom,symptom
syndrome_id_379,symptom_id_783,has_symptom,symptom
syndrome_id_379,symptom_id_453,has_symptom,symptom
syndrome_id_379,symptom_id_925,has_symptom,symptom
syndrome_id_379,symptom_id_3504,has_symptom,symptom
syndrome_id_379,symptom_id_3017,has_symptom,symptom
syndrome_id_378,symptom_id_480,has_symptom,symptom
syndrome_id_378,symptom_id_3019,has_symptom,symptom
syndrome_id_378,symptom_id_81,has_symptom,symptom
syndrome_id_378,symptom_id_3586,has_symptom,symptom
syndrome_id_378,symptom_id_329,has_symptom,symptom
syndrome_id_378,symptom_id_3129,has_symptom,symptom
syndrome_id_378,symptom_id_748,has_symptom,symptom
syndrome_id_378,symptom_id_551,has_symptom,symptom
syndrome_id_387,symptom_id_3263,has_symptom,symptom
syndrome_id_387,symptom_id_3595,has_symptom,symptom
syndrome_id_387,symptom_id_1710,has_symptom,symptom
syndrome_id_387,symptom_id_2672,has_symptom,symptom
syndrome_id_387,symptom_id_2701,has_symptom,symptom
syndrome_id_387,symptom_id_453,has_symptom,symptom
syndrome_id_387,symptom_id_1169,has_symptom,symptom
syndrome_id_387,symptom_id_247,has_symptom,symptom
syndrome_id_387,symptom_id_1077,has_symptom,symptom
syndrome_id_387,symptom_id_2021,has_symptom,symptom
syndrome_id_387,symptom_id_2053,has_symptom,symptom
syndrome_id_387,symptom_id_4305,has_symptom,symptom
syndrome_id_387,symptom_id_270,has_symptom,symptom
syndrome_id_387,symptom_id_2009,has_symptom,symptom
syndrome_id_386,symptom_id_4124,has_symptom,symptom
syndrome_id_386,symptom_id_4122,has_symptom,symptom
syndrome_id_386,symptom_id_4232,has_symptom,symptom
syndrome_id_386,symptom_id_2458,has_symptom,symptom
syndrome_id_386,symptom_id_2211,has_symptom,symptom
syndrome_id_386,symptom_id_3859,has_symptom,symptom
syndrome_id_386,symptom_id_270,has_symptom,symptom
syndrome_id_396,symptom_id_2597,has_symptom,symptom
syndrome_id_396,symptom_id_2585,has_symptom,symptom
syndrome_id_396,symptom_id_480,has_symptom,symptom
syndrome_id_396,symptom_id_2316,has_symptom,symptom
syndrome_id_396,symptom_id_742,has_symptom,symptom
syndrome_id_396,symptom_id_2591,has_symptom,symptom
syndrome_id_396,symptom_id_3581,has_symptom,symptom
syndrome_id_476,symptom_id_1187,has_symptom,symptom
syndrome_id_476,symptom_id_2865,has_symptom,symptom
syndrome_id_476,symptom_id_4037,has_symptom,symptom
syndrome_id_476,symptom_id_4126,has_symptom,symptom
syndrome_id_476,symptom_id_2820,has_symptom,symptom
syndrome_id_476,symptom_id_4746,has_symptom,symptom
syndrome_id_476,symptom_id_2844,has_symptom,symptom
syndrome_id_476,symptom_id_4760,has_symptom,symptom
syndrome_id_476,symptom_id_1710,has_symptom,symptom
syndrome_id_476,symptom_id_688,has_symptom,symptom
syndrome_id_132,symptom_id_3865,has_symptom,symptom
syndrome_id_132,symptom_id_1710,has_symptom,symptom
syndrome_id_132,symptom_id_688,has_symptom,symptom
syndrome_id_132,symptom_id_1865,has_symptom,symptom
syndrome_id_132,symptom_id_3224,has_symptom,symptom
syndrome_id_132,symptom_id_3834,has_symptom,symptom
syndrome_id_132,symptom_id_270,has_symptom,symptom
syndrome_id_270,symptom_id_1586,has_symptom,symptom
syndrome_id_270,symptom_id_4249,has_symptom,symptom
syndrome_id_270,symptom_id_4448,has_symptom,symptom
syndrome_id_270,symptom_id_1592,has_symptom,symptom
syndrome_id_270,symptom_id_145,has_symptom,symptom
syndrome_id_270,symptom_id_2409,has_symptom,symptom
syndrome_id_270,symptom_id_1342,has_symptom,symptom
syndrome_id_430,symptom_id_803,has_symptom,symptom
syndrome_id_430,symptom_id_3538,has_symptom,symptom
syndrome_id_430,symptom_id_3859,has_symptom,symptom
syndrome_id_430,symptom_id_298,has_symptom,symptom
syndrome_id_430,symptom_id_1050,has_symptom,symptom
syndrome_id_246,symptom_id_4124,has_symptom,symptom
syndrome_id_246,symptom_id_1150,has_symptom,symptom
syndrome_id_246,symptom_id_2953,has_symptom,symptom
syndrome_id_246,symptom_id_1025,has_symptom,symptom
syndrome_id_246,symptom_id_250,has_symptom,symptom
syndrome_id_246,symptom_id_3953,has_symptom,symptom
syndrome_id_261,symptom_id_2108,has_symptom,symptom
syndrome_id_261,symptom_id_2962,has_symptom,symptom
syndrome_id_261,symptom_id_1025,has_symptom,symptom
syndrome_id_261,symptom_id_2142,has_symptom,symptom
syndrome_id_261,symptom_id_2102,has_symptom,symptom
syndrome_id_261,symptom_id_3953,has_symptom,symptom
syndrome_id_261,symptom_id_453,has_symptom,symptom
syndrome_id_261,symptom_id_270,has_symptom,symptom
syndrome_id_261,symptom_id_1507,has_symptom,symptom
syndrome_id_261,symptom_id_755,has_symptom,symptom
syndrome_id_261,symptom_id_887,has_symptom,symptom
syndrome_id_261,symptom_id_3440,has_symptom,symptom
syndrome_id_261,symptom_id_3443,has_symptom,symptom
syndrome_id_261,symptom_id_1169,has_symptom,symptom
syndrome_id_261,symptom_id_1586,has_symptom,symptom
syndrome_id_261,symptom_id_993,has_symptom,symptom
syndrome_id_261,symptom_id_3803,has_symptom,symptom
syndrome_id_261,symptom_id_3133,has_symptom,symptom
syndrome_id_247,symptom_id_2102,has_symptom,symptom
syndrome_id_247,symptom_id_2962,has_symptom,symptom
syndrome_id_247,symptom_id_2108,has_symptom,symptom
syndrome_id_247,symptom_id_1399,has_symptom,symptom
syndrome_id_247,symptom_id_4390,has_symptom,symptom
syndrome_id_247,symptom_id_1025,has_symptom,symptom
syndrome_id_247,symptom_id_4599,has_symptom,symptom
syndrome_id_247,symptom_id_3953,has_symptom,symptom
syndrome_id_432,symptom_id_4448,has_symptom,symptom
syndrome_id_432,symptom_id_939,has_symptom,symptom
syndrome_id_432,symptom_id_3026,has_symptom,symptom
syndrome_id_432,symptom_id_723,has_symptom,symptom
syndrome_id_432,symptom_id_4599,has_symptom,symptom
syndrome_id_432,symptom_id_1170,has_symptom,symptom
syndrome_id_432,symptom_id_1586,has_symptom,symptom
syndrome_id_432,symptom_id_1152,has_symptom,symptom
syndrome_id_432,symptom_id_1051,has_symptom,symptom
syndrome_id_432,symptom_id_1025,has_symptom,symptom
syndrome_id_432,symptom_id_3711,has_symptom,symptom
syndrome_id_432,symptom_id_959,has_symptom,symptom
syndrome_id_432,symptom_id_998,has_symptom,symptom
syndrome_id_432,symptom_id_2053,has_symptom,symptom
syndrome_id_280,symptom_id_4115,has_symptom,symptom
syndrome_id_280,symptom_id_1169,has_symptom,symptom
syndrome_id_280,symptom_id_4119,has_symptom,symptom
syndrome_id_280,symptom_id_3009,has_symptom,symptom
syndrome_id_280,symptom_id_723,has_symptom,symptom
syndrome_id_280,symptom_id_1586,has_symptom,symptom
syndrome_id_256,symptom_id_742,has_symptom,symptom
syndrome_id_256,symptom_id_2097,has_symptom,symptom
syndrome_id_256,symptom_id_686,has_symptom,symptom
syndrome_id_256,symptom_id_1710,has_symptom,symptom
syndrome_id_256,symptom_id_688,has_symptom,symptom
syndrome_id_256,symptom_id_796,has_symptom,symptom
syndrome_id_256,symptom_id_1507,has_symptom,symptom
syndrome_id_256,symptom_id_723,has_symptom,symptom
syndrome_id_256,symptom_id_2565,has_symptom,symptom
syndrome_id_256,symptom_id_880,has_symptom,symptom
syndrome_id_256,symptom_id_3898,has_symptom,symptom
syndrome_id_256,symptom_id_3895,has_symptom,symptom
syndrome_id_256,symptom_id_930,has_symptom,symptom
syndrome_id_262,symptom_id_274,has_symptom,symptom
syndrome_id_262,symptom_id_1286,has_symptom,symptom
syndrome_id_262,symptom_id_2317,has_symptom,symptom
syndrome_id_262,symptom_id_3975,has_symptom,symptom
syndrome_id_262,symptom_id_4132,has_symptom,symptom
syndrome_id_262,symptom_id_4137,has_symptom,symptom
syndrome_id_262,symptom_id_2317,has_symptom,symptom
syndrome_id_262,symptom_id_723,has_symptom,symptom
syndrome_id_262,symptom_id_1866,has_symptom,symptom
syndrome_id_262,symptom_id_776,has_symptom,symptom
syndrome_id_262,symptom_id_439,has_symptom,symptom
syndrome_id_262,symptom_id_3860,has_symptom,symptom
syndrome_id_262,symptom_id_1368,has_symptom,symptom
syndrome_id_262,symptom_id_930,has_symptom,symptom
syndrome_id_281,symptom_id_4119,has_symptom,symptom
syndrome_id_281,symptom_id_1150,has_symptom,symptom
syndrome_id_281,symptom_id_340,has_symptom,symptom
syndrome_id_281,symptom_id_723,has_symptom,symptom
syndrome_id_281,symptom_id_68,has_symptom,symptom
syndrome_id_281,symptom_id_4653,has_symptom,symptom
syndrome_id_115,symptom_id_3879,has_symptom,symptom
syndrome_id_115,symptom_id_3852,has_symptom,symptom
syndrome_id_115,symptom_id_2009,has_symptom,symptom
syndrome_id_115,symptom_id_1725,has_symptom,symptom
syndrome_id_115,symptom_id_2037,has_symptom,symptom
syndrome_id_115,symptom_id_2045,has_symptom,symptom
syndrome_id_115,symptom_id_2053,has_symptom,symptom
syndrome_id_115,symptom_id_961,has_symptom,symptom
syndrome_id_115,symptom_id_2018,has_symptom,symptom
syndrome_id_115,symptom_id_4305,has_symptom,symptom
syndrome_id_115,symptom_id_4424,has_symptom,symptom
syndrome_id_115,symptom_id_270,has_symptom,symptom
syndrome_id_115,symptom_id_1721,has_symptom,symptom
syndrome_id_115,symptom_id_3914,has_symptom,symptom
syndrome_id_115,symptom_id_3921,has_symptom,symptom
syndrome_id_115,symptom_id_63,has_symptom,symptom
syndrome_id_433,symptom_id_2854,has_symptom,symptom
syndrome_id_433,symptom_id_3153,has_symptom,symptom
syndrome_id_433,symptom_id_4479,has_symptom,symptom
syndrome_id_433,symptom_id_2458,has_symptom,symptom
syndrome_id_433,symptom_id_4450,has_symptom,symptom
syndrome_id_433,symptom_id_3022,has_symptom,symptom
syndrome_id_433,symptom_id_145,has_symptom,symptom
syndrome_id_433,symptom_id_2089,has_symptom,symptom
syndrome_id_433,symptom_id_68,has_symptom,symptom
syndrome_id_433,symptom_id_4634,has_symptom,symptom
syndrome_id_263,symptom_id_1140,has_symptom,symptom
syndrome_id_263,symptom_id_2143,has_symptom,symptom
syndrome_id_263,symptom_id_2956,has_symptom,symptom
syndrome_id_263,symptom_id_2089,has_symptom,symptom
syndrome_id_263,symptom_id_961,has_symptom,symptom
syndrome_id_263,symptom_id_1138,has_symptom,symptom
syndrome_id_263,symptom_id_2909,has_symptom,symptom
syndrome_id_263,symptom_id_4448,has_symptom,symptom
syndrome_id_263,symptom_id_467,has_symptom,symptom
syndrome_id_263,symptom_id_1866,has_symptom,symptom
syndrome_id_263,symptom_id_1855,has_symptom,symptom
syndrome_id_263,symptom_id_2052,has_symptom,symptom
syndrome_id_263,symptom_id_201,has_symptom,symptom
syndrome_id_242,symptom_id_686,has_symptom,symptom
syndrome_id_242,symptom_id_637,has_symptom,symptom
syndrome_id_242,symptom_id_3921,has_symptom,symptom
syndrome_id_242,symptom_id_3268,has_symptom,symptom
syndrome_id_242,symptom_id_3845,has_symptom,symptom
syndrome_id_263,symptom_id_2102,has_symptom,symptom
syndrome_id_263,symptom_id_145,has_symptom,symptom
syndrome_id_263,symptom_id_3865,has_symptom,symptom
syndrome_id_263,symptom_id_1240,has_symptom,symptom
syndrome_id_263,symptom_id_3807,has_symptom,symptom
syndrome_id_263,symptom_id_4278,has_symptom,symptom
syndrome_id_263,symptom_id_2009,has_symptom,symptom
syndrome_id_263,symptom_id_151,has_symptom,symptom
syndrome_id_263,symptom_id_2966,has_symptom,symptom
syndrome_id_263,symptom_id_1169,has_symptom,symptom
syndrome_id_614,symptom_id_2853,has_symptom,symptom
syndrome_id_614,symptom_id_939,has_symptom,symptom
syndrome_id_614,symptom_id_1889,has_symptom,symptom
syndrome_id_614,symptom_id_1169,has_symptom,symptom
syndrome_id_614,symptom_id_4119,has_symptom,symptom
syndrome_id_614,symptom_id_1586,has_symptom,symptom
syndrome_id_614,symptom_id_304,has_symptom,symptom
syndrome_id_614,symptom_id_1152,has_symptom,symptom
syndrome_id_614,symptom_id_1051,has_symptom,symptom
syndrome_id_614,symptom_id_3232,has_symptom,symptom
syndrome_id_614,symptom_id_3711,has_symptom,symptom
syndrome_id_614,symptom_id_1187,has_symptom,symptom
syndrome_id_614,symptom_id_2018,has_symptom,symptom
syndrome_id_614,symptom_id_2053,has_symptom,symptom
syndrome_id_614,symptom_id_4362,has_symptom,symptom
syndrome_id_614,symptom_id_151,has_symptom,symptom
syndrome_id_614,symptom_id_274,has_symptom,symptom
syndrome_id_609,symptom_id_961,has_symptom,symptom
syndrome_id_609,symptom_id_3871,has_symptom,symptom
syndrome_id_609,symptom_id_374,has_symptom,symptom
syndrome_id_609,symptom_id_2406,has_symptom,symptom
syndrome_id_609,symptom_id_2009,has_symptom,symptom
syndrome_id_609,symptom_id_2526,has_symptom,symptom
syndrome_id_609,symptom_id_2053,has_symptom,symptom
syndrome_id_609,symptom_id_2040,has_symptom,symptom
syndrome_id_609,symptom_id_688,has_symptom,symptom
syndrome_id_609,symptom_id_1187,has_symptom,symptom
syndrome_id_612,symptom_id_1007,has_symptom,symptom
syndrome_id_612,symptom_id_3157,has_symptom,symptom
syndrome_id_612,symptom_id_3152,has_symptom,symptom
syndrome_id_612,symptom_id_3740,has_symptom,symptom
syndrome_id_612,symptom_id_939,has_symptom,symptom
syndrome_id_612,symptom_id_3146,has_symptom,symptom
syndrome_id_598,symptom_id_1154,has_symptom,symptom
syndrome_id_598,symptom_id_4448,has_symptom,symptom
syndrome_id_598,symptom_id_4163,has_symptom,symptom
syndrome_id_598,symptom_id_1053,has_symptom,symptom
syndrome_id_598,symptom_id_1138,has_symptom,symptom
syndrome_id_598,symptom_id_939,has_symptom,symptom
syndrome_id_598,symptom_id_2908,has_symptom,symptom
syndrome_id_600,symptom_id_480,has_symptom,symptom
syndrome_id_600,symptom_id_4776,has_symptom,symptom
syndrome_id_600,symptom_id_705,has_symptom,symptom
syndrome_id_600,symptom_id_4065,has_symptom,symptom
syndrome_id_600,symptom_id_4067,has_symptom,symptom
syndrome_id_600,symptom_id_83,has_symptom,symptom
syndrome_id_600,symptom_id_2319,has_symptom,symptom
syndrome_id_600,symptom_id_2797,has_symptom,symptom
syndrome_id_600,symptom_id_2052,has_symptom,symptom
syndrome_id_600,symptom_id_4138,has_symptom,symptom
syndrome_id_608,symptom_id_1452,has_symptom,symptom
syndrome_id_608,symptom_id_3357,has_symptom,symptom
syndrome_id_608,symptom_id_4483,has_symptom,symptom
syndrome_id_608,symptom_id_515,has_symptom,symptom
syndrome_id_608,symptom_id_2617,has_symptom,symptom
syndrome_id_608,symptom_id_401,has_symptom,symptom
syndrome_id_608,symptom_id_2753,has_symptom,symptom
syndrome_id_608,symptom_id_3845,has_symptom,symptom
syndrome_id_608,symptom_id_3080,has_symptom,symptom
syndrome_id_608,symptom_id_4305,has_symptom,symptom
syndrome_id_608,symptom_id_4162,has_symptom,symptom
syndrome_id_118,symptom_id_3859,has_symptom,symptom
syndrome_id_118,symptom_id_3845,has_symptom,symptom
syndrome_id_118,symptom_id_2905,has_symptom,symptom
syndrome_id_118,symptom_id_2406,has_symptom,symptom
syndrome_id_118,symptom_id_242,has_symptom,symptom
syndrome_id_118,symptom_id_548,has_symptom,symptom
syndrome_id_118,symptom_id_71,has_symptom,symptom
syndrome_id_118,symptom_id_1324,has_symptom,symptom
syndrome_id_335,symptom_id_480,has_symptom,symptom
syndrome_id_335,symptom_id_2711,has_symptom,symptom
syndrome_id_335,symptom_id_705,has_symptom,symptom
syndrome_id_335,symptom_id_4748,has_symptom,symptom
syndrome_id_335,symptom_id_280,has_symptom,symptom
syndrome_id_335,symptom_id_1435,has_symptom,symptom
syndrome_id_335,symptom_id_534,has_symptom,symptom
syndrome_id_335,symptom_id_2317,has_symptom,symptom
syndrome_id_335,symptom_id_2974,has_symptom,symptom
syndrome_id_335,symptom_id_1199,has_symptom,symptom
syndrome_id_369,symptom_id_480,has_symptom,symptom
syndrome_id_369,symptom_id_398,has_symptom,symptom
syndrome_id_369,symptom_id_1596,has_symptom,symptom
syndrome_id_369,symptom_id_888,has_symptom,symptom
syndrome_id_369,symptom_id_553,has_symptom,symptom
syndrome_id_369,symptom_id_2119,has_symptom,symptom
syndrome_id_369,symptom_id_1710,has_symptom,symptom
syndrome_id_369,symptom_id_3972,has_symptom,symptom
syndrome_id_369,symptom_id_783,has_symptom,symptom
syndrome_id_369,symptom_id_742,has_symptom,symptom
syndrome_id_369,symptom_id_1596,has_symptom,symptom
syndrome_id_27,symptom_id_1720,has_symptom,symptom
syndrome_id_27,symptom_id_3015,has_symptom,symptom
syndrome_id_27,symptom_id_4135,has_symptom,symptom
syndrome_id_27,symptom_id_2316,has_symptom,symptom
syndrome_id_27,symptom_id_3595,has_symptom,symptom
syndrome_id_27,symptom_id_3029,has_symptom,symptom
syndrome_id_27,symptom_id_2391,has_symptom,symptom
syndrome_id_27,symptom_id_4476,has_symptom,symptom
syndrome_id_27,symptom_id_3595,has_symptom,symptom
syndrome_id_27,symptom_id_79,has_symptom,symptom
syndrome_id_28,symptom_id_1720,has_symptom,symptom
syndrome_id_28,symptom_id_3595,has_symptom,symptom
syndrome_id_28,symptom_id_742,has_symptom,symptom
syndrome_id_28,symptom_id_2091,has_symptom,symptom
syndrome_id_28,symptom_id_4776,has_symptom,symptom
syndrome_id_28,symptom_id_590,has_symptom,symptom
syndrome_id_28,symptom_id_4745,has_symptom,symptom
syndrome_id_28,symptom_id_2102,has_symptom,symptom
syndrome_id_410,symptom_id_3845,has_symptom,symptom
syndrome_id_410,symptom_id_1296,has_symptom,symptom
syndrome_id_410,symptom_id_479,has_symptom,symptom
syndrome_id_410,symptom_id_4225,has_symptom,symptom
syndrome_id_690,symptom_id_2409,has_symptom,symptom
syndrome_id_690,symptom_id_145,has_symptom,symptom
syndrome_id_690,symptom_id_2108,has_symptom,symptom
syndrome_id_690,symptom_id_1399,has_symptom,symptom
syndrome_id_690,symptom_id_3953,has_symptom,symptom
syndrome_id_690,symptom_id_2772,has_symptom,symptom
syndrome_id_690,symptom_id_3059,has_symptom,symptom
syndrome_id_690,symptom_id_2215,has_symptom,symptom
syndrome_id_690,symptom_id_2962,has_symptom,symptom
syndrome_id_690,symptom_id_1586,has_symptom,symptom
syndrome_id_690,symptom_id_1170,has_symptom,symptom
syndrome_id_589,symptom_id_807,has_symptom,symptom
syndrome_id_589,symptom_id_808,has_symptom,symptom
syndrome_id_589,symptom_id_802,has_symptom,symptom
syndrome_id_589,symptom_id_803,has_symptom,symptom
syndrome_id_589,symptom_id_1027,has_symptom,symptom
syndrome_id_589,symptom_id_1507,has_symptom,symptom
syndrome_id_589,symptom_id_527,has_symptom,symptom
syndrome_id_589,symptom_id_965,has_symptom,symptom
syndrome_id_589,symptom_id_1170,has_symptom,symptom
syndrome_id_589,symptom_id_3133,has_symptom,symptom
syndrome_id_589,symptom_id_3757,has_symptom,symptom
syndrome_id_282,symptom_id_4124,has_symptom,symptom
syndrome_id_282,symptom_id_1170,has_symptom,symptom
syndrome_id_282,symptom_id_3133,has_symptom,symptom
syndrome_id_282,symptom_id_3129,has_symptom,symptom
syndrome_id_282,symptom_id_2962,has_symptom,symptom
syndrome_id_282,symptom_id_3752,has_symptom,symptom
syndrome_id_678,symptom_id_3024,has_symptom,symptom
syndrome_id_678,symptom_id_4744,has_symptom,symptom
syndrome_id_678,symptom_id_938,has_symptom,symptom
syndrome_id_678,symptom_id_1586,has_symptom,symptom
syndrome_id_135,symptom_id_742,has_symptom,symptom
syndrome_id_135,symptom_id_2091,has_symptom,symptom
syndrome_id_135,symptom_id_4227,has_symptom,symptom
syndrome_id_135,symptom_id_960,has_symptom,symptom
syndrome_id_135,symptom_id_3590,has_symptom,symptom
syndrome_id_135,symptom_id_505,has_symptom,symptom
syndrome_id_135,symptom_id_71,has_symptom,symptom
syndrome_id_135,symptom_id_3834,has_symptom,symptom
syndrome_id_691,symptom_id_398,has_symptom,symptom
syndrome_id_691,symptom_id_320,has_symptom,symptom
syndrome_id_691,symptom_id_2317,has_symptom,symptom
syndrome_id_691,symptom_id_1959,has_symptom,symptom
syndrome_id_691,symptom_id_4162,has_symptom,symptom
syndrome_id_691,symptom_id_723,has_symptom,symptom
syndrome_id_691,symptom_id_3158,has_symptom,symptom
syndrome_id_691,symptom_id_2742,has_symptom,symptom
syndrome_id_691,symptom_id_936,has_symptom,symptom
syndrome_id_691,symptom_id_2375,has_symptom,symptom
syndrome_id_691,symptom_id_2860,has_symptom,symptom
syndrome_id_691,symptom_id_551,has_symptom,symptom
syndrome_id_691,symptom_id_905,has_symptom,symptom
syndrome_id_71,symptom_id_1096,has_symptom,symptom
syndrome_id_71,symptom_id_3850,has_symptom,symptom
syndrome_id_71,symptom_id_3845,has_symptom,symptom
syndrome_id_71,symptom_id_1710,has_symptom,symptom
syndrome_id_71,symptom_id_688,has_symptom,symptom
syndrome_id_71,symptom_id_320,has_symptom,symptom
syndrome_id_71,symptom_id_4436,has_symptom,symptom
syndrome_id_71,symptom_id_527,has_symptom,symptom
syndrome_id_71,symptom_id_2309,has_symptom,symptom
syndrome_id_71,symptom_id_3170,has_symptom,symptom
syndrome_id_71,symptom_id_1343,has_symptom,symptom
syndrome_id_70,symptom_id_3845,has_symptom,symptom
syndrome_id_70,symptom_id_3834,has_symptom,symptom
syndrome_id_70,symptom_id_4291,has_symptom,symptom
syndrome_id_70,symptom_id_280,has_symptom,symptom
syndrome_id_70,symptom_id_3170,has_symptom,symptom
syndrome_id_70,symptom_id_3524,has_symptom,symptom
syndrome_id_70,symptom_id_453,has_symptom,symptom
syndrome_id_70,symptom_id_1710,has_symptom,symptom
syndrome_id_70,symptom_id_688,has_symptom,symptom
syndrome_id_70,symptom_id_1261,has_symptom,symptom
syndrome_id_70,symptom_id_480,has_symptom,symptom
syndrome_id_70,symptom_id_551,has_symptom,symptom
syndrome_id_70,symptom_id_1451,has_symptom,symptom
syndrome_id_487,symptom_id_742,has_symptom,symptom
syndrome_id_487,symptom_id_2091,has_symptom,symptom
syndrome_id_487,symptom_id_145,has_symptom,symptom
syndrome_id_487,symptom_id_2102,has_symptom,symptom
syndrome_id_487,symptom_id_513,has_symptom,symptom
syndrome_id_487,symptom_id_3953,has_symptom,symptom
syndrome_id_487,symptom_id_2772,has_symptom,symptom
syndrome_id_487,symptom_id_2095,has_symptom,symptom
syndrome_id_487,symptom_id_1025,has_symptom,symptom
syndrome_id_487,symptom_id_4485,has_symptom,symptom
syndrome_id_487,symptom_id_748,has_symptom,symptom
syndrome_id_487,symptom_id_2215,has_symptom,symptom
syndrome_id_487,symptom_id_3059,has_symptom,symptom
syndrome_id_484,symptom_id_4448,has_symptom,symptom
syndrome_id_484,symptom_id_742,has_symptom,symptom
syndrome_id_484,symptom_id_2091,has_symptom,symptom
syndrome_id_484,symptom_id_1928,has_symptom,symptom
syndrome_id_484,symptom_id_1337,has_symptom,symptom
syndrome_id_484,symptom_id_3953,has_symptom,symptom
syndrome_id_484,symptom_id_1657,has_symptom,symptom
syndrome_id_484,symptom_id_3026,has_symptom,symptom
syndrome_id_484,symptom_id_1025,has_symptom,symptom
syndrome_id_484,symptom_id_2102,has_symptom,symptom
syndrome_id_484,symptom_id_1795,has_symptom,symptom
syndrome_id_484,symptom_id_2560,has_symptom,symptom
syndrome_id_504,symptom_id_1507,has_symptom,symptom
syndrome_id_504,symptom_id_1383,has_symptom,symptom
syndrome_id_504,symptom_id_3060,has_symptom,symptom
syndrome_id_504,symptom_id_513,has_symptom,symptom
syndrome_id_504,symptom_id_2297,has_symptom,symptom
syndrome_id_504,symptom_id_2772,has_symptom,symptom
syndrome_id_504,symptom_id_2102,has_symptom,symptom
syndrome_id_504,symptom_id_2591,has_symptom,symptom
syndrome_id_504,symptom_id_1843,has_symptom,symptom
syndrome_id_504,symptom_id_2215,has_symptom,symptom
syndrome_id_504,symptom_id_1027,has_symptom,symptom
syndrome_id_485,symptom_id_2096,has_symptom,symptom
syndrome_id_485,symptom_id_742,has_symptom,symptom
syndrome_id_485,symptom_id_2108,has_symptom,symptom
syndrome_id_485,symptom_id_2102,has_symptom,symptom
syndrome_id_485,symptom_id_1378,has_symptom,symptom
syndrome_id_485,symptom_id_4448,has_symptom,symptom
syndrome_id_485,symptom_id_2719,has_symptom,symptom
syndrome_id_485,symptom_id_2215,has_symptom,symptom
syndrome_id_485,symptom_id_2091,has_symptom,symptom
syndrome_id_485,symptom_id_783,has_symptom,symptom
syndrome_id_358,symptom_id_2165,has_symptom,symptom
syndrome_id_358,symptom_id_1507,has_symptom,symptom
syndrome_id_358,symptom_id_527,has_symptom,symptom
syndrome_id_358,symptom_id_551,has_symptom,symptom
syndrome_id_358,symptom_id_2123,has_symptom,symptom
syndrome_id_358,symptom_id_783,has_symptom,symptom
syndrome_id_358,symptom_id_4765,has_symptom,symptom
syndrome_id_358,symptom_id_3524,has_symptom,symptom
syndrome_id_358,symptom_id_3757,has_symptom,symptom
syndrome_id_358,symptom_id_1596,has_symptom,symptom
syndrome_id_492,symptom_id_4751,has_symptom,symptom
syndrome_id_492,symptom_id_4770,has_symptom,symptom
syndrome_id_492,symptom_id_4774,has_symptom,symptom
syndrome_id_492,symptom_id_4768,has_symptom,symptom
syndrome_id_492,symptom_id_4776,has_symptom,symptom
syndrome_id_492,symptom_id_1170,has_symptom,symptom
syndrome_id_494,symptom_id_742,has_symptom,symptom
syndrome_id_494,symptom_id_2102,has_symptom,symptom
syndrome_id_494,symptom_id_755,has_symptom,symptom
syndrome_id_494,symptom_id_3788,has_symptom,symptom
syndrome_id_494,symptom_id_4669,has_symptom,symptom
syndrome_id_494,symptom_id_2552,has_symptom,symptom
syndrome_id_494,symptom_id_513,has_symptom,symptom
syndrome_id_494,symptom_id_1027,has_symptom,symptom
syndrome_id_494,symptom_id_2215,has_symptom,symptom
syndrome_id_494,symptom_id_4485,has_symptom,symptom
syndrome_id_494,symptom_id_3529,has_symptom,symptom
syndrome_id_494,symptom_id_1842,has_symptom,symptom
syndrome_id_494,symptom_id_2772,has_symptom,symptom
syndrome_id_494,symptom_id_4279,has_symptom,symptom
syndrome_id_494,symptom_id_4305,has_symptom,symptom
syndrome_id_136,symptom_id_742,has_symptom,symptom
syndrome_id_136,symptom_id_887,has_symptom,symptom
syndrome_id_136,symptom_id_2560,has_symptom,symptom
syndrome_id_136,symptom_id_896,has_symptom,symptom
syndrome_id_136,symptom_id_2406,has_symptom,symptom
syndrome_id_136,symptom_id_3579,has_symptom,symptom
syndrome_id_453,symptom_id_2961,has_symptom,symptom
syndrome_id_453,symptom_id_996,has_symptom,symptom
syndrome_id_453,symptom_id_719,has_symptom,symptom
syndrome_id_453,symptom_id_2633,has_symptom,symptom
syndrome_id_453,symptom_id_1169,has_symptom,symptom
syndrome_id_453,symptom_id_3157,has_symptom,symptom
syndrome_id_453,symptom_id_1586,has_symptom,symptom
syndrome_id_461,symptom_id_1169,has_symptom,symptom
syndrome_id_461,symptom_id_2074,has_symptom,symptom
syndrome_id_461,symptom_id_1007,has_symptom,symptom
syndrome_id_461,symptom_id_2990,has_symptom,symptom
syndrome_id_461,symptom_id_3035,has_symptom,symptom
syndrome_id_461,symptom_id_4448,has_symptom,symptom
syndrome_id_461,symptom_id_3143,has_symptom,symptom
syndrome_id_461,symptom_id_2987,has_symptom,symptom
syndrome_id_461,symptom_id_3152,has_symptom,symptom
syndrome_id_461,symptom_id_939,has_symptom,symptom
syndrome_id_461,symptom_id_1889,has_symptom,symptom
syndrome_id_461,symptom_id_2758,has_symptom,symptom
syndrome_id_444,symptom_id_3859,has_symptom,symptom
syndrome_id_444,symptom_id_3845,has_symptom,symptom
syndrome_id_444,symptom_id_2319,has_symptom,symptom
syndrome_id_444,symptom_id_1870,has_symptom,symptom
syndrome_id_444,symptom_id_3595,has_symptom,symptom
syndrome_id_444,symptom_id_1504,has_symptom,symptom
syndrome_id_444,symptom_id_160,has_symptom,symptom
syndrome_id_444,symptom_id_2009,has_symptom,symptom
syndrome_id_451,symptom_id_3859,has_symptom,symptom
syndrome_id_451,symptom_id_3845,has_symptom,symptom
syndrome_id_451,symptom_id_2319,has_symptom,symptom
syndrome_id_451,symptom_id_580,has_symptom,symptom
syndrome_id_451,symptom_id_453,has_symptom,symptom
syndrome_id_451,symptom_id_1710,has_symptom,symptom
syndrome_id_451,symptom_id_688,has_symptom,symptom
syndrome_id_451,symptom_id_3859,has_symptom,symptom
syndrome_id_451,symptom_id_1354,has_symptom,symptom
syndrome_id_451,symptom_id_1271,has_symptom,symptom
syndrome_id_451,symptom_id_2907,has_symptom,symptom
syndrome_id_451,symptom_id_1041,has_symptom,symptom
syndrome_id_451,symptom_id_1076,has_symptom,symptom
syndrome_id_450,symptom_id_3125,has_symptom,symptom
syndrome_id_450,symptom_id_3121,has_symptom,symptom
syndrome_id_450,symptom_id_3133,has_symptom,symptom
syndrome_id_450,symptom_id_3129,has_symptom,symptom
syndrome_id_450,symptom_id_3132,has_symptom,symptom
syndrome_id_450,symptom_id_1169,has_symptom,symptom
syndrome_id_450,symptom_id_3987,has_symptom,symptom
syndrome_id_450,symptom_id_3845,has_symptom,symptom
syndrome_id_450,symptom_id_1450,has_symptom,symptom
syndrome_id_473,symptom_id_1170,has_symptom,symptom
syndrome_id_473,symptom_id_2776,has_symptom,symptom
syndrome_id_473,symptom_id_3140,has_symptom,symptom
syndrome_id_473,symptom_id_2336,has_symptom,symptom
syndrome_id_473,symptom_id_527,has_symptom,symptom
syndrome_id_473,symptom_id_1007,has_symptom,symptom
syndrome_id_473,symptom_id_3157,has_symptom,symptom
syndrome_id_473,symptom_id_1889,has_symptom,symptom
syndrome_id_473,symptom_id_2319,has_symptom,symptom
syndrome_id_473,symptom_id_94,has_symptom,symptom
syndrome_id_473,symptom_id_1362,has_symptom,symptom
syndrome_id_473,symptom_id_2297,has_symptom,symptom
syndrome_id_473,symptom_id_2772,has_symptom,symptom
syndrome_id_465,symptom_id_3383,has_symptom,symptom
syndrome_id_465,symptom_id_3372,has_symptom,symptom
syndrome_id_465,symptom_id_3859,has_symptom,symptom
syndrome_id_465,symptom_id_4599,has_symptom,symptom
syndrome_id_465,symptom_id_2319,has_symptom,symptom
syndrome_id_465,symptom_id_1505,has_symptom,symptom
syndrome_id_465,symptom_id_3845,has_symptom,symptom
syndrome_id_465,symptom_id_3224,has_symptom,symptom
syndrome_id_465,symptom_id_3358,has_symptom,symptom
syndrome_id_465,symptom_id_2009,has_symptom,symptom
syndrome_id_445,symptom_id_1197,has_symptom,symptom
syndrome_id_445,symptom_id_1172,has_symptom,symptom
syndrome_id_445,symptom_id_2794,has_symptom,symptom
syndrome_id_445,symptom_id_2319,has_symptom,symptom
syndrome_id_445,symptom_id_580,has_symptom,symptom
syndrome_id_445,symptom_id_54,has_symptom,symptom
syndrome_id_445,symptom_id_3845,has_symptom,symptom
syndrome_id_445,symptom_id_1152,has_symptom,symptom
syndrome_id_445,symptom_id_1051,has_symptom,symptom
syndrome_id_445,symptom_id_527,has_symptom,symptom
syndrome_id_445,symptom_id_551,has_symptom,symptom
syndrome_id_445,symptom_id_1354,has_symptom,symptom
syndrome_id_445,symptom_id_274,has_symptom,symptom
syndrome_id_533,symptom_id_1187,has_symptom,symptom
syndrome_id_533,symptom_id_2814,has_symptom,symptom
syndrome_id_533,symptom_id_1169,has_symptom,symptom
syndrome_id_533,symptom_id_3129,has_symptom,symptom
syndrome_id_533,symptom_id_783,has_symptom,symptom
syndrome_id_533,symptom_id_3505,has_symptom,symptom
syndrome_id_533,symptom_id_391,has_symptom,symptom
syndrome_id_533,symptom_id_661,has_symptom,symptom
syndrome_id_533,symptom_id_2319,has_symptom,symptom
syndrome_id_533,symptom_id_1152,has_symptom,symptom
syndrome_id_448,symptom_id_742,has_symptom,symptom
syndrome_id_448,symptom_id_2119,has_symptom,symptom
syndrome_id_448,symptom_id_3547,has_symptom,symptom
syndrome_id_448,symptom_id_1965,has_symptom,symptom
syndrome_id_448,symptom_id_2563,has_symptom,symptom
syndrome_id_448,symptom_id_2796,has_symptom,symptom
syndrome_id_448,symptom_id_580,has_symptom,symptom
syndrome_id_448,symptom_id_783,has_symptom,symptom
syndrome_id_448,symptom_id_1027,has_symptom,symptom
syndrome_id_448,symptom_id_1169,has_symptom,symptom
syndrome_id_448,symptom_id_1187,has_symptom,symptom
syndrome_id_448,symptom_id_1354,has_symptom,symptom
syndrome_id_448,symptom_id_274,has_symptom,symptom
syndrome_id_73,symptom_id_3845,has_symptom,symptom
syndrome_id_73,symptom_id_3834,has_symptom,symptom
syndrome_id_73,symptom_id_270,has_symptom,symptom
syndrome_id_73,symptom_id_961,has_symptom,symptom
syndrome_id_73,symptom_id_3224,has_symptom,symptom
syndrome_id_471,symptom_id_1875,has_symptom,symptom
syndrome_id_471,symptom_id_1007,has_symptom,symptom
syndrome_id_471,symptom_id_564,has_symptom,symptom
syndrome_id_471,symptom_id_4132,has_symptom,symptom
syndrome_id_471,symptom_id_439,has_symptom,symptom
syndrome_id_471,symptom_id_1187,has_symptom,symptom
syndrome_id_471,symptom_id_1170,has_symptom,symptom
syndrome_id_471,symptom_id_3752,has_symptom,symptom
syndrome_id_471,symptom_id_4423,has_symptom,symptom
syndrome_id_471,symptom_id_538,has_symptom,symptom
syndrome_id_471,symptom_id_2946,has_symptom,symptom
syndrome_id_531,symptom_id_4124,has_symptom,symptom
syndrome_id_531,symptom_id_3133,has_symptom,symptom
syndrome_id_531,symptom_id_3129,has_symptom,symptom
syndrome_id_531,symptom_id_1170,has_symptom,symptom
syndrome_id_531,symptom_id_3466,has_symptom,symptom
syndrome_id_531,symptom_id_2356,has_symptom,symptom
syndrome_id_531,symptom_id_145,has_symptom,symptom
syndrome_id_531,symptom_id_1505,has_symptom,symptom
syndrome_id_531,symptom_id_3859,has_symptom,symptom
syndrome_id_531,symptom_id_2162,has_symptom,symptom
syndrome_id_535,symptom_id_1169,has_symptom,symptom
syndrome_id_535,symptom_id_580,has_symptom,symptom
syndrome_id_535,symptom_id_1588,has_symptom,symptom
syndrome_id_535,symptom_id_453,has_symptom,symptom
syndrome_id_535,symptom_id_1710,has_symptom,symptom
syndrome_id_535,symptom_id_688,has_symptom,symptom
syndrome_id_535,symptom_id_2317,has_symptom,symptom
syndrome_id_535,symptom_id_3595,has_symptom,symptom
syndrome_id_535,symptom_id_2102,has_symptom,symptom
syndrome_id_535,symptom_id_1505,has_symptom,symptom
syndrome_id_469,symptom_id_1170,has_symptom,symptom
syndrome_id_469,symptom_id_1187,has_symptom,symptom
syndrome_id_469,symptom_id_3639,has_symptom,symptom
syndrome_id_469,symptom_id_1152,has_symptom,symptom
syndrome_id_469,symptom_id_1051,has_symptom,symptom
syndrome_id_469,symptom_id_2319,has_symptom,symptom
syndrome_id_469,symptom_id_1210,has_symptom,symptom
syndrome_id_469,symptom_id_3807,has_symptom,symptom
syndrome_id_469,symptom_id_766,has_symptom,symptom
syndrome_id_455,symptom_id_1170,has_symptom,symptom
syndrome_id_455,symptom_id_3133,has_symptom,symptom
syndrome_id_455,symptom_id_766,has_symptom,symptom
syndrome_id_455,symptom_id_2336,has_symptom,symptom
syndrome_id_455,symptom_id_3807,has_symptom,symptom
syndrome_id_455,symptom_id_95,has_symptom,symptom
syndrome_id_455,symptom_id_3379,has_symptom,symptom
syndrome_id_455,symptom_id_3789,has_symptom,symptom
syndrome_id_455,symptom_id_2772,has_symptom,symptom
syndrome_id_455,symptom_id_4279,has_symptom,symptom
syndrome_id_455,symptom_id_2009,has_symptom,symptom
syndrome_id_39,symptom_id_2052,has_symptom,symptom
syndrome_id_39,symptom_id_151,has_symptom,symptom
syndrome_id_39,symptom_id_4448,has_symptom,symptom
syndrome_id_39,symptom_id_1586,has_symptom,symptom
syndrome_id_39,symptom_id_888,has_symptom,symptom
syndrome_id_39,symptom_id_2962,has_symptom,symptom
syndrome_id_39,symptom_id_3808,has_symptom,symptom
syndrome_id_39,symptom_id_1169,has_symptom,symptom
syndrome_id_39,symptom_id_3133,has_symptom,symptom
syndrome_id_39,symptom_id_4453,has_symptom,symptom
syndrome_id_39,symptom_id_1449,has_symptom,symptom
syndrome_id_558,symptom_id_3859,has_symptom,symptom
syndrome_id_558,symptom_id_580,has_symptom,symptom
syndrome_id_558,symptom_id_573,has_symptom,symptom
syndrome_id_558,symptom_id_1710,has_symptom,symptom
syndrome_id_558,symptom_id_688,has_symptom,symptom
syndrome_id_558,symptom_id_453,has_symptom,symptom
syndrome_id_558,symptom_id_270,has_symptom,symptom
syndrome_id_558,symptom_id_4244,has_symptom,symptom
syndrome_id_558,symptom_id_1343,has_symptom,symptom
syndrome_id_558,symptom_id_4457,has_symptom,symptom
syndrome_id_558,symptom_id_2886,has_symptom,symptom
syndrome_id_558,symptom_id_2763,has_symptom,symptom
syndrome_id_558,symptom_id_2739,has_symptom,symptom
syndrome_id_558,symptom_id_480,has_symptom,symptom
syndrome_id_558,symptom_id_2143,has_symptom,symptom
syndrome_id_554,symptom_id_3772,has_symptom,symptom
syndrome_id_554,symptom_id_48,has_symptom,symptom
syndrome_id_554,symptom_id_270,has_symptom,symptom
syndrome_id_554,symptom_id_242,has_symptom,symptom
syndrome_id_554,symptom_id_4448,has_symptom,symptom
syndrome_id_554,symptom_id_2108,has_symptom,symptom
syndrome_id_554,symptom_id_1399,has_symptom,symptom
syndrome_id_554,symptom_id_2962,has_symptom,symptom
syndrome_id_554,symptom_id_1286,has_symptom,symptom
syndrome_id_554,symptom_id_4420,has_symptom,symptom
syndrome_id_554,symptom_id_3246,has_symptom,symptom
syndrome_id_554,symptom_id_3859,has_symptom,symptom
syndrome_id_547,symptom_id_742,has_symptom,symptom
syndrome_id_547,symptom_id_2102,has_symptom,symptom
syndrome_id_547,symptom_id_2560,has_symptom,symptom
syndrome_id_547,symptom_id_3859,has_symptom,symptom
syndrome_id_547,symptom_id_270,has_symptom,symptom
syndrome_id_547,symptom_id_4389,has_symptom,symptom
syndrome_id_547,symptom_id_2961,has_symptom,symptom
syndrome_id_547,symptom_id_1400,has_symptom,symptom
syndrome_id_547,symptom_id_4653,has_symptom,symptom
syndrome_id_547,symptom_id_2215,has_symptom,symptom
syndrome_id_502,symptom_id_740,has_symptom,symptom
syndrome_id_502,symptom_id_145,has_symptom,symptom
syndrome_id_502,symptom_id_4448,has_symptom,symptom
syndrome_id_502,symptom_id_242,has_symptom,symptom
syndrome_id_502,symptom_id_2102,has_symptom,symptom
syndrome_id_502,symptom_id_2961,has_symptom,symptom
syndrome_id_502,symptom_id_1025,has_symptom,symptom
syndrome_id_502,symptom_id_3953,has_symptom,symptom
syndrome_id_502,symptom_id_2573,has_symptom,symptom
syndrome_id_156,symptom_id_3845,has_symptom,symptom
syndrome_id_156,symptom_id_3859,has_symptom,symptom
syndrome_id_156,symptom_id_3224,has_symptom,symptom
syndrome_id_156,symptom_id_3834,has_symptom,symptom
syndrome_id_156,symptom_id_1169,has_symptom,symptom
syndrome_id_156,symptom_id_688,has_symptom,symptom
syndrome_id_156,symptom_id_4653,has_symptom,symptom
syndrome_id_156,symptom_id_1449,has_symptom,symptom
syndrome_id_543,symptom_id_4450,has_symptom,symptom
syndrome_id_543,symptom_id_2962,has_symptom,symptom
syndrome_id_543,symptom_id_2102,has_symptom,symptom
syndrome_id_543,symptom_id_1399,has_symptom,symptom
syndrome_id_543,symptom_id_4271,has_symptom,symptom
syndrome_id_543,symptom_id_3859,has_symptom,symptom
syndrome_id_543,symptom_id_270,has_symptom,symptom
syndrome_id_543,symptom_id_1007,has_symptom,symptom
syndrome_id_543,symptom_id_955,has_symptom,symptom
syndrome_id_543,symptom_id_1286,has_symptom,symptom
syndrome_id_543,symptom_id_2053,has_symptom,symptom
syndrome_id_543,symptom_id_4305,has_symptom,symptom
syndrome_id_577,symptom_id_3859,has_symptom,symptom
syndrome_id_577,symptom_id_3820,has_symptom,symptom
syndrome_id_577,symptom_id_961,has_symptom,symptom
syndrome_id_577,symptom_id_270,has_symptom,symptom
syndrome_id_577,symptom_id_2096,has_symptom,symptom
syndrome_id_577,symptom_id_4241,has_symptom,symptom
syndrome_id_577,symptom_id_548,has_symptom,symptom
syndrome_id_577,symptom_id_71,has_symptom,symptom
syndrome_id_577,symptom_id_955,has_symptom,symptom
syndrome_id_577,symptom_id_1286,has_symptom,symptom
syndrome_id_577,symptom_id_2680,has_symptom,symptom
syndrome_id_525,symptom_id_3451,has_symptom,symptom
syndrome_id_525,symptom_id_688,has_symptom,symptom
syndrome_id_525,symptom_id_2378,has_symptom,symptom
syndrome_id_525,symptom_id_2383,has_symptom,symptom
syndrome_id_525,symptom_id_551,has_symptom,symptom
syndrome_id_525,symptom_id_898,has_symptom,symptom
syndrome_id_525,symptom_id_3454,has_symptom,symptom
syndrome_id_525,symptom_id_480,has_symptom,symptom
syndrome_id_525,symptom_id_2309,has_symptom,symptom
syndrome_id_524,symptom_id_4599,has_symptom,symptom
syndrome_id_524,symptom_id_3418,has_symptom,symptom
syndrome_id_524,symptom_id_1506,has_symptom,symptom
syndrome_id_524,symptom_id_531,has_symptom,symptom
syndrome_id_524,symptom_id_274,has_symptom,symptom
syndrome_id_524,symptom_id_1607,has_symptom,symptom
syndrome_id_149,symptom_id_241,has_symptom,symptom
syndrome_id_149,symptom_id_2406,has_symptom,symptom
syndrome_id_149,symptom_id_961,has_symptom,symptom
syndrome_id_149,symptom_id_453,has_symptom,symptom
syndrome_id_149,symptom_id_3859,has_symptom,symptom
syndrome_id_149,symptom_id_3845,has_symptom,symptom
syndrome_id_149,symptom_id_3834,has_symptom,symptom
syndrome_id_149,symptom_id_270,has_symptom,symptom
syndrome_id_149,symptom_id_2215,has_symptom,symptom
syndrome_id_149,symptom_id_4448,has_symptom,symptom
syndrome_id_149,symptom_id_548,has_symptom,symptom
syndrome_id_149,symptom_id_71,has_symptom,symptom
syndrome_id_149,symptom_id_905,has_symptom,symptom
syndrome_id_149,symptom_id_542,has_symptom,symptom
syndrome_id_149,symptom_id_2134,has_symptom,symptom
syndrome_id_149,symptom_id_893,has_symptom,symptom
syndrome_id_149,symptom_id_280,has_symptom,symptom
syndrome_id_150,symptom_id_453,has_symptom,symptom
syndrome_id_150,symptom_id_3859,has_symptom,symptom
syndrome_id_150,symptom_id_1087,has_symptom,symptom
syndrome_id_150,symptom_id_925,has_symptom,symptom
syndrome_id_150,symptom_id_145,has_symptom,symptom
syndrome_id_150,symptom_id_2215,has_symptom,symptom
syndrome_id_150,symptom_id_3158,has_symptom,symptom
syndrome_id_150,symptom_id_2188,has_symptom,symptom
syndrome_id_150,symptom_id_3845,has_symptom,symptom
syndrome_id_150,symptom_id_4491,has_symptom,symptom
syndrome_id_150,symptom_id_843,has_symptom,symptom
syndrome_id_150,symptom_id_2772,has_symptom,symptom
syndrome_id_150,symptom_id_230,has_symptom,symptom
syndrome_id_557,symptom_id_688,has_symptom,symptom
syndrome_id_557,symptom_id_3834,has_symptom,symptom
syndrome_id_557,symptom_id_2753,has_symptom,symptom
syndrome_id_557,symptom_id_3026,has_symptom,symptom
syndrome_id_557,symptom_id_1169,has_symptom,symptom
syndrome_id_557,symptom_id_453,has_symptom,symptom
syndrome_id_557,symptom_id_688,has_symptom,symptom
syndrome_id_557,symptom_id_960,has_symptom,symptom
syndrome_id_557,symptom_id_1024,has_symptom,symptom
syndrome_id_524,symptom_id_3448,has_symptom,symptom
syndrome_id_524,symptom_id_4599,has_symptom,symptom
syndrome_id_524,symptom_id_688,has_symptom,symptom
syndrome_id_524,symptom_id_686,has_symptom,symptom
syndrome_id_524,symptom_id_2108,has_symptom,symptom
syndrome_id_524,symptom_id_1399,has_symptom,symptom
syndrome_id_524,symptom_id_1025,has_symptom,symptom
syndrome_id_524,symptom_id_4450,has_symptom,symptom
syndrome_id_542,symptom_id_2102,has_symptom,symptom
syndrome_id_542,symptom_id_145,has_symptom,symptom
syndrome_id_542,symptom_id_3859,has_symptom,symptom
syndrome_id_542,symptom_id_3906,has_symptom,symptom
syndrome_id_542,symptom_id_287,has_symptom,symptom
syndrome_id_542,symptom_id_3715,has_symptom,symptom
syndrome_id_542,symptom_id_3389,has_symptom,symptom
syndrome_id_542,symptom_id_1252,has_symptom,symptom
syndrome_id_542,symptom_id_1169,has_symptom,symptom
syndrome_id_542,symptom_id_3953,has_symptom,symptom
syndrome_id_542,symptom_id_1402,has_symptom,symptom
syndrome_id_542,symptom_id_3009,has_symptom,symptom
syndrome_id_542,symptom_id_2162,has_symptom,symptom
syndrome_id_539,symptom_id_4448,has_symptom,symptom
syndrome_id_539,symptom_id_2162,has_symptom,symptom
syndrome_id_539,symptom_id_280,has_symptom,symptom
syndrome_id_539,symptom_id_2706,has_symptom,symptom
syndrome_id_539,symptom_id_2746,has_symptom,symptom
syndrome_id_539,symptom_id_2052,has_symptom,symptom
syndrome_id_539,symptom_id_1458,has_symptom,symptom
syndrome_id_539,symptom_id_4586,has_symptom,symptom
syndrome_id_539,symptom_id_3859,has_symptom,symptom
syndrome_id_539,symptom_id_145,has_symptom,symptom
syndrome_id_539,symptom_id_2102,has_symptom,symptom
syndrome_id_539,symptom_id_1795,has_symptom,symptom
syndrome_id_539,symptom_id_961,has_symptom,symptom
syndrome_id_539,symptom_id_2215,has_symptom,symptom
syndrome_id_114,symptom_id_3819,has_symptom,symptom
syndrome_id_114,symptom_id_3845,has_symptom,symptom
syndrome_id_114,symptom_id_3751,has_symptom,symptom
syndrome_id_114,symptom_id_242,has_symptom,symptom
syndrome_id_114,symptom_id_2688,has_symptom,symptom
syndrome_id_114,symptom_id_63,has_symptom,symptom
syndrome_id_114,symptom_id_2009,has_symptom,symptom
syndrome_id_114,symptom_id_4362,has_symptom,symptom
syndrome_id_114,symptom_id_2053,has_symptom,symptom
syndrome_id_114,symptom_id_2039,has_symptom,symptom
syndrome_id_114,symptom_id_2186,has_symptom,symptom
syndrome_id_114,symptom_id_1725,has_symptom,symptom
syndrome_id_540,symptom_id_1097,has_symptom,symptom
syndrome_id_540,symptom_id_274,has_symptom,symptom
syndrome_id_540,symptom_id_3859,has_symptom,symptom
syndrome_id_521,symptom_id_3434,has_symptom,symptom
syndrome_id_521,symptom_id_688,has_symptom,symptom
syndrome_id_521,symptom_id_686,has_symptom,symptom
syndrome_id_521,symptom_id_508,has_symptom,symptom
syndrome_id_521,symptom_id_904,has_symptom,symptom
syndrome_id_521,symptom_id_4433,has_symptom,symptom
syndrome_id_521,symptom_id_2406,has_symptom,symptom
syndrome_id_521,symptom_id_961,has_symptom,symptom
syndrome_id_521,symptom_id_3444,has_symptom,symptom
syndrome_id_528,symptom_id_1555,has_symptom,symptom
syndrome_id_528,symptom_id_1506,has_symptom,symptom
syndrome_id_528,symptom_id_2317,has_symptom,symptom
syndrome_id_528,symptom_id_3834,has_symptom,symptom
syndrome_id_528,symptom_id_270,has_symptom,symptom
syndrome_id_528,symptom_id_688,has_symptom,symptom
syndrome_id_528,symptom_id_3224,has_symptom,symptom
syndrome_id_528,symptom_id_453,has_symptom,symptom
syndrome_id_528,symptom_id_4599,has_symptom,symptom
syndrome_id_528,symptom_id_1056,has_symptom,symptom
syndrome_id_528,symptom_id_2102,has_symptom,symptom
syndrome_id_563,symptom_id_3447,has_symptom,symptom
syndrome_id_563,symptom_id_242,has_symptom,symptom
syndrome_id_563,symptom_id_270,has_symptom,symptom
syndrome_id_563,symptom_id_453,has_symptom,symptom
syndrome_id_563,symptom_id_2108,has_symptom,symptom
syndrome_id_563,symptom_id_1399,has_symptom,symptom
syndrome_id_563,symptom_id_4448,has_symptom,symptom
syndrome_id_563,symptom_id_653,has_symptom,symptom
syndrome_id_578,symptom_id_4630,has_symptom,symptom
syndrome_id_578,symptom_id_3859,has_symptom,symptom
syndrome_id_578,symptom_id_527,has_symptom,symptom
syndrome_id_578,symptom_id_1382,has_symptom,symptom
syndrome_id_578,symptom_id_274,has_symptom,symptom
syndrome_id_578,symptom_id_145,has_symptom,symptom
syndrome_id_578,symptom_id_2102,has_symptom,symptom
syndrome_id_578,symptom_id_1795,has_symptom,symptom
syndrome_id_578,symptom_id_825,has_symptom,symptom
syndrome_id_578,symptom_id_553,has_symptom,symptom
syndrome_id_578,symptom_id_230,has_symptom,symptom
syndrome_id_579,symptom_id_1449,has_symptom,symptom
syndrome_id_579,symptom_id_1412,has_symptom,symptom
syndrome_id_579,symptom_id_1414,has_symptom,symptom
syndrome_id_579,symptom_id_1423,has_symptom,symptom
syndrome_id_579,symptom_id_1433,has_symptom,symptom
syndrome_id_579,symptom_id_4065,has_symptom,symptom
syndrome_id_579,symptom_id_480,has_symptom,symptom
syndrome_id_579,symptom_id_3757,has_symptom,symptom
syndrome_id_519,symptom_id_1169,has_symptom,symptom
syndrome_id_519,symptom_id_3133,has_symptom,symptom
syndrome_id_519,symptom_id_3595,has_symptom,symptom
syndrome_id_519,symptom_id_2772,has_symptom,symptom
syndrome_id_519,symptom_id_4279,has_symptom,symptom
syndrome_id_519,symptom_id_961,has_symptom,symptom
syndrome_id_519,symptom_id_3953,has_symptom,symptom
syndrome_id_519,symptom_id_4448,has_symptom,symptom
syndrome_id_519,symptom_id_3721,has_symptom,symptom
syndrome_id_519,symptom_id_1152,has_symptom,symptom
syndrome_id_519,symptom_id_304,has_symptom,symptom
syndrome_id_519,symptom_id_1051,has_symptom,symptom
syndrome_id_519,symptom_id_3011,has_symptom,symptom
syndrome_id_519,symptom_id_2376,has_symptom,symptom
syndrome_id_519,symptom_id_1160,has_symptom,symptom
syndrome_id_519,symptom_id_2091,has_symptom,symptom
syndrome_id_519,symptom_id_3704,has_symptom,symptom
syndrome_id_516,symptom_id_2409,has_symptom,symptom
syndrome_id_516,symptom_id_3776,has_symptom,symptom
syndrome_id_516,symptom_id_187,has_symptom,symptom
syndrome_id_516,symptom_id_1324,has_symptom,symptom
syndrome_id_516,symptom_id_4448,has_symptom,symptom
syndrome_id_516,symptom_id_1169,has_symptom,symptom
syndrome_id_516,symptom_id_3133,has_symptom,symptom
syndrome_id_516,symptom_id_4314,has_symptom,symptom
syndrome_id_516,symptom_id_1950,has_symptom,symptom
syndrome_id_516,symptom_id_1700,has_symptom,symptom
syndrome_id_516,symptom_id_1237,has_symptom,symptom
syndrome_id_516,symptom_id_63,has_symptom,symptom
syndrome_id_516,symptom_id_1286,has_symptom,symptom
syndrome_id_516,symptom_id_2207,has_symptom,symptom
syndrome_id_516,symptom_id_1496,has_symptom,symptom
syndrome_id_510,symptom_id_1169,has_symptom,symptom
syndrome_id_510,symptom_id_2788,has_symptom,symptom
syndrome_id_510,symptom_id_3803,has_symptom,symptom
syndrome_id_510,symptom_id_3752,has_symptom,symptom
syndrome_id_510,symptom_id_490,has_symptom,symptom
syndrome_id_510,symptom_id_1384,has_symptom,symptom
syndrome_id_510,symptom_id_74,has_symptom,symptom
syndrome_id_510,symptom_id_4305,has_symptom,symptom
syndrome_id_510,symptom_id_1152,has_symptom,symptom
syndrome_id_510,symptom_id_4269,has_symptom,symptom
syndrome_id_510,symptom_id_2215,has_symptom,symptom
syndrome_id_510,symptom_id_2376,has_symptom,symptom
syndrome_id_510,symptom_id_3711,has_symptom,symptom
syndrome_id_510,symptom_id_1988,has_symptom,symptom
syndrome_id_510,symptom_id_469,has_symptom,symptom
syndrome_id_510,symptom_id_3158,has_symptom,symptom
syndrome_id_580,symptom_id_287,has_symptom,symptom
syndrome_id_580,symptom_id_1296,has_symptom,symptom
syndrome_id_580,symptom_id_4278,has_symptom,symptom
syndrome_id_580,symptom_id_1286,has_symptom,symptom
syndrome_id_580,symptom_id_1301,has_symptom,symptom
syndrome_id_580,symptom_id_3803,has_symptom,symptom
syndrome_id_580,symptom_id_1366,has_symptom,symptom
syndrome_id_140,symptom_id_656,has_symptom,symptom
syndrome_id_140,symptom_id_3834,has_symptom,symptom
syndrome_id_140,symptom_id_961,has_symptom,symptom
syndrome_id_140,symptom_id_1187,has_symptom,symptom
syndrome_id_140,symptom_id_2317,has_symptom,symptom
syndrome_id_341,symptom_id_1286,has_symptom,symptom
syndrome_id_341,symptom_id_1449,has_symptom,symptom
syndrome_id_341,symptom_id_1412,has_symptom,symptom
syndrome_id_341,symptom_id_1423,has_symptom,symptom
syndrome_id_341,symptom_id_4347,has_symptom,symptom
syndrome_id_341,symptom_id_1413,has_symptom,symptom
syndrome_id_341,symptom_id_1435,has_symptom,symptom
syndrome_id_341,symptom_id_3845,has_symptom,symptom
syndrome_id_341,symptom_id_3757,has_symptom,symptom
syndrome_id_341,symptom_id_480,has_symptom,symptom
syndrome_id_341,symptom_id_580,has_symptom,symptom
syndrome_id_511,symptom_id_325,has_symptom,symptom
syndrome_id_511,symptom_id_3780,has_symptom,symptom
syndrome_id_511,symptom_id_1297,has_symptom,symptom
syndrome_id_511,symptom_id_1586,has_symptom,symptom
syndrome_id_511,symptom_id_896,has_symptom,symptom
syndrome_id_511,symptom_id_2597,has_symptom,symptom
syndrome_id_511,symptom_id_4331,has_symptom,symptom
syndrome_id_505,symptom_id_2091,has_symptom,symptom
syndrome_id_505,symptom_id_4448,has_symptom,symptom
syndrome_id_505,symptom_id_4479,has_symptom,symptom
syndrome_id_505,symptom_id_940,has_symptom,symptom
syndrome_id_505,symptom_id_3953,has_symptom,symptom
syndrome_id_505,symptom_id_2409,has_symptom,symptom
syndrome_id_505,symptom_id_3789,has_symptom,symptom
syndrome_id_505,symptom_id_3752,has_symptom,symptom
syndrome_id_507,symptom_id_1170,has_symptom,symptom
syndrome_id_507,symptom_id_3807,has_symptom,symptom
syndrome_id_507,symptom_id_2102,has_symptom,symptom
syndrome_id_507,symptom_id_3953,has_symptom,symptom
syndrome_id_507,symptom_id_145,has_symptom,symptom
syndrome_id_507,symptom_id_4448,has_symptom,symptom
syndrome_id_507,symptom_id_287,has_symptom,symptom
syndrome_id_507,symptom_id_4279,has_symptom,symptom
syndrome_id_507,symptom_id_1950,has_symptom,symptom
syndrome_id_507,symptom_id_2119,has_symptom,symptom
syndrome_id_507,symptom_id_896,has_symptom,symptom
syndrome_id_506,symptom_id_1299,has_symptom,symptom
syndrome_id_506,symptom_id_4278,has_symptom,symptom
syndrome_id_506,symptom_id_1296,has_symptom,symptom
syndrome_id_506,symptom_id_4279,has_symptom,symptom
syndrome_id_506,symptom_id_1950,has_symptom,symptom
syndrome_id_506,symptom_id_3488,has_symptom,symptom
syndrome_id_506,symptom_id_4448,has_symptom,symptom
syndrome_id_506,symptom_id_2962,has_symptom,symptom
syndrome_id_506,symptom_id_3805,has_symptom,symptom
syndrome_id_506,symptom_id_684,has_symptom,symptom
syndrome_id_506,symptom_id_3953,has_symptom,symptom
syndrome_id_506,symptom_id_2680,has_symptom,symptom
syndrome_id_148,symptom_id_4504,has_symptom,symptom
syndrome_id_148,symptom_id_4278,has_symptom,symptom
syndrome_id_148,symptom_id_2102,has_symptom,symptom
syndrome_id_148,symptom_id_248,has_symptom,symptom
syndrome_id_148,symptom_id_295,has_symptom,symptom
syndrome_id_148,symptom_id_925,has_symptom,symptom
syndrome_id_148,symptom_id_3148,has_symptom,symptom
syndrome_id_148,symptom_id_4448,has_symptom,symptom
syndrome_id_148,symptom_id_3239,has_symptom,symptom
syndrome_id_148,symptom_id_1657,has_symptom,symptom
syndrome_id_148,symptom_id_453,has_symptom,symptom
syndrome_id_518,symptom_id_1170,has_symptom,symptom
syndrome_id_518,symptom_id_3133,has_symptom,symptom
syndrome_id_518,symptom_id_3129,has_symptom,symptom
syndrome_id_518,symptom_id_3788,has_symptom,symptom
syndrome_id_518,symptom_id_3752,has_symptom,symptom
syndrome_id_518,symptom_id_3521,has_symptom,symptom
syndrome_id_518,symptom_id_2299,has_symptom,symptom
syndrome_id_518,symptom_id_1286,has_symptom,symptom
syndrome_id_518,symptom_id_2891,has_symptom,symptom
syndrome_id_518,symptom_id_4279,has_symptom,symptom
syndrome_id_518,symptom_id_1950,has_symptom,symptom
syndrome_id_518,symptom_id_2376,has_symptom,symptom
syndrome_id_518,symptom_id_3711,has_symptom,symptom
syndrome_id_518,symptom_id_1988,has_symptom,symptom
syndrome_id_518,symptom_id_1384,has_symptom,symptom
syndrome_id_518,symptom_id_74,has_symptom,symptom
syndrome_id_518,symptom_id_2053,has_symptom,symptom
syndrome_id_518,symptom_id_64,has_symptom,symptom
syndrome_id_518,symptom_id_513,has_symptom,symptom
syndrome_id_518,symptom_id_1450,has_symptom,symptom
syndrome_id_518,symptom_id_268,has_symptom,symptom
syndrome_id_195,symptom_id_1586,has_symptom,symptom
syndrome_id_195,symptom_id_1152,has_symptom,symptom
syndrome_id_195,symptom_id_304,has_symptom,symptom
syndrome_id_195,symptom_id_1051,has_symptom,symptom
syndrome_id_195,symptom_id_1169,has_symptom,symptom
syndrome_id_195,symptom_id_985,has_symptom,symptom
syndrome_id_195,symptom_id_4448,has_symptom,symptom
syndrome_id_195,symptom_id_66,has_symptom,symptom
syndrome_id_195,symptom_id_3157,has_symptom,symptom
syndrome_id_195,symptom_id_1071,has_symptom,symptom
syndrome_id_195,symptom_id_1889,has_symptom,symptom
syndrome_id_211,symptom_id_1586,has_symptom,symptom
syndrome_id_211,symptom_id_888,has_symptom,symptom
syndrome_id_211,symptom_id_1152,has_symptom,symptom
syndrome_id_211,symptom_id_1051,has_symptom,symptom
syndrome_id_211,symptom_id_1170,has_symptom,symptom
syndrome_id_211,symptom_id_4448,has_symptom,symptom
syndrome_id_211,symptom_id_2962,has_symptom,symptom
syndrome_id_211,symptom_id_3953,has_symptom,symptom
syndrome_id_211,symptom_id_2108,has_symptom,symptom
syndrome_id_211,symptom_id_1399,has_symptom,symptom
syndrome_id_211,symptom_id_833,has_symptom,symptom
syndrome_id_211,symptom_id_1161,has_symptom,symptom
syndrome_id_192,symptom_id_1586,has_symptom,symptom
syndrome_id_192,symptom_id_2102,has_symptom,symptom
syndrome_id_192,symptom_id_1286,has_symptom,symptom
syndrome_id_192,symptom_id_1152,has_symptom,symptom
syndrome_id_192,symptom_id_1051,has_symptom,symptom
syndrome_id_192,symptom_id_2962,has_symptom,symptom
syndrome_id_192,symptom_id_2336,has_symptom,symptom
syndrome_id_192,symptom_id_4407,has_symptom,symptom
syndrome_id_192,symptom_id_1170,has_symptom,symptom
syndrome_id_192,symptom_id_3953,has_symptom,symptom
syndrome_id_192,symptom_id_2772,has_symptom,symptom
syndrome_id_192,symptom_id_1025,has_symptom,symptom
syndrome_id_192,symptom_id_527,has_symptom,symptom
syndrome_id_192,symptom_id_783,has_symptom,symptom
syndrome_id_192,symptom_id_231,has_symptom,symptom
syndrome_id_32,symptom_id_480,has_symptom,symptom
syndrome_id_32,symptom_id_2142,has_symptom,symptom
syndrome_id_32,symptom_id_2962,has_symptom,symptom
syndrome_id_32,symptom_id_1209,has_symptom,symptom
syndrome_id_32,symptom_id_3703,has_symptom,symptom
syndrome_id_32,symptom_id_4244,has_symptom,symptom
syndrome_id_32,symptom_id_145,has_symptom,symptom
syndrome_id_32,symptom_id_3572,has_symptom,symptom
syndrome_id_32,symptom_id_453,has_symptom,symptom
syndrome_id_32,symptom_id_1710,has_symptom,symptom
syndrome_id_32,symptom_id_688,has_symptom,symptom
syndrome_id_32,symptom_id_528,has_symptom,symptom
syndrome_id_32,symptom_id_270,has_symptom,symptom
syndrome_id_32,symptom_id_1450,has_symptom,symptom
syndrome_id_208,symptom_id_1586,has_symptom,symptom
syndrome_id_208,symptom_id_1152,has_symptom,symptom
syndrome_id_208,symptom_id_304,has_symptom,symptom
syndrome_id_208,symptom_id_4592,has_symptom,symptom
syndrome_id_208,symptom_id_3859,has_symptom,symptom
syndrome_id_208,symptom_id_270,has_symptom,symptom
syndrome_id_208,symptom_id_4487,has_symptom,symptom
syndrome_id_208,symptom_id_1171,has_symptom,symptom
syndrome_id_208,symptom_id_2009,has_symptom,symptom
syndrome_id_208,symptom_id_4305,has_symptom,symptom
syndrome_id_208,symptom_id_1458,has_symptom,symptom
syndrome_id_208,symptom_id_2705,has_symptom,symptom
syndrome_id_193,symptom_id_577,has_symptom,symptom
syndrome_id_193,symptom_id_1586,has_symptom,symptom
syndrome_id_193,symptom_id_2317,has_symptom,symptom
syndrome_id_193,symptom_id_551,has_symptom,symptom
syndrome_id_193,symptom_id_2310,has_symptom,symptom
syndrome_id_193,symptom_id_1353,has_symptom,symptom
syndrome_id_193,symptom_id_4226,has_symptom,symptom
syndrome_id_193,symptom_id_1586,has_symptom,symptom
syndrome_id_212,symptom_id_1586,has_symptom,symptom
syndrome_id_212,symptom_id_4448,has_symptom,symptom
syndrome_id_212,symptom_id_1152,has_symptom,symptom
syndrome_id_212,symptom_id_1051,has_symptom,symptom
syndrome_id_212,symptom_id_1747,has_symptom,symptom
syndrome_id_212,symptom_id_1169,has_symptom,symptom
syndrome_id_212,symptom_id_939,has_symptom,symptom
syndrome_id_212,symptom_id_1889,has_symptom,symptom
syndrome_id_206,symptom_id_1633,has_symptom,symptom
syndrome_id_206,symptom_id_3282,has_symptom,symptom
syndrome_id_206,symptom_id_3481,has_symptom,symptom
syndrome_id_206,symptom_id_1954,has_symptom,symptom
syndrome_id_206,symptom_id_1586,has_symptom,symptom
syndrome_id_206,symptom_id_934,has_symptom,symptom
syndrome_id_206,symptom_id_3951,has_symptom,symptom
syndrome_id_206,symptom_id_960,has_symptom,symptom
syndrome_id_198,symptom_id_1596,has_symptom,symptom
syndrome_id_198,symptom_id_1586,has_symptom,symptom
syndrome_id_198,symptom_id_2963,has_symptom,symptom
syndrome_id_198,symptom_id_4279,has_symptom,symptom
syndrome_id_198,symptom_id_1169,has_symptom,symptom
syndrome_id_198,symptom_id_3133,has_symptom,symptom
syndrome_id_198,symptom_id_527,has_symptom,symptom
syndrome_id_198,symptom_id_783,has_symptom,symptom
syndrome_id_198,symptom_id_2299,has_symptom,symptom
syndrome_id_198,symptom_id_3788,has_symptom,symptom
syndrome_id_198,symptom_id_1450,has_symptom,symptom
syndrome_id_198,symptom_id_268,has_symptom,symptom
syndrome_id_205,symptom_id_1586,has_symptom,symptom
syndrome_id_205,symptom_id_1701,has_symptom,symptom
syndrome_id_205,symptom_id_66,has_symptom,symptom
syndrome_id_205,symptom_id_1051,has_symptom,symptom
syndrome_id_205,symptom_id_398,has_symptom,symptom
syndrome_id_205,symptom_id_723,has_symptom,symptom
syndrome_id_205,symptom_id_3586,has_symptom,symptom
syndrome_id_197,symptom_id_1586,has_symptom,symptom
syndrome_id_197,symptom_id_896,has_symptom,symptom
syndrome_id_197,symptom_id_742,has_symptom,symptom
syndrome_id_197,symptom_id_4448,has_symptom,symptom
syndrome_id_197,symptom_id_2962,has_symptom,symptom
syndrome_id_197,symptom_id_748,has_symptom,symptom
syndrome_id_197,symptom_id_1570,has_symptom,symptom
syndrome_id_197,symptom_id_1025,has_symptom,symptom
syndrome_id_197,symptom_id_3953,has_symptom,symptom
syndrome_id_155,symptom_id_3852,has_symptom,symptom
syndrome_id_155,symptom_id_4330,has_symptom,symptom
syndrome_id_155,symptom_id_2902,has_symptom,symptom
syndrome_id_155,symptom_id_2406,has_symptom,symptom
syndrome_id_155,symptom_id_3862,has_symptom,symptom
syndrome_id_155,symptom_id_1106,has_symptom,symptom
syndrome_id_155,symptom_id_58,has_symptom,symptom
syndrome_id_213,symptom_id_2946,has_symptom,symptom
syndrome_id_213,symptom_id_1140,has_symptom,symptom
syndrome_id_213,symptom_id_960,has_symptom,symptom
syndrome_id_213,symptom_id_1589,has_symptom,symptom
syndrome_id_213,symptom_id_1623,has_symptom,symptom
syndrome_id_213,symptom_id_515,has_symptom,symptom
syndrome_id_213,symptom_id_4448,has_symptom,symptom
syndrome_id_213,symptom_id_1029,has_symptom,symptom
syndrome_id_213,symptom_id_722,has_symptom,symptom
syndrome_id_202,symptom_id_242,has_symptom,symptom
syndrome_id_202,symptom_id_1586,has_symptom,symptom
syndrome_id_202,symptom_id_2102,has_symptom,symptom
syndrome_id_202,symptom_id_1297,has_symptom,symptom
syndrome_id_202,symptom_id_338,has_symptom,symptom
syndrome_id_202,symptom_id_687,has_symptom,symptom
syndrome_id_202,symptom_id_1570,has_symptom,symptom
syndrome_id_202,symptom_id_3753,has_symptom,symptom
syndrome_id_202,symptom_id_3953,has_symptom,symptom
syndrome_id_202,symptom_id_2927,has_symptom,symptom
syndrome_id_31,symptom_id_1708,has_symptom,symptom
syndrome_id_31,symptom_id_3557,has_symptom,symptom
syndrome_id_31,symptom_id_71,has_symptom,symptom
syndrome_id_31,symptom_id_1187,has_symptom,symptom
syndrome_id_31,symptom_id_1209,has_symptom,symptom
syndrome_id_31,symptom_id_1182,has_symptom,symptom
syndrome_id_31,symptom_id_4421,has_symptom,symptom
syndrome_id_31,symptom_id_398,has_symptom,symptom
syndrome_id_31,symptom_id_453,has_symptom,symptom
syndrome_id_215,symptom_id_1586,has_symptom,symptom
syndrome_id_215,symptom_id_1592,has_symptom,symptom
syndrome_id_215,symptom_id_66,has_symptom,symptom
syndrome_id_215,symptom_id_1051,has_symptom,symptom
syndrome_id_215,symptom_id_2336,has_symptom,symptom
syndrome_id_215,symptom_id_527,has_symptom,symptom
syndrome_id_215,symptom_id_1750,has_symptom,symptom
syndrome_id_215,symptom_id_4461,has_symptom,symptom
syndrome_id_215,symptom_id_288,has_symptom,symptom
syndrome_id_215,symptom_id_2299,has_symptom,symptom
syndrome_id_292,symptom_id_1169,has_symptom,symptom
syndrome_id_292,symptom_id_2102,has_symptom,symptom
syndrome_id_292,symptom_id_1399,has_symptom,symptom
syndrome_id_292,symptom_id_2456,has_symptom,symptom
syndrome_id_292,symptom_id_3859,has_symptom,symptom
syndrome_id_292,symptom_id_3834,has_symptom,symptom
syndrome_id_292,symptom_id_683,has_symptom,symptom
syndrome_id_292,symptom_id_925,has_symptom,symptom
syndrome_id_292,symptom_id_4599,has_symptom,symptom
syndrome_id_328,symptom_id_1453,has_symptom,symptom
syndrome_id_328,symptom_id_2750,has_symptom,symptom
syndrome_id_328,symptom_id_2732,has_symptom,symptom
syndrome_id_328,symptom_id_3357,has_symptom,symptom
syndrome_id_328,symptom_id_2717,has_symptom,symptom
syndrome_id_328,symptom_id_2407,has_symptom,symptom
syndrome_id_328,symptom_id_1187,has_symptom,symptom
syndrome_id_328,symptom_id_4599,has_symptom,symptom
syndrome_id_328,symptom_id_4251,has_symptom,symptom
syndrome_id_1,symptom_id_1187,has_symptom,symptom
syndrome_id_1,symptom_id_480,has_symptom,symptom
syndrome_id_1,symptom_id_4162,has_symptom,symptom
syndrome_id_1,symptom_id_1152,has_symptom,symptom
syndrome_id_1,symptom_id_3129,has_symptom,symptom
syndrome_id_1,symptom_id_4278,has_symptom,symptom
syndrome_id_1,symptom_id_3841,has_symptom,symptom
syndrome_id_1,symptom_id_4244,has_symptom,symptom
syndrome_id_1,symptom_id_527,has_symptom,symptom
syndrome_id_1,symptom_id_1932,has_symptom,symptom
syndrome_id_1,symptom_id_4421,has_symptom,symptom
syndrome_id_1,symptom_id_1271,has_symptom,symptom
syndrome_id_1,symptom_id_483,has_symptom,symptom
syndrome_id_1,symptom_id_398,has_symptom,symptom
syndrome_id_595,symptom_id_662,has_symptom,symptom
syndrome_id_595,symptom_id_961,has_symptom,symptom
syndrome_id_595,symptom_id_1613,has_symptom,symptom
syndrome_id_595,symptom_id_4599,has_symptom,symptom
syndrome_id_595,symptom_id_1597,has_symptom,symptom
syndrome_id_595,symptom_id_3277,has_symptom,symptom
syndrome_id_595,symptom_id_551,has_symptom,symptom
syndrome_id_595,symptom_id_2086,has_symptom,symptom
syndrome_id_595,symptom_id_3622,has_symptom,symptom
syndrome_id_613,symptom_id_2720,has_symptom,symptom
syndrome_id_613,symptom_id_3714,has_symptom,symptom
syndrome_id_613,symptom_id_3711,has_symptom,symptom
syndrome_id_613,symptom_id_2739,has_symptom,symptom
syndrome_id_613,symptom_id_1169,has_symptom,symptom
syndrome_id_601,symptom_id_4765,has_symptom,symptom
syndrome_id_601,symptom_id_4748,has_symptom,symptom
syndrome_id_601,symptom_id_832,has_symptom,symptom
syndrome_id_601,symptom_id_789,has_symptom,symptom
syndrome_id_601,symptom_id_1841,has_symptom,symptom
syndrome_id_601,symptom_id_2720,has_symptom,symptom
syndrome_id_601,symptom_id_1160,has_symptom,symptom
syndrome_id_601,symptom_id_1094,has_symptom,symptom
syndrome_id_601,symptom_id_1507,has_symptom,symptom
syndrome_id_601,symptom_id_530,has_symptom,symptom
syndrome_id_601,symptom_id_1171,has_symptom,symptom
syndrome_id_601,symptom_id_2753,has_symptom,symptom
syndrome_id_601,symptom_id_999,has_symptom,symptom
syndrome_id_601,symptom_id_1888,has_symptom,symptom
syndrome_id_601,symptom_id_4085,has_symptom,symptom
syndrome_id_601,symptom_id_4305,has_symptom,symptom
syndrome_id_664,symptom_id_2763,has_symptom,symptom
syndrome_id_664,symptom_id_3897,has_symptom,symptom
syndrome_id_664,symptom_id_3029,has_symptom,symptom
syndrome_id_664,symptom_id_1296,has_symptom,symptom
syndrome_id_664,symptom_id_2720,has_symptom,symptom
syndrome_id_664,symptom_id_937,has_symptom,symptom
syndrome_id_720,symptom_id_4746,has_symptom,symptom
syndrome_id_720,symptom_id_2835,has_symptom,symptom
syndrome_id_720,symptom_id_2405,has_symptom,symptom
syndrome_id_720,symptom_id_582,has_symptom,symptom
syndrome_id_720,symptom_id_57,has_symptom,symptom
syndrome_id_720,symptom_id_3836,has_symptom,symptom
syndrome_id_720,symptom_id_1362,has_symptom,symptom
syndrome_id_77,symptom_id_1657,has_symptom,symptom
syndrome_id_77,symptom_id_1261,has_symptom,symptom
syndrome_id_77,symptom_id_398,has_symptom,symptom
syndrome_id_77,symptom_id_3928,has_symptom,symptom
syndrome_id_77,symptom_id_3889,has_symptom,symptom
syndrome_id_77,symptom_id_3895,has_symptom,symptom
syndrome_id_689,symptom_id_2406,has_symptom,symptom
syndrome_id_689,symptom_id_2317,has_symptom,symptom
syndrome_id_689,symptom_id_1586,has_symptom,symptom
syndrome_id_689,symptom_id_1286,has_symptom,symptom
syndrome_id_689,symptom_id_3834,has_symptom,symptom
syndrome_id_116,symptom_id_3475,has_symptom,symptom
syndrome_id_116,symptom_id_1830,has_symptom,symptom
syndrome_id_116,symptom_id_984,has_symptom,symptom
syndrome_id_116,symptom_id_363,has_symptom,symptom
syndrome_id_116,symptom_id_3871,has_symptom,symptom
syndrome_id_116,symptom_id_1324,has_symptom,symptom
syndrome_id_41,symptom_id_2526,has_symptom,symptom
syndrome_id_41,symptom_id_2037,has_symptom,symptom
syndrome_id_41,symptom_id_2045,has_symptom,symptom
syndrome_id_41,symptom_id_1366,has_symptom,symptom
syndrome_id_41,symptom_id_4305,has_symptom,symptom
syndrome_id_41,symptom_id_3239,has_symptom,symptom
syndrome_id_41,symptom_id_1657,has_symptom,symptom
syndrome_id_41,symptom_id_4455,has_symptom,symptom
syndrome_id_78,symptom_id_2763,has_symptom,symptom
syndrome_id_78,symptom_id_2886,has_symptom,symptom
syndrome_id_78,symptom_id_1450,has_symptom,symptom
syndrome_id_78,symptom_id_270,has_symptom,symptom
syndrome_id_78,symptom_id_1657,has_symptom,symptom
syndrome_id_78,symptom_id_961,has_symptom,symptom
syndrome_id_325,symptom_id_4372,has_symptom,symptom
syndrome_id_325,symptom_id_3557,has_symptom,symptom
syndrome_id_325,symptom_id_2142,has_symptom,symptom
syndrome_id_325,symptom_id_1209,has_symptom,symptom
syndrome_id_325,symptom_id_984,has_symptom,symptom
syndrome_id_325,symptom_id_3859,has_symptom,symptom
syndrome_id_325,symptom_id_453,has_symptom,symptom
syndrome_id_325,symptom_id_2930,has_symptom,symptom
syndrome_id_325,symptom_id_1710,has_symptom,symptom
syndrome_id_325,symptom_id_688,has_symptom,symptom
syndrome_id_325,symptom_id_1370,has_symptom,symptom
syndrome_id_325,symptom_id_2741,has_symptom,symptom
syndrome_id_325,symptom_id_1353,has_symptom,symptom
syndrome_id_325,symptom_id_270,has_symptom,symptom
syndrome_id_325,symptom_id_274,has_symptom,symptom
syndrome_id_294,symptom_id_2688,has_symptom,symptom
syndrome_id_294,symptom_id_2700,has_symptom,symptom
syndrome_id_294,symptom_id_1366,has_symptom,symptom
syndrome_id_294,symptom_id_3813,has_symptom,symptom
syndrome_id_294,symptom_id_2018,has_symptom,symptom
syndrome_id_294,symptom_id_2053,has_symptom,symptom
syndrome_id_294,symptom_id_2045,has_symptom,symptom
syndrome_id_294,symptom_id_63,has_symptom,symptom
syndrome_id_312,symptom_id_4726,has_symptom,symptom
syndrome_id_312,symptom_id_3845,has_symptom,symptom
syndrome_id_312,symptom_id_231,has_symptom,symptom
syndrome_id_312,symptom_id_3101,has_symptom,symptom
syndrome_id_312,symptom_id_1298,has_symptom,symptom
syndrome_id_312,symptom_id_3813,has_symptom,symptom
syndrome_id_312,symptom_id_2052,has_symptom,symptom
syndrome_id_427,symptom_id_2724,has_symptom,symptom
syndrome_id_427,symptom_id_2755,has_symptom,symptom
syndrome_id_427,symptom_id_2745,has_symptom,symptom
syndrome_id_427,symptom_id_320,has_symptom,symptom
syndrome_id_427,symptom_id_551,has_symptom,symptom
syndrome_id_427,symptom_id_3595,has_symptom,symptom
syndrome_id_427,symptom_id_3859,has_symptom,symptom
syndrome_id_254,symptom_id_2832,has_symptom,symptom
syndrome_id_254,symptom_id_2795,has_symptom,symptom
syndrome_id_254,symptom_id_513,has_symptom,symptom
syndrome_id_254,symptom_id_1438,has_symptom,symptom
syndrome_id_434,symptom_id_2851,has_symptom,symptom
syndrome_id_434,symptom_id_2849,has_symptom,symptom
syndrome_id_434,symptom_id_2901,has_symptom,symptom
syndrome_id_434,symptom_id_580,has_symptom,symptom
syndrome_id_434,symptom_id_783,has_symptom,symptom
syndrome_id_434,symptom_id_3550,has_symptom,symptom
syndrome_id_434,symptom_id_4586,has_symptom,symptom
syndrome_id_434,symptom_id_1096,has_symptom,symptom
syndrome_id_434,symptom_id_1355,has_symptom,symptom
syndrome_id_179,symptom_id_775,has_symptom,symptom
syndrome_id_179,symptom_id_3834,has_symptom,symptom
syndrome_id_179,symptom_id_1596,has_symptom,symptom
syndrome_id_179,symptom_id_3595,has_symptom,symptom
syndrome_id_40,symptom_id_2020,has_symptom,symptom
syndrome_id_40,symptom_id_2053,has_symptom,symptom
syndrome_id_40,symptom_id_2039,has_symptom,symptom
syndrome_id_40,symptom_id_3845,has_symptom,symptom
syndrome_id_40,symptom_id_1169,has_symptom,symptom
syndrome_id_40,symptom_id_3133,has_symptom,symptom
syndrome_id_40,symptom_id_3789,has_symptom,symptom
syndrome_id_40,symptom_id_4305,has_symptom,symptom
syndrome_id_40,symptom_id_63,has_symptom,symptom
syndrome_id_488,symptom_id_4307,has_symptom,symptom
syndrome_id_488,symptom_id_2193,has_symptom,symptom
syndrome_id_488,symptom_id_4774,has_symptom,symptom
syndrome_id_488,symptom_id_1864,has_symptom,symptom
syndrome_id_488,symptom_id_4768,has_symptom,symptom
syndrome_id_488,symptom_id_4448,has_symptom,symptom
syndrome_id_488,symptom_id_3953,has_symptom,symptom
syndrome_id_488,symptom_id_1703,has_symptom,symptom
syndrome_id_488,symptom_id_960,has_symptom,symptom
syndrome_id_239,symptom_id_967,has_symptom,symptom
syndrome_id_239,symptom_id_984,has_symptom,symptom
syndrome_id_239,symptom_id_1007,has_symptom,symptom
syndrome_id_239,symptom_id_3259,has_symptom,symptom
syndrome_id_239,symptom_id_4306,has_symptom,symptom
syndrome_id_239,symptom_id_2744,has_symptom,symptom
syndrome_id_239,symptom_id_2153,has_symptom,symptom
syndrome_id_239,symptom_id_2154,has_symptom,symptom
syndrome_id_239,symptom_id_3154,has_symptom,symptom
syndrome_id_239,symptom_id_1887,has_symptom,symptom
syndrome_id_96,symptom_id_3524,has_symptom,symptom
syndrome_id_96,symptom_id_2406,has_symptom,symptom
syndrome_id_96,symptom_id_1731,has_symptom,symptom
syndrome_id_96,symptom_id_1324,has_symptom,symptom
syndrome_id_204,symptom_id_1596,has_symptom,symptom
syndrome_id_204,symptom_id_1152,has_symptom,symptom
syndrome_id_204,symptom_id_4462,has_symptom,symptom
syndrome_id_204,symptom_id_577,has_symptom,symptom
syndrome_id_204,symptom_id_3441,has_symptom,symptom
syndrome_id_204,symptom_id_933,has_symptom,symptom
syndrome_id_204,symptom_id_2391,has_symptom,symptom
syndrome_id_204,symptom_id_4164,has_symptom,symptom
syndrome_id_204,symptom_id_1353,has_symptom,symptom
syndrome_id_204,symptom_id_1435,has_symptom,symptom
syndrome_id_204,symptom_id_688,has_symptom,symptom
syndrome_id_204,symptom_id_3418,has_symptom,symptom
syndrome_id_204,symptom_id_576,has_symptom,symptom
syndrome_id_204,symptom_id_4784,has_symptom,symptom
syndrome_id_204,symptom_id_2383,has_symptom,symptom
syndrome_id_204,symptom_id_274,has_symptom,symptom
syndrome_id_107,symptom_id_2316,has_symptom,symptom
syndrome_id_107,symptom_id_964,has_symptom,symptom
syndrome_id_107,symptom_id_3026,has_symptom,symptom
syndrome_id_107,symptom_id_18,has_symptom,symptom
syndrome_id_107,symptom_id_4445,has_symptom,symptom
syndrome_id_184,symptom_id_20,has_symptom,symptom
syndrome_id_184,symptom_id_961,has_symptom,symptom
syndrome_id_184,symptom_id_4445,has_symptom,symptom
syndrome_id_184,symptom_id_775,has_symptom,symptom
syndrome_id_184,symptom_id_3845,has_symptom,symptom
syndrome_id_184,symptom_id_1506,has_symptom,symptom
syndrome_id_305,symptom_id_3595,has_symptom,symptom
syndrome_id_305,symptom_id_3859,has_symptom,symptom
syndrome_id_305,symptom_id_1079,has_symptom,symptom
syndrome_id_305,symptom_id_270,has_symptom,symptom
syndrome_id_305,symptom_id_1343,has_symptom,symptom
syndrome_id_305,symptom_id_480,has_symptom,symptom
syndrome_id_305,symptom_id_2309,has_symptom,symptom
syndrome_id_305,symptom_id_1710,has_symptom,symptom
syndrome_id_305,symptom_id_688,has_symptom,symptom
syndrome_id_305,symptom_id_2142,has_symptom,symptom
syndrome_id_305,symptom_id_4252,has_symptom,symptom
syndrome_id_305,symptom_id_3687,has_symptom,symptom
syndrome_id_289,symptom_id_2297,has_symptom,symptom
syndrome_id_289,symptom_id_532,has_symptom,symptom
syndrome_id_289,symptom_id_274,has_symptom,symptom
syndrome_id_289,symptom_id_3836,has_symptom,symptom
syndrome_id_289,symptom_id_2957,has_symptom,symptom
syndrome_id_243,symptom_id_4245,has_symptom,symptom
syndrome_id_243,symptom_id_3968,has_symptom,symptom
syndrome_id_243,symptom_id_1185,has_symptom,symptom
syndrome_id_243,symptom_id_742,has_symptom,symptom
syndrome_id_243,symptom_id_1596,has_symptom,symptom
syndrome_id_191,symptom_id_1586,has_symptom,symptom
syndrome_id_191,symptom_id_2102,has_symptom,symptom
syndrome_id_191,symptom_id_2962,has_symptom,symptom
syndrome_id_191,symptom_id_2410,has_symptom,symptom
syndrome_id_191,symptom_id_3953,has_symptom,symptom
syndrome_id_191,symptom_id_3595,has_symptom,symptom
syndrome_id_191,symptom_id_1629,has_symptom,symptom
syndrome_id_191,symptom_id_4448,has_symptom,symptom
syndrome_id_191,symptom_id_1378,has_symptom,symptom
syndrome_id_191,symptom_id_1795,has_symptom,symptom
syndrome_id_191,symptom_id_4147,has_symptom,symptom
syndrome_id_616,symptom_id_2859,has_symptom,symptom
syndrome_id_616,symptom_id_2863,has_symptom,symptom
syndrome_id_616,symptom_id_1152,has_symptom,symptom
syndrome_id_616,symptom_id_2316,has_symptom,symptom
syndrome_id_616,symptom_id_2772,has_symptom,symptom
syndrome_id_616,symptom_id_531,has_symptom,symptom
syndrome_id_616,symptom_id_1352,has_symptom,symptom
syndrome_id_92,symptom_id_1152,has_symptom,symptom
syndrome_id_92,symptom_id_66,has_symptom,symptom
syndrome_id_92,symptom_id_3899,has_symptom,symptom
syndrome_id_92,symptom_id_3657,has_symptom,symptom
syndrome_id_92,symptom_id_930,has_symptom,symptom
syndrome_id_92,symptom_id_2310,has_symptom,symptom
syndrome_id_435,symptom_id_2191,has_symptom,symptom
syndrome_id_435,symptom_id_3494,has_symptom,symptom
syndrome_id_435,symptom_id_4124,has_symptom,symptom
syndrome_id_435,symptom_id_580,has_symptom,symptom
syndrome_id_435,symptom_id_783,has_symptom,symptom
syndrome_id_42,symptom_id_2052,has_symptom,symptom
syndrome_id_42,symptom_id_2041,has_symptom,symptom
syndrome_id_42,symptom_id_551,has_symptom,symptom
syndrome_id_42,symptom_id_2009,has_symptom,symptom
syndrome_id_42,symptom_id_1596,has_symptom,symptom
syndrome_id_42,symptom_id_66,has_symptom,symptom
syndrome_id_42,symptom_id_4463,has_symptom,symptom
syndrome_id_42,symptom_id_268,has_symptom,symptom
syndrome_id_347,symptom_id_1559,has_symptom,symptom
syndrome_id_347,symptom_id_1707,has_symptom,symptom
syndrome_id_347,symptom_id_2142,has_symptom,symptom
syndrome_id_347,symptom_id_961,has_symptom,symptom
syndrome_id_347,symptom_id_1596,has_symptom,symptom
syndrome_id_368,symptom_id_3511,has_symptom,symptom
syndrome_id_368,symptom_id_444,has_symptom,symptom
syndrome_id_368,symptom_id_1560,has_symptom,symptom
syndrome_id_368,symptom_id_1152,has_symptom,symptom
syndrome_id_456,symptom_id_3445,has_symptom,symptom
syndrome_id_456,symptom_id_91,has_symptom,symptom
syndrome_id_456,symptom_id_933,has_symptom,symptom
syndrome_id_456,symptom_id_707,has_symptom,symptom
syndrome_id_456,symptom_id_930,has_symptom,symptom
syndrome_id_456,symptom_id_681,has_symptom,symptom
syndrome_id_456,symptom_id_855,has_symptom,symptom
syndrome_id_298,symptom_id_45,has_symptom,symptom
syndrome_id_298,symptom_id_2716,has_symptom,symptom
syndrome_id_298,symptom_id_2767,has_symptom,symptom
syndrome_id_298,symptom_id_1373,has_symptom,symptom
syndrome_id_298,symptom_id_450,has_symptom,symptom
syndrome_id_67,symptom_id_3547,has_symptom,symptom
syndrome_id_67,symptom_id_1557,has_symptom,symptom
syndrome_id_67,symptom_id_3845,has_symptom,symptom
syndrome_id_67,symptom_id_2316,has_symptom,symptom
syndrome_id_67,symptom_id_551,has_symptom,symptom
syndrome_id_67,symptom_id_1176,has_symptom,symptom
syndrome_id_67,symptom_id_2918,has_symptom,symptom
syndrome_id_67,symptom_id_2297,has_symptom,symptom
syndrome_id_9,symptom_id_18,has_symptom,symptom
syndrome_id_9,symptom_id_3026,has_symptom,symptom
syndrome_id_9,symptom_id_961,has_symptom,symptom
syndrome_id_9,symptom_id_3715,has_symptom,symptom
syndrome_id_238,symptom_id_3244,has_symptom,symptom
syndrome_id_238,symptom_id_3605,has_symptom,symptom
syndrome_id_238,symptom_id_3245,has_symptom,symptom
syndrome_id_238,symptom_id_899,has_symptom,symptom
syndrome_id_238,symptom_id_320,has_symptom,symptom
syndrome_id_238,symptom_id_551,has_symptom,symptom
syndrome_id_238,symptom_id_1343,has_symptom,symptom
syndrome_id_238,symptom_id_1113,has_symptom,symptom
syndrome_id_634,symptom_id_480,has_symptom,symptom
syndrome_id_634,symptom_id_742,has_symptom,symptom
syndrome_id_634,symptom_id_551,has_symptom,symptom
syndrome_id_634,symptom_id_1185,has_symptom,symptom
syndrome_id_634,symptom_id_797,has_symptom,symptom
syndrome_id_634,symptom_id_4751,has_symptom,symptom
syndrome_id_634,symptom_id_2193,has_symptom,symptom
syndrome_id_634,symptom_id_1003,has_symptom,symptom
syndrome_id_634,symptom_id_1936,has_symptom,symptom
syndrome_id_634,symptom_id_1380,has_symptom,symptom
syndrome_id_634,symptom_id_1710,has_symptom,symptom
syndrome_id_103,symptom_id_480,has_symptom,symptom
syndrome_id_103,symptom_id_1731,has_symptom,symptom
syndrome_id_103,symptom_id_2142,has_symptom,symptom
syndrome_id_103,symptom_id_3845,has_symptom,symptom
syndrome_id_103,symptom_id_18,has_symptom,symptom
syndrome_id_641,symptom_id_2752,has_symptom,symptom
syndrome_id_641,symptom_id_2716,has_symptom,symptom
syndrome_id_641,symptom_id_2735,has_symptom,symptom
syndrome_id_641,symptom_id_1707,has_symptom,symptom
syndrome_id_641,symptom_id_480,has_symptom,symptom
syndrome_id_641,symptom_id_1187,has_symptom,symptom
syndrome_id_389,symptom_id_2757,has_symptom,symptom
syndrome_id_389,symptom_id_2723,has_symptom,symptom
syndrome_id_389,symptom_id_4599,has_symptom,symptom
syndrome_id_389,symptom_id_2297,has_symptom,symptom
syndrome_id_389,symptom_id_742,has_symptom,symptom
syndrome_id_389,symptom_id_2772,has_symptom,symptom
syndrome_id_389,symptom_id_4448,has_symptom,symptom
syndrome_id_389,symptom_id_1169,has_symptom,symptom
syndrome_id_389,symptom_id_2457,has_symptom,symptom
syndrome_id_632,symptom_id_4691,has_symptom,symptom
syndrome_id_632,symptom_id_2957,has_symptom,symptom
syndrome_id_632,symptom_id_1962,has_symptom,symptom
syndrome_id_632,symptom_id_3241,has_symptom,symptom
syndrome_id_632,symptom_id_1185,has_symptom,symptom
syndrome_id_632,symptom_id_4497,has_symptom,symptom
syndrome_id_632,symptom_id_2316,has_symptom,symptom
syndrome_id_632,symptom_id_688,has_symptom,symptom
syndrome_id_632,symptom_id_1918,has_symptom,symptom
syndrome_id_632,symptom_id_821,has_symptom,symptom
syndrome_id_322,symptom_id_2707,has_symptom,symptom
syndrome_id_322,symptom_id_2765,has_symptom,symptom
syndrome_id_154,symptom_id_1556,has_symptom,symptom
syndrome_id_154,symptom_id_688,has_symptom,symptom
syndrome_id_154,symptom_id_1710,has_symptom,symptom
syndrome_id_318,symptom_id_1261,has_symptom,symptom
syndrome_id_318,symptom_id_4245,has_symptom,symptom
syndrome_id_318,symptom_id_4248,has_symptom,symptom
syndrome_id_318,symptom_id_4673,has_symptom,symptom
syndrome_id_318,symptom_id_371,has_symptom,symptom
syndrome_id_318,symptom_id_2151,has_symptom,symptom
syndrome_id_318,symptom_id_4411,has_symptom,symptom
syndrome_id_318,symptom_id_3253,has_symptom,symptom
syndrome_id_318,symptom_id_3687,has_symptom,symptom
syndrome_id_318,symptom_id_3950,has_symptom,symptom
syndrome_id_318,symptom_id_270,has_symptom,symptom
syndrome_id_318,symptom_id_3570,has_symptom,symptom
syndrome_id_318,symptom_id_1343,has_symptom,symptom
syndrome_id_29,symptom_id_204,has_symptom,symptom
syndrome_id_29,symptom_id_3840,has_symptom,symptom
syndrome_id_29,symptom_id_4599,has_symptom,symptom
syndrome_id_29,symptom_id_686,has_symptom,symptom
syndrome_id_522,symptom_id_3441,has_symptom,symptom
syndrome_id_522,symptom_id_553,has_symptom,symptom
syndrome_id_522,symptom_id_1337,has_symptom,symptom
syndrome_id_522,symptom_id_274,has_symptom,symptom
syndrome_id_522,symptom_id_681,has_symptom,symptom
syndrome_id_522,symptom_id_933,has_symptom,symptom
syndrome_id_522,symptom_id_688,has_symptom,symptom
syndrome_id_522,symptom_id_576,has_symptom,symptom
syndrome_id_522,symptom_id_2383,has_symptom,symptom
syndrome_id_522,symptom_id_4784,has_symptom,symptom
syndrome_id_174,symptom_id_775,has_symptom,symptom
syndrome_id_174,symptom_id_1596,has_symptom,symptom
syndrome_id_617,symptom_id_1562,has_symptom,symptom
syndrome_id_617,symptom_id_3845,has_symptom,symptom
syndrome_id_617,symptom_id_18,has_symptom,symptom
syndrome_id_617,symptom_id_503,has_symptom,symptom
syndrome_id_617,symptom_id_482,has_symptom,symptom
syndrome_id_617,symptom_id_1187,has_symptom,symptom
syndrome_id_617,symptom_id_270,has_symptom,symptom
syndrome_id_99,symptom_id_482,has_symptom,symptom
syndrome_id_99,symptom_id_1187,has_symptom,symptom
syndrome_id_99,symptom_id_4248,has_symptom,symptom
syndrome_id_99,symptom_id_1936,has_symptom,symptom
syndrome_id_99,symptom_id_3756,has_symptom,symptom
syndrome_id_99,symptom_id_4675,has_symptom,symptom
syndrome_id_99,symptom_id_3524,has_symptom,symptom
syndrome_id_287,symptom_id_3588,has_symptom,symptom
syndrome_id_287,symptom_id_930,has_symptom,symptom
syndrome_id_287,symptom_id_686,has_symptom,symptom
syndrome_id_287,symptom_id_1710,has_symptom,symptom
syndrome_id_287,symptom_id_688,has_symptom,symptom
syndrome_id_287,symptom_id_3676,has_symptom,symptom
syndrome_id_287,symptom_id_1209,has_symptom,symptom
syndrome_id_287,symptom_id_235,has_symptom,symptom
syndrome_id_287,symptom_id_67,has_symptom,symptom
syndrome_id_287,symptom_id_1408,has_symptom,symptom
syndrome_id_287,symptom_id_270,has_symptom,symptom
syndrome_id_48,symptom_id_763,has_symptom,symptom
syndrome_id_48,symptom_id_2161,has_symptom,symptom
syndrome_id_48,symptom_id_1507,has_symptom,symptom
syndrome_id_48,symptom_id_1383,has_symptom,symptom
syndrome_id_48,symptom_id_3820,has_symptom,symptom
syndrome_id_585,symptom_id_3547,has_symptom,symptom
syndrome_id_585,symptom_id_18,has_symptom,symptom
syndrome_id_585,symptom_id_503,has_symptom,symptom
syndrome_id_370,symptom_id_37,has_symptom,symptom
syndrome_id_370,symptom_id_1286,has_symptom,symptom
syndrome_id_370,symptom_id_1343,has_symptom,symptom
syndrome_id_370,symptom_id_1311,has_symptom,symptom
syndrome_id_370,symptom_id_980,has_symptom,symptom
syndrome_id_370,symptom_id_3571,has_symptom,symptom
syndrome_id_370,symptom_id_2309,has_symptom,symptom
syndrome_id_370,symptom_id_274,has_symptom,symptom
syndrome_id_712,symptom_id_4751,has_symptom,symptom
syndrome_id_712,symptom_id_4768,has_symptom,symptom
syndrome_id_712,symptom_id_1864,has_symptom,symptom
syndrome_id_712,symptom_id_2193,has_symptom,symptom
syndrome_id_712,symptom_id_4769,has_symptom,symptom
syndrome_id_712,symptom_id_1732,has_symptom,symptom
syndrome_id_712,symptom_id_1187,has_symptom,symptom
syndrome_id_712,symptom_id_775,has_symptom,symptom
syndrome_id_712,symptom_id_742,has_symptom,symptom
syndrome_id_712,symptom_id_2560,has_symptom,symptom
syndrome_id_712,symptom_id_553,has_symptom,symptom
syndrome_id_303,symptom_id_4245,has_symptom,symptom
syndrome_id_303,symptom_id_280,has_symptom,symptom
syndrome_id_303,symptom_id_488,has_symptom,symptom
syndrome_id_303,symptom_id_2951,has_symptom,symptom
syndrome_id_303,symptom_id_3531,has_symptom,symptom
syndrome_id_303,symptom_id_3859,has_symptom,symptom
syndrome_id_303,symptom_id_2309,has_symptom,symptom
syndrome_id_303,symptom_id_4164,has_symptom,symptom
syndrome_id_303,symptom_id_1343,has_symptom,symptom
syndrome_id_303,symptom_id_270,has_symptom,symptom
syndrome_id_303,symptom_id_268,has_symptom,symptom
syndrome_id_266,symptom_id_742,has_symptom,symptom
syndrome_id_266,symptom_id_882,has_symptom,symptom
syndrome_id_266,symptom_id_37,has_symptom,symptom
syndrome_id_266,symptom_id_2560,has_symptom,symptom
syndrome_id_266,symptom_id_3546,has_symptom,symptom
syndrome_id_266,symptom_id_1395,has_symptom,symptom
syndrome_id_266,symptom_id_3793,has_symptom,symptom
syndrome_id_266,symptom_id_3497,has_symptom,symptom
syndrome_id_266,symptom_id_1408,has_symptom,symptom
syndrome_id_266,symptom_id_1708,has_symptom,symptom
syndrome_id_266,symptom_id_1936,has_symptom,symptom
syndrome_id_266,symptom_id_4248,has_symptom,symptom
syndrome_id_428,symptom_id_2732,has_symptom,symptom
syndrome_id_428,symptom_id_2739,has_symptom,symptom
syndrome_id_428,symptom_id_2714,has_symptom,symptom
syndrome_id_428,symptom_id_2754,has_symptom,symptom
syndrome_id_428,symptom_id_2756,has_symptom,symptom
syndrome_id_428,symptom_id_484,has_symptom,symptom
syndrome_id_428,symptom_id_268,has_symptom,symptom
syndrome_id_428,symptom_id_1343,has_symptom,symptom
syndrome_id_436,symptom_id_3493,has_symptom,symptom
syndrome_id_436,symptom_id_484,has_symptom,symptom
syndrome_id_436,symptom_id_552,has_symptom,symptom
syndrome_id_436,symptom_id_1170,has_symptom,symptom
syndrome_id_436,symptom_id_2802,has_symptom,symptom
syndrome_id_673,symptom_id_2409,has_symptom,symptom
syndrome_id_673,symptom_id_296,has_symptom,symptom
syndrome_id_673,symptom_id_1378,has_symptom,symptom
syndrome_id_673,symptom_id_1795,has_symptom,symptom
syndrome_id_673,symptom_id_3953,has_symptom,symptom
syndrome_id_673,symptom_id_4448,has_symptom,symptom
syndrome_id_673,symptom_id_548,has_symptom,symptom
syndrome_id_673,symptom_id_71,has_symptom,symptom
syndrome_id_673,symptom_id_1324,has_symptom,symptom
syndrome_id_673,symptom_id_270,has_symptom,symptom
syndrome_id_106,symptom_id_2316,has_symptom,symptom
syndrome_id_106,symptom_id_66,has_symptom,symptom
syndrome_id_106,symptom_id_1586,has_symptom,symptom
syndrome_id_106,symptom_id_66,has_symptom,symptom
syndrome_id_106,symptom_id_1152,has_symptom,symptom
syndrome_id_500,symptom_id_742,has_symptom,symptom
syndrome_id_500,symptom_id_1928,has_symptom,symptom
syndrome_id_500,symptom_id_2102,has_symptom,symptom
syndrome_id_500,symptom_id_3953,has_symptom,symptom
syndrome_id_500,symptom_id_1657,has_symptom,symptom
syndrome_id_500,symptom_id_3676,has_symptom,symptom
syndrome_id_500,symptom_id_270,has_symptom,symptom
syndrome_id_500,symptom_id_980,has_symptom,symptom
syndrome_id_500,symptom_id_3785,has_symptom,symptom
syndrome_id_500,symptom_id_1385,has_symptom,symptom
syndrome_id_500,symptom_id_1286,has_symptom,symptom
syndrome_id_500,symptom_id_4448,has_symptom,symptom
syndrome_id_500,symptom_id_1025,has_symptom,symptom
syndrome_id_500,symptom_id_961,has_symptom,symptom
syndrome_id_500,symptom_id_2162,has_symptom,symptom
syndrome_id_500,symptom_id_3859,has_symptom,symptom
syndrome_id_500,symptom_id_4314,has_symptom,symptom
syndrome_id_500,symptom_id_1251,has_symptom,symptom
syndrome_id_500,symptom_id_63,has_symptom,symptom
syndrome_id_530,symptom_id_1586,has_symptom,symptom
syndrome_id_530,symptom_id_3656,has_symptom,symptom
syndrome_id_530,symptom_id_961,has_symptom,symptom
syndrome_id_530,symptom_id_3241,has_symptom,symptom
syndrome_id_530,symptom_id_688,has_symptom,symptom
syndrome_id_530,symptom_id_503,has_symptom,symptom
syndrome_id_530,symptom_id_1286,has_symptom,symptom
syndrome_id_685,symptom_id_2299,has_symptom,symptom
syndrome_id_685,symptom_id_2310,has_symptom,symptom
syndrome_id_685,symptom_id_2215,has_symptom,symptom
syndrome_id_685,symptom_id_555,has_symptom,symptom
syndrome_id_685,symptom_id_2817,has_symptom,symptom
syndrome_id_685,symptom_id_1152,has_symptom,symptom
syndrome_id_685,symptom_id_1408,has_symptom,symptom
syndrome_id_685,symptom_id_1352,has_symptom,symptom
syndrome_id_685,symptom_id_1099,has_symptom,symptom
syndrome_id_323,symptom_id_740,has_symptom,symptom
syndrome_id_323,symptom_id_2560,has_symptom,symptom
syndrome_id_323,symptom_id_3588,has_symptom,symptom
syndrome_id_323,symptom_id_4599,has_symptom,symptom
syndrome_id_323,symptom_id_1710,has_symptom,symptom
syndrome_id_323,symptom_id_688,has_symptom,symptom
syndrome_id_323,symptom_id_3859,has_symptom,symptom
syndrome_id_323,symptom_id_270,has_symptom,symptom
syndrome_id_323,symptom_id_2817,has_symptom,symptom
syndrome_id_323,symptom_id_1586,has_symptom,symptom
syndrome_id_323,symptom_id_3252,has_symptom,symptom
syndrome_id_323,symptom_id_920,has_symptom,symptom
syndrome_id_683,symptom_id_2316,has_symptom,symptom
syndrome_id_683,symptom_id_4245,has_symptom,symptom
syndrome_id_683,symptom_id_527,has_symptom,symptom
syndrome_id_129,symptom_id_480,has_symptom,symptom
syndrome_id_129,symptom_id_145,has_symptom,symptom
syndrome_id_129,symptom_id_2205,has_symptom,symptom
syndrome_id_129,symptom_id_742,has_symptom,symptom
syndrome_id_129,symptom_id_735,has_symptom,symptom
syndrome_id_129,symptom_id_3536,has_symptom,symptom
syndrome_id_129,symptom_id_3045,has_symptom,symptom
syndrome_id_129,symptom_id_1710,has_symptom,symptom
syndrome_id_129,symptom_id_688,has_symptom,symptom
syndrome_id_129,symptom_id_1079,has_symptom,symptom
syndrome_id_316,symptom_id_231,has_symptom,symptom
syndrome_id_316,symptom_id_1707,has_symptom,symptom
syndrome_id_316,symptom_id_145,has_symptom,symptom
syndrome_id_316,symptom_id_1201,has_symptom,symptom
syndrome_id_316,symptom_id_3160,has_symptom,symptom
syndrome_id_316,symptom_id_1507,has_symptom,symptom
syndrome_id_316,symptom_id_2563,has_symptom,symptom
syndrome_id_316,symptom_id_797,has_symptom,symptom
syndrome_id_316,symptom_id_528,has_symptom,symptom
syndrome_id_316,symptom_id_3603,has_symptom,symptom
syndrome_id_316,symptom_id_1936,has_symptom,symptom
syndrome_id_316,symptom_id_3045,has_symptom,symptom
syndrome_id_316,symptom_id_270,has_symptom,symptom
syndrome_id_316,symptom_id_1079,has_symptom,symptom
syndrome_id_295,symptom_id_480,has_symptom,symptom
syndrome_id_295,symptom_id_742,has_symptom,symptom
syndrome_id_295,symptom_id_2563,has_symptom,symptom
syndrome_id_295,symptom_id_2089,has_symptom,symptom
syndrome_id_295,symptom_id_3859,has_symptom,symptom
syndrome_id_295,symptom_id_274,has_symptom,symptom
syndrome_id_130,symptom_id_231,has_symptom,symptom
syndrome_id_130,symptom_id_4245,has_symptom,symptom
syndrome_id_130,symptom_id_1507,has_symptom,symptom
syndrome_id_130,symptom_id_1383,has_symptom,symptom
syndrome_id_130,symptom_id_296,has_symptom,symptom
syndrome_id_130,symptom_id_3595,has_symptom,symptom
syndrome_id_130,symptom_id_3656,has_symptom,symptom
syndrome_id_130,symptom_id_701,has_symptom,symptom
syndrome_id_130,symptom_id_270,has_symptom,symptom
syndrome_id_366,symptom_id_480,has_symptom,symptom
syndrome_id_366,symptom_id_4414,has_symptom,symptom
syndrome_id_366,symptom_id_742,has_symptom,symptom
syndrome_id_366,symptom_id_2608,has_symptom,symptom
syndrome_id_366,symptom_id_2591,has_symptom,symptom
syndrome_id_366,symptom_id_2089,has_symptom,symptom
syndrome_id_366,symptom_id_2455,has_symptom,symptom
syndrome_id_366,symptom_id_527,has_symptom,symptom
syndrome_id_366,symptom_id_580,has_symptom,symptom
syndrome_id_366,symptom_id_1710,has_symptom,symptom
syndrome_id_366,symptom_id_1080,has_symptom,symptom
syndrome_id_366,symptom_id_1343,has_symptom,symptom
syndrome_id_245,symptom_id_1143,has_symptom,symptom
syndrome_id_245,symptom_id_889,has_symptom,symptom
syndrome_id_245,symptom_id_4167,has_symptom,symptom
syndrome_id_245,symptom_id_4124,has_symptom,symptom
syndrome_id_245,symptom_id_1918,has_symptom,symptom
syndrome_id_245,symptom_id_663,has_symptom,symptom
syndrome_id_245,symptom_id_4100,has_symptom,symptom
syndrome_id_245,symptom_id_969,has_symptom,symptom
syndrome_id_37,symptom_id_720,has_symptom,symptom
syndrome_id_37,symptom_id_2951,has_symptom,symptom
syndrome_id_37,symptom_id_2316,has_symptom,symptom
syndrome_id_37,symptom_id_2142,has_symptom,symptom
syndrome_id_37,symptom_id_3239,has_symptom,symptom
syndrome_id_499,symptom_id_2102,has_symptom,symptom
syndrome_id_499,symptom_id_296,has_symptom,symptom
syndrome_id_499,symptom_id_3048,has_symptom,symptom
syndrome_id_499,symptom_id_688,has_symptom,symptom
syndrome_id_499,symptom_id_2529,has_symptom,symptom
syndrome_id_499,symptom_id_270,has_symptom,symptom
syndrome_id_261,symptom_id_145,has_symptom,symptom
syndrome_id_261,symptom_id_2102,has_symptom,symptom
syndrome_id_261,symptom_id_527,has_symptom,symptom
syndrome_id_261,symptom_id_551,has_symptom,symptom
syndrome_id_261,symptom_id_1586,has_symptom,symptom
syndrome_id_261,symptom_id_2151,has_symptom,symptom
syndrome_id_261,symptom_id_3048,has_symptom,symptom
syndrome_id_261,symptom_id_231,has_symptom,symptom
syndrome_id_261,symptom_id_1507,has_symptom,symptom
syndrome_id_261,symptom_id_1383,has_symptom,symptom
syndrome_id_351,symptom_id_480,has_symptom,symptom
syndrome_id_351,symptom_id_2142,has_symptom,symptom
syndrome_id_351,symptom_id_3860,has_symptom,symptom
syndrome_id_351,symptom_id_3845,has_symptom,symptom
syndrome_id_351,symptom_id_274,has_symptom,symptom
syndrome_id_351,symptom_id_269,has_symptom,symptom
syndrome_id_351,symptom_id_270,has_symptom,symptom
syndrome_id_351,symptom_id_4164,has_symptom,symptom
syndrome_id_351,symptom_id_2951,has_symptom,symptom
syndrome_id_351,symptom_id_555,has_symptom,symptom
syndrome_id_351,symptom_id_898,has_symptom,symptom
syndrome_id_351,symptom_id_2316,has_symptom,symptom
syndrome_id_351,symptom_id_3241,has_symptom,symptom
syndrome_id_351,symptom_id_4754,has_symptom,symptom
syndrome_id_334,symptom_id_1272,has_symptom,symptom
syndrome_id_334,symptom_id_3546,has_symptom,symptom
syndrome_id_334,symptom_id_4164,has_symptom,symptom
syndrome_id_334,symptom_id_2142,has_symptom,symptom
syndrome_id_334,symptom_id_580,has_symptom,symptom
syndrome_id_334,symptom_id_688,has_symptom,symptom
syndrome_id_334,symptom_id_3553,has_symptom,symptom
syndrome_id_334,symptom_id_2316,has_symptom,symptom
syndrome_id_615,symptom_id_2865,has_symptom,symptom
syndrome_id_615,symptom_id_2870,has_symptom,symptom
syndrome_id_615,symptom_id_578,has_symptom,symptom
syndrome_id_615,symptom_id_3966,has_symptom,symptom
syndrome_id_615,symptom_id_589,has_symptom,symptom
syndrome_id_615,symptom_id_1365,has_symptom,symptom
syndrome_id_615,symptom_id_1333,has_symptom,symptom
syndrome_id_279,symptom_id_4124,has_symptom,symptom
syndrome_id_279,symptom_id_4418,has_symptom,symptom
syndrome_id_279,symptom_id_1606,has_symptom,symptom
syndrome_id_279,symptom_id_582,has_symptom,symptom
syndrome_id_279,symptom_id_274,has_symptom,symptom
syndrome_id_339,symptom_id_4691,has_symptom,symptom
syndrome_id_339,symptom_id_2309,has_symptom,symptom
syndrome_id_339,symptom_id_4418,has_symptom,symptom
syndrome_id_339,symptom_id_1879,has_symptom,symptom
syndrome_id_339,symptom_id_4502,has_symptom,symptom
syndrome_id_339,symptom_id_86,has_symptom,symptom
syndrome_id_339,symptom_id_4125,has_symptom,symptom
syndrome_id_339,symptom_id_1341,has_symptom,symptom
syndrome_id_339,symptom_id_274,has_symptom,symptom
syndrome_id_339,symptom_id_2957,has_symptom,symptom
syndrome_id_346,symptom_id_4691,has_symptom,symptom
syndrome_id_346,symptom_id_781,has_symptom,symptom
syndrome_id_346,symptom_id_841,has_symptom,symptom
syndrome_id_346,symptom_id_1187,has_symptom,symptom
syndrome_id_346,symptom_id_2393,has_symptom,symptom
syndrome_id_346,symptom_id_964,has_symptom,symptom
syndrome_id_346,symptom_id_2142,has_symptom,symptom
syndrome_id_346,symptom_id_527,has_symptom,symptom
syndrome_id_346,symptom_id_1142,has_symptom,symptom
syndrome_id_346,symptom_id_4673,has_symptom,symptom
syndrome_id_346,symptom_id_3757,has_symptom,symptom
syndrome_id_346,symptom_id_668,has_symptom,symptom
syndrome_id_346,symptom_id_4498,has_symptom,symptom
syndrome_id_346,symptom_id_321,has_symptom,symptom
syndrome_id_536,symptom_id_2296,has_symptom,symptom
syndrome_id_536,symptom_id_1596,has_symptom,symptom
syndrome_id_536,symptom_id_66,has_symptom,symptom
syndrome_id_536,symptom_id_538,has_symptom,symptom
syndrome_id_536,symptom_id_1368,has_symptom,symptom
syndrome_id_536,symptom_id_3487,has_symptom,symptom
syndrome_id_536,symptom_id_268,has_symptom,symptom
syndrome_id_536,symptom_id_582,has_symptom,symptom
syndrome_id_536,symptom_id_3551,has_symptom,symptom
syndrome_id_536,symptom_id_2319,has_symptom,symptom
syndrome_id_536,symptom_id_2186,has_symptom,symptom
syndrome_id_353,symptom_id_231,has_symptom,symptom
syndrome_id_353,symptom_id_1843,has_symptom,symptom
syndrome_id_353,symptom_id_4445,has_symptom,symptom
syndrome_id_353,symptom_id_538,has_symptom,symptom
syndrome_id_353,symptom_id_1586,has_symptom,symptom
syndrome_id_353,symptom_id_2928,has_symptom,symptom
syndrome_id_353,symptom_id_3129,has_symptom,symptom
syndrome_id_152,symptom_id_1707,has_symptom,symptom
syndrome_id_152,symptom_id_480,has_symptom,symptom
syndrome_id_152,symptom_id_1936,has_symptom,symptom
syndrome_id_152,symptom_id_915,has_symptom,symptom
syndrome_id_152,symptom_id_2193,has_symptom,symptom
syndrome_id_152,symptom_id_1187,has_symptom,symptom
syndrome_id_152,symptom_id_4248,has_symptom,symptom
syndrome_id_152,symptom_id_3248,has_symptom,symptom
syndrome_id_152,symptom_id_4751,has_symptom,symptom
syndrome_id_152,symptom_id_796,has_symptom,symptom
syndrome_id_152,symptom_id_742,has_symptom,symptom
syndrome_id_152,symptom_id_2091,has_symptom,symptom
syndrome_id_152,symptom_id_686,has_symptom,symptom
syndrome_id_152,symptom_id_642,has_symptom,symptom
syndrome_id_338,symptom_id_4245,has_symptom,symptom
syndrome_id_338,symptom_id_2317,has_symptom,symptom
syndrome_id_338,symptom_id_3575,has_symptom,symptom
syndrome_id_338,symptom_id_1571,has_symptom,symptom
syndrome_id_338,symptom_id_840,has_symptom,symptom
syndrome_id_338,symptom_id_551,has_symptom,symptom
syndrome_id_47,symptom_id_18,has_symptom,symptom
syndrome_id_47,symptom_id_4291,has_symptom,symptom
syndrome_id_47,symptom_id_3171,has_symptom,symptom
syndrome_id_47,symptom_id_3173,has_symptom,symptom
syndrome_id_47,symptom_id_3845,has_symptom,symptom
syndrome_id_47,symptom_id_480,has_symptom,symptom
syndrome_id_47,symptom_id_551,has_symptom,symptom
syndrome_id_47,symptom_id_1343,has_symptom,symptom
syndrome_id_336,symptom_id_4245,has_symptom,symptom
syndrome_id_336,symptom_id_2309,has_symptom,symptom
syndrome_id_336,symptom_id_961,has_symptom,symptom
syndrome_id_336,symptom_id_2142,has_symptom,symptom
syndrome_id_336,symptom_id_1362,has_symptom,symptom
syndrome_id_336,symptom_id_3845,has_symptom,symptom
syndrome_id_336,symptom_id_4164,has_symptom,symptom
syndrome_id_349,symptom_id_2585,has_symptom,symptom
syndrome_id_349,symptom_id_742,has_symptom,symptom
syndrome_id_349,symptom_id_882,has_symptom,symptom
syndrome_id_349,symptom_id_858,has_symptom,symptom
syndrome_id_349,symptom_id_1572,has_symptom,symptom
syndrome_id_349,symptom_id_3515,has_symptom,symptom
syndrome_id_349,symptom_id_531,has_symptom,symptom
syndrome_id_349,symptom_id_1343,has_symptom,symptom
syndrome_id_349,symptom_id_1113,has_symptom,symptom
syndrome_id_721,symptom_id_2863,has_symptom,symptom
syndrome_id_721,symptom_id_2191,has_symptom,symptom
syndrome_id_721,symptom_id_3494,has_symptom,symptom
syndrome_id_721,symptom_id_4245,has_symptom,symptom
syndrome_id_721,symptom_id_551,has_symptom,symptom
syndrome_id_721,symptom_id_1365,has_symptom,symptom
syndrome_id_721,symptom_id_1118,has_symptom,symptom
syndrome_id_332,symptom_id_480,has_symptom,symptom
syndrome_id_332,symptom_id_2151,has_symptom,symptom
syndrome_id_332,symptom_id_551,has_symptom,symptom
syndrome_id_332,symptom_id_725,has_symptom,symptom
syndrome_id_332,symptom_id_4461,has_symptom,symptom
syndrome_id_332,symptom_id_1596,has_symptom,symptom
syndrome_id_332,symptom_id_1450,has_symptom,symptom
syndrome_id_332,symptom_id_274,has_symptom,symptom
syndrome_id_332,symptom_id_740,has_symptom,symptom
syndrome_id_332,symptom_id_3530,has_symptom,symptom
syndrome_id_332,symptom_id_688,has_symptom,symptom
syndrome_id_332,symptom_id_1169,has_symptom,symptom
syndrome_id_332,symptom_id_1185,has_symptom,symptom
syndrome_id_332,symptom_id_580,has_symptom,symptom
syndrome_id_331,symptom_id_2143,has_symptom,symptom
syndrome_id_331,symptom_id_3024,has_symptom,symptom
syndrome_id_331,symptom_id_3231,has_symptom,symptom
syndrome_id_331,symptom_id_538,has_symptom,symptom
syndrome_id_331,symptom_id_551,has_symptom,symptom
syndrome_id_331,symptom_id_480,has_symptom,symptom
syndrome_id_331,symptom_id_4532,has_symptom,symptom
syndrome_id_331,symptom_id_4445,has_symptom,symptom
syndrome_id_331,symptom_id_1596,has_symptom,symptom
syndrome_id_331,symptom_id_1378,has_symptom,symptom
syndrome_id_331,symptom_id_791,has_symptom,symptom
syndrome_id_331,symptom_id_1507,has_symptom,symptom
syndrome_id_331,symptom_id_2089,has_symptom,symptom
syndrome_id_331,symptom_id_882,has_symptom,symptom
syndrome_id_339,symptom_id_4691,has_symptom,symptom
syndrome_id_339,symptom_id_2951,has_symptom,symptom
syndrome_id_339,symptom_id_969,has_symptom,symptom
syndrome_id_339,symptom_id_2309,has_symptom,symptom
syndrome_id_339,symptom_id_1169,has_symptom,symptom
syndrome_id_339,symptom_id_1187,has_symptom,symptom
syndrome_id_339,symptom_id_2388,has_symptom,symptom
syndrome_id_339,symptom_id_4524,has_symptom,symptom
syndrome_id_339,symptom_id_4125,has_symptom,symptom
syndrome_id_5,symptom_id_3511,has_symptom,symptom
syndrome_id_5,symptom_id_688,has_symptom,symptom
syndrome_id_5,symptom_id_3845,has_symptom,symptom
syndrome_id_5,symptom_id_1708,has_symptom,symptom
syndrome_id_5,symptom_id_3658,has_symptom,symptom
syndrome_id_333,symptom_id_4245,has_symptom,symptom
syndrome_id_333,symptom_id_1596,has_symptom,symptom
syndrome_id_333,symptom_id_1152,has_symptom,symptom
syndrome_id_333,symptom_id_503,has_symptom,symptom
syndrome_id_333,symptom_id_1918,has_symptom,symptom
syndrome_id_333,symptom_id_1743,has_symptom,symptom
syndrome_id_333,symptom_id_4164,has_symptom,symptom
syndrome_id_333,symptom_id_2951,has_symptom,symptom
syndrome_id_333,symptom_id_2395,has_symptom,symptom
syndrome_id_333,symptom_id_3241,has_symptom,symptom
syndrome_id_333,symptom_id_2106,has_symptom,symptom
syndrome_id_333,symptom_id_524,has_symptom,symptom
syndrome_id_153,symptom_id_480,has_symptom,symptom
syndrome_id_153,symptom_id_4248,has_symptom,symptom
syndrome_id_153,symptom_id_4252,has_symptom,symptom
syndrome_id_153,symptom_id_1936,has_symptom,symptom
syndrome_id_153,symptom_id_1196,has_symptom,symptom
syndrome_id_153,symptom_id_3595,has_symptom,symptom
syndrome_id_153,symptom_id_2961,has_symptom,symptom
syndrome_id_153,symptom_id_575,has_symptom,symptom
syndrome_id_153,symptom_id_642,has_symptom,symptom
syndrome_id_153,symptom_id_4599,has_symptom,symptom
syndrome_id_153,symptom_id_371,has_symptom,symptom
syndrome_id_153,symptom_id_503,has_symptom,symptom
syndrome_id_153,symptom_id_1324,has_symptom,symptom
syndrome_id_153,symptom_id_915,has_symptom,symptom
syndrome_id_153,symptom_id_2193,has_symptom,symptom
syndrome_id_153,symptom_id_2191,has_symptom,symptom
syndrome_id_223,symptom_id_1596,has_symptom,symptom
syndrome_id_223,symptom_id_4224,has_symptom,symptom
syndrome_id_223,symptom_id_2214,has_symptom,symptom
syndrome_id_223,symptom_id_1608,has_symptom,symptom
syndrome_id_228,symptom_id_4245,has_symptom,symptom
syndrome_id_228,symptom_id_2151,has_symptom,symptom
syndrome_id_228,symptom_id_551,has_symptom,symptom
syndrome_id_228,symptom_id_1378,has_symptom,symptom
syndrome_id_228,symptom_id_1707,has_symptom,symptom
syndrome_id_228,symptom_id_4445,has_symptom,symptom
syndrome_id_228,symptom_id_4252,has_symptom,symptom
syndrome_id_228,symptom_id_1169,has_symptom,symptom
syndrome_id_228,symptom_id_1187,has_symptom,symptom
syndrome_id_228,symptom_id_882,has_symptom,symptom
syndrome_id_228,symptom_id_725,has_symptom,symptom
syndrome_id_224,symptom_id_1708,has_symptom,symptom
syndrome_id_224,symptom_id_1936,has_symptom,symptom
syndrome_id_224,symptom_id_1202,has_symptom,symptom
syndrome_id_224,symptom_id_1596,has_symptom,symptom
syndrome_id_224,symptom_id_551,has_symptom,symptom
syndrome_id_224,symptom_id_3562,has_symptom,symptom
syndrome_id_224,symptom_id_3845,has_symptom,symptom
syndrome_id_224,symptom_id_270,has_symptom,symptom
syndrome_id_227,symptom_id_4245,has_symptom,symptom
syndrome_id_227,symptom_id_3562,has_symptom,symptom
syndrome_id_227,symptom_id_1185,has_symptom,symptom
syndrome_id_227,symptom_id_1196,has_symptom,symptom
syndrome_id_227,symptom_id_2951,has_symptom,symptom
syndrome_id_227,symptom_id_1596,has_symptom,symptom
syndrome_id_227,symptom_id_551,has_symptom,symptom
syndrome_id_227,symptom_id_2142,has_symptom,symptom
syndrome_id_227,symptom_id_1710,has_symptom,symptom
syndrome_id_227,symptom_id_3129,has_symptom,symptom
syndrome_id_227,symptom_id_755,has_symptom,symptom
syndrome_id_227,symptom_id_1426,has_symptom,symptom
syndrome_id_227,symptom_id_270,has_symptom,symptom
syndrome_id_226,symptom_id_4245,has_symptom,symptom
syndrome_id_226,symptom_id_3562,has_symptom,symptom
syndrome_id_226,symptom_id_270,has_symptom,symptom
syndrome_id_226,symptom_id_1710,has_symptom,symptom
syndrome_id_226,symptom_id_688,has_symptom,symptom
syndrome_id_226,symptom_id_3837,has_symptom,symptom
syndrome_id_226,symptom_id_2972,has_symptom,symptom
syndrome_id_633,symptom_id_480,has_symptom,symptom
syndrome_id_633,symptom_id_1185,has_symptom,symptom
syndrome_id_633,symptom_id_4248,has_symptom,symptom
syndrome_id_633,symptom_id_2142,has_symptom,symptom
syndrome_id_633,symptom_id_551,has_symptom,symptom
syndrome_id_633,symptom_id_1596,has_symptom,symptom
syndrome_id_633,symptom_id_1710,has_symptom,symptom
syndrome_id_633,symptom_id_3562,has_symptom,symptom
syndrome_id_633,symptom_id_3236,has_symptom,symptom
syndrome_id_642,symptom_id_480,has_symptom,symptom
syndrome_id_642,symptom_id_1936,has_symptom,symptom
syndrome_id_642,symptom_id_538,has_symptom,symptom
syndrome_id_642,symptom_id_294,has_symptom,symptom
syndrome_id_642,symptom_id_2961,has_symptom,symptom
syndrome_id_642,symptom_id_2316,has_symptom,symptom
syndrome_id_642,symptom_id_3687,has_symptom,symptom
syndrome_id_642,symptom_id_4599,has_symptom,symptom
syndrome_id_642,symptom_id_742,has_symptom,symptom
syndrome_id_642,symptom_id_2563,has_symptom,symptom
syndrome_id_642,symptom_id_2215,has_symptom,symptom
syndrome_id_225,symptom_id_4245,has_symptom,symptom
syndrome_id_225,symptom_id_2309,has_symptom,symptom
syndrome_id_225,symptom_id_3671,has_symptom,symptom
syndrome_id_225,symptom_id_4228,has_symptom,symptom
syndrome_id_225,symptom_id_1710,has_symptom,symptom
syndrome_id_225,symptom_id_688,has_symptom,symptom
syndrome_id_225,symptom_id_4599,has_symptom,symptom
syndrome_id_225,symptom_id_1559,has_symptom,symptom
syndrome_id_225,symptom_id_1426,has_symptom,symptom
syndrome_id_225,symptom_id_270,has_symptom,symptom
syndrome_id_225,symptom_id_274,has_symptom,symptom
syndrome_id_264,symptom_id_1562,has_symptom,symptom
syndrome_id_264,symptom_id_3817,has_symptom,symptom
syndrome_id_264,symptom_id_18,has_symptom,symptom
syndrome_id_264,symptom_id_3442,has_symptom,symptom
syndrome_id_264,symptom_id_688,has_symptom,symptom
syndrome_id_264,symptom_id_3366,has_symptom,symptom
syndrome_id_264,symptom_id_37,has_symptom,symptom
syndrome_id_264,symptom_id_1286,has_symptom,symptom
syndrome_id_726,symptom_id_3679,has_symptom,symptom
syndrome_id_726,symptom_id_688,has_symptom,symptom
syndrome_id_726,symptom_id_270,has_symptom,symptom
syndrome_id_726,symptom_id_453,has_symptom,symptom
syndrome_id_726,symptom_id_930,has_symptom,symptom
syndrome_id_726,symptom_id_1710,has_symptom,symptom
syndrome_id_726,symptom_id_3436,has_symptom,symptom
syndrome_id_726,symptom_id_3447,has_symptom,symptom
syndrome_id_125,symptom_id_993,has_symptom,symptom
syndrome_id_125,symptom_id_984,has_symptom,symptom
syndrome_id_125,symptom_id_959,has_symptom,symptom
syndrome_id_125,symptom_id_1708,has_symptom,symptom
syndrome_id_151,symptom_id_3045,has_symptom,symptom
syndrome_id_151,symptom_id_453,has_symptom,symptom
syndrome_id_151,symptom_id_3677,has_symptom,symptom
syndrome_id_151,symptom_id_2001,has_symptom,symptom
syndrome_id_151,symptom_id_688,has_symptom,symptom
syndrome_id_151,symptom_id_3845,has_symptom,symptom
syndrome_id_151,symptom_id_3859,has_symptom,symptom
syndrome_id_151,symptom_id_2162,has_symptom,symptom
syndrome_id_151,symptom_id_3014,has_symptom,symptom
syndrome_id_151,symptom_id_1272,has_symptom,symptom
syndrome_id_151,symptom_id_4422,has_symptom,symptom
syndrome_id_151,symptom_id_551,has_symptom,symptom
syndrome_id_151,symptom_id_1297,has_symptom,symptom
syndrome_id_364,symptom_id_1507,has_symptom,symptom
syndrome_id_364,symptom_id_1938,has_symptom,symptom
syndrome_id_364,symptom_id_4766,has_symptom,symptom
syndrome_id_364,symptom_id_3530,has_symptom,symptom
syndrome_id_364,symptom_id_2591,has_symptom,symptom
syndrome_id_364,symptom_id_1708,has_symptom,symptom
syndrome_id_364,symptom_id_1187,has_symptom,symptom
syndrome_id_364,symptom_id_4243,has_symptom,symptom
syndrome_id_6,symptom_id_480,has_symptom,symptom
syndrome_id_6,symptom_id_551,has_symptom,symptom
syndrome_id_6,symptom_id_1507,has_symptom,symptom
syndrome_id_6,symptom_id_1383,has_symptom,symptom
syndrome_id_6,symptom_id_775,has_symptom,symptom
syndrome_id_6,symptom_id_783,has_symptom,symptom
syndrome_id_6,symptom_id_1733,has_symptom,symptom
syndrome_id_6,symptom_id_1185,has_symptom,symptom
syndrome_id_6,symptom_id_1380,has_symptom,symptom
syndrome_id_6,symptom_id_532,has_symptom,symptom
syndrome_id_6,symptom_id_3134,has_symptom,symptom
syndrome_id_6,symptom_id_2383,has_symptom,symptom
syndrome_id_6,symptom_id_2720,has_symptom,symptom
syndrome_id_363,symptom_id_2563,has_symptom,symptom
syndrome_id_363,symptom_id_589,has_symptom,symptom
syndrome_id_363,symptom_id_742,has_symptom,symptom
syndrome_id_363,symptom_id_2089,has_symptom,symptom
syndrome_id_363,symptom_id_769,has_symptom,symptom
syndrome_id_363,symptom_id_553,has_symptom,symptom
syndrome_id_363,symptom_id_1408,has_symptom,symptom
syndrome_id_363,symptom_id_268,has_symptom,symptom
syndrome_id_363,symptom_id_2720,has_symptom,symptom
syndrome_id_110,symptom_id_3838,has_symptom,symptom
syndrome_id_110,symptom_id_4599,has_symptom,symptom
syndrome_id_110,symptom_id_688,has_symptom,symptom
syndrome_id_110,symptom_id_18,has_symptom,symptom
syndrome_id_110,symptom_id_4448,has_symptom,symptom
syndrome_id_110,symptom_id_961,has_symptom,symptom
syndrome_id_110,symptom_id_3845,has_symptom,symptom
syndrome_id_110,symptom_id_270,has_symptom,symptom
syndrome_id_178,symptom_id_280,has_symptom,symptom
syndrome_id_178,symptom_id_3845,has_symptom,symptom
syndrome_id_178,symptom_id_4291,has_symptom,symptom
syndrome_id_178,symptom_id_548,has_symptom,symptom
syndrome_id_178,symptom_id_71,has_symptom,symptom
syndrome_id_178,symptom_id_1286,has_symptom,symptom
syndrome_id_178,symptom_id_1709,has_symptom,symptom
syndrome_id_172,symptom_id_480,has_symptom,symptom
syndrome_id_172,symptom_id_1707,has_symptom,symptom
syndrome_id_172,symptom_id_3239,has_symptom,symptom
syndrome_id_172,symptom_id_1936,has_symptom,symptom
syndrome_id_172,symptom_id_1187,has_symptom,symptom
syndrome_id_172,symptom_id_1378,has_symptom,symptom
syndrome_id_172,symptom_id_1795,has_symptom,symptom
syndrome_id_172,symptom_id_2961,has_symptom,symptom
syndrome_id_172,symptom_id_4433,has_symptom,symptom
syndrome_id_183,symptom_id_19,has_symptom,symptom
syndrome_id_183,symptom_id_961,has_symptom,symptom
syndrome_id_183,symptom_id_1506,has_symptom,symptom
syndrome_id_183,symptom_id_4445,has_symptom,symptom
syndrome_id_183,symptom_id_588,has_symptom,symptom
syndrome_id_183,symptom_id_556,has_symptom,symptom
syndrome_id_173,symptom_id_274,has_symptom,symptom
syndrome_id_173,symptom_id_3860,has_symptom,symptom
syndrome_id_173,symptom_id_18,has_symptom,symptom
syndrome_id_173,symptom_id_555,has_symptom,symptom
syndrome_id_173,symptom_id_3631,has_symptom,symptom
syndrome_id_173,symptom_id_1560,has_symptom,symptom
syndrome_id_175,symptom_id_797,has_symptom,symptom
syndrome_id_175,symptom_id_1707,has_symptom,symptom
syndrome_id_175,symptom_id_658,has_symptom,symptom
syndrome_id_175,symptom_id_2119,has_symptom,symptom
syndrome_id_175,symptom_id_1710,has_symptom,symptom
syndrome_id_175,symptom_id_1027,has_symptom,symptom
syndrome_id_175,symptom_id_800,has_symptom,symptom
syndrome_id_723,symptom_id_3125,has_symptom,symptom
syndrome_id_723,symptom_id_3122,has_symptom,symptom
syndrome_id_723,symptom_id_3133,has_symptom,symptom
syndrome_id_723,symptom_id_3129,has_symptom,symptom
syndrome_id_723,symptom_id_484,has_symptom,symptom
syndrome_id_723,symptom_id_4751,has_symptom,symptom
syndrome_id_723,symptom_id_2193,has_symptom,symptom
syndrome_id_723,symptom_id_797,has_symptom,symptom
syndrome_id_723,symptom_id_1187,has_symptom,symptom
syndrome_id_177,symptom_id_810,has_symptom,symptom
syndrome_id_177,symptom_id_1031,has_symptom,symptom
syndrome_id_177,symptom_id_783,has_symptom,symptom
syndrome_id_177,symptom_id_1596,has_symptom,symptom
syndrome_id_177,symptom_id_1343,has_symptom,symptom
syndrome_id_182,symptom_id_2965,has_symptom,symptom
syndrome_id_182,symptom_id_1001,has_symptom,symptom
syndrome_id_182,symptom_id_20,has_symptom,symptom
syndrome_id_182,symptom_id_653,has_symptom,symptom
syndrome_id_182,symptom_id_2142,has_symptom,symptom
syndrome_id_182,symptom_id_3845,has_symptom,symptom
syndrome_id_182,symptom_id_1324,has_symptom,symptom
syndrome_id_182,symptom_id_905,has_symptom,symptom
syndrome_id_180,symptom_id_2965,has_symptom,symptom
syndrome_id_180,symptom_id_1193,has_symptom,symptom
syndrome_id_180,symptom_id_1586,has_symptom,symptom
syndrome_id_180,symptom_id_2102,has_symptom,symptom
syndrome_id_180,symptom_id_2207,has_symptom,symptom
syndrome_id_180,symptom_id_18,has_symptom,symptom
syndrome_id_180,symptom_id_2409,has_symptom,symptom
syndrome_id_180,symptom_id_3838,has_symptom,symptom
syndrome_id_180,symptom_id_707,has_symptom,symptom
syndrome_id_180,symptom_id_742,has_symptom,symptom
syndrome_id_180,symptom_id_1286,has_symptom,symptom
syndrome_id_186,symptom_id_1596,has_symptom,symptom
syndrome_id_186,symptom_id_555,has_symptom,symptom
syndrome_id_186,symptom_id_1843,has_symptom,symptom
syndrome_id_185,symptom_id_742,has_symptom,symptom
syndrome_id_185,symptom_id_688,has_symptom,symptom
syndrome_id_185,symptom_id_551,has_symptom,symptom
syndrome_id_185,symptom_id_1286,has_symptom,symptom
syndrome_id_185,symptom_id_480,has_symptom,symptom
syndrome_id_185,symptom_id_1596,has_symptom,symptom
syndrome_id_185,symptom_id_1152,has_symptom,symptom
syndrome_id_185,symptom_id_18,has_symptom,symptom
syndrome_id_49,symptom_id_688,has_symptom,symptom
syndrome_id_49,symptom_id_18,has_symptom,symptom
syndrome_id_49,symptom_id_3582,has_symptom,symptom
syndrome_id_49,symptom_id_2530,has_symptom,symptom
syndrome_id_161,symptom_id_1272,has_symptom,symptom
syndrome_id_161,symptom_id_3553,has_symptom,symptom
syndrome_id_161,symptom_id_694,has_symptom,symptom
syndrome_id_161,symptom_id_3437,has_symptom,symptom
syndrome_id_161,symptom_id_3443,has_symptom,symptom
syndrome_id_161,symptom_id_1596,has_symptom,symptom
syndrome_id_161,symptom_id_274,has_symptom,symptom
syndrome_id_161,symptom_id_480,has_symptom,symptom
syndrome_id_161,symptom_id_580,has_symptom,symptom
syndrome_id_161,symptom_id_783,has_symptom,symptom
syndrome_id_161,symptom_id_2788,has_symptom,symptom
syndrome_id_161,symptom_id_4733,has_symptom,symptom
syndrome_id_161,symptom_id_2297,has_symptom,symptom
syndrome_id_160,symptom_id_480,has_symptom,symptom
syndrome_id_160,symptom_id_1537,has_symptom,symptom
syndrome_id_160,symptom_id_3247,has_symptom,symptom
syndrome_id_160,symptom_id_1710,has_symptom,symptom
syndrome_id_160,symptom_id_90,has_symptom,symptom
syndrome_id_160,symptom_id_1568,has_symptom,symptom
syndrome_id_160,symptom_id_1213,has_symptom,symptom
syndrome_id_160,symptom_id_1272,has_symptom,symptom
syndrome_id_160,symptom_id_4599,has_symptom,symptom
syndrome_id_160,symptom_id_580,has_symptom,symptom
syndrome_id_160,symptom_id_783,has_symptom,symptom
syndrome_id_160,symptom_id_2788,has_symptom,symptom
syndrome_id_159,symptom_id_3527,has_symptom,symptom
syndrome_id_159,symptom_id_2316,has_symptom,symptom
syndrome_id_159,symptom_id_66,has_symptom,symptom
syndrome_id_159,symptom_id_1286,has_symptom,symptom
syndrome_id_159,symptom_id_4252,has_symptom,symptom
syndrome_id_159,symptom_id_1152,has_symptom,symptom
syndrome_id_159,symptom_id_1965,has_symptom,symptom
syndrome_id_159,symptom_id_3133,has_symptom,symptom
syndrome_id_159,symptom_id_1586,has_symptom,symptom
syndrome_id_162,symptom_id_1272,has_symptom,symptom
syndrome_id_162,symptom_id_3553,has_symptom,symptom
syndrome_id_162,symptom_id_4599,has_symptom,symptom
syndrome_id_162,symptom_id_1596,has_symptom,symptom
syndrome_id_162,symptom_id_688,has_symptom,symptom
syndrome_id_162,symptom_id_580,has_symptom,symptom
syndrome_id_162,symptom_id_783,has_symptom,symptom
syndrome_id_162,symptom_id_2788,has_symptom,symptom
syndrome_id_162,symptom_id_551,has_symptom,symptom
syndrome_id_162,symptom_id_3845,has_symptom,symptom
syndrome_id_162,symptom_id_3367,has_symptom,symptom
syndrome_id_162,symptom_id_1549,has_symptom,symptom
syndrome_id_162,symptom_id_1286,has_symptom,symptom
syndrome_id_162,symptom_id_4245,has_symptom,symptom
syndrome_id_700,symptom_id_780,has_symptom,symptom
syndrome_id_700,symptom_id_796,has_symptom,symptom
syndrome_id_700,symptom_id_1021,has_symptom,symptom
syndrome_id_700,symptom_id_482,has_symptom,symptom
syndrome_id_700,symptom_id_742,has_symptom,symptom
syndrome_id_700,symptom_id_2560,has_symptom,symptom
syndrome_id_700,symptom_id_1936,has_symptom,symptom
syndrome_id_700,symptom_id_4248,has_symptom,symptom
syndrome_id_700,symptom_id_1187,has_symptom,symptom
syndrome_id_165,symptom_id_1272,has_symptom,symptom
syndrome_id_165,symptom_id_3545,has_symptom,symptom
syndrome_id_165,symptom_id_1596,has_symptom,symptom
syndrome_id_165,symptom_id_551,has_symptom,symptom
syndrome_id_165,symptom_id_62,has_symptom,symptom
syndrome_id_165,symptom_id_1286,has_symptom,symptom
syndrome_id_165,symptom_id_2142,has_symptom,symptom
syndrome_id_165,symptom_id_3859,has_symptom,symptom
syndrome_id_165,symptom_id_3045,has_symptom,symptom
syndrome_id_165,symptom_id_270,has_symptom,symptom
syndrome_id_165,symptom_id_3372,has_symptom,symptom
syndrome_id_158,symptom_id_3553,has_symptom,symptom
syndrome_id_158,symptom_id_688,has_symptom,symptom
syndrome_id_158,symptom_id_2297,has_symptom,symptom
syndrome_id_158,symptom_id_19,has_symptom,symptom
syndrome_id_158,symptom_id_580,has_symptom,symptom
syndrome_id_158,symptom_id_783,has_symptom,symptom
syndrome_id_158,symptom_id_2788,has_symptom,symptom
syndrome_id_158,symptom_id_274,has_symptom,symptom
syndrome_id_97,symptom_id_1389,has_symptom,symptom
syndrome_id_97,symptom_id_2945,has_symptom,symptom
syndrome_id_97,symptom_id_3845,has_symptom,symptom
syndrome_id_97,symptom_id_1390,has_symptom,symptom
syndrome_id_90,symptom_id_1586,has_symptom,symptom
syndrome_id_90,symptom_id_2102,has_symptom,symptom
syndrome_id_90,symptom_id_4015,has_symptom,symptom
syndrome_id_90,symptom_id_1152,has_symptom,symptom
syndrome_id_90,symptom_id_1378,has_symptom,symptom
syndrome_id_90,symptom_id_2964,has_symptom,symptom
syndrome_id_90,symptom_id_4436,has_symptom,symptom
syndrome_id_90,symptom_id_790,has_symptom,symptom
syndrome_id_90,symptom_id_1099,has_symptom,symptom
syndrome_id_124,symptom_id_1567,has_symptom,symptom
syndrome_id_124,symptom_id_503,has_symptom,symptom
syndrome_id_124,symptom_id_274,has_symptom,symptom
syndrome_id_124,symptom_id_717,has_symptom,symptom
syndrome_id_124,symptom_id_742,has_symptom,symptom
syndrome_id_124,symptom_id_887,has_symptom,symptom
syndrome_id_102,symptom_id_480,has_symptom,symptom
syndrome_id_102,symptom_id_2142,has_symptom,symptom
syndrome_id_102,symptom_id_1731,has_symptom,symptom
syndrome_id_102,symptom_id_1187,has_symptom,symptom
syndrome_id_102,symptom_id_4779,has_symptom,symptom
syndrome_id_102,symptom_id_1506,has_symptom,symptom
syndrome_id_91,symptom_id_482,has_symptom,symptom
syndrome_id_91,symptom_id_1596,has_symptom,symptom
syndrome_id_91,symptom_id_551,has_symptom,symptom
syndrome_id_91,symptom_id_1187,has_symptom,symptom
syndrome_id_91,symptom_id_1936,has_symptom,symptom
syndrome_id_94,symptom_id_4016,has_symptom,symptom
syndrome_id_94,symptom_id_1627,has_symptom,symptom
syndrome_id_94,symptom_id_3514,has_symptom,symptom
syndrome_id_94,symptom_id_1573,has_symptom,symptom
syndrome_id_94,symptom_id_4599,has_symptom,symptom
syndrome_id_94,symptom_id_4245,has_symptom,symptom
syndrome_id_94,symptom_id_1848,has_symptom,symptom
syndrome_id_94,symptom_id_2142,has_symptom,symptom
syndrome_id_93,symptom_id_1624,has_symptom,symptom
syndrome_id_93,symptom_id_4245,has_symptom,symptom
syndrome_id_93,symptom_id_270,has_symptom,symptom
syndrome_id_93,symptom_id_4586,has_symptom,symptom
syndrome_id_93,symptom_id_3836,has_symptom,symptom
syndrome_id_93,symptom_id_3845,has_symptom,symptom
syndrome_id_93,symptom_id_3224,has_symptom,symptom
syndrome_id_93,symptom_id_18,has_symptom,symptom
syndrome_id_95,symptom_id_480,has_symptom,symptom
syndrome_id_95,symptom_id_551,has_symptom,symptom
syndrome_id_95,symptom_id_19,has_symptom,symptom
syndrome_id_95,symptom_id_3171,has_symptom,symptom
syndrome_id_95,symptom_id_894,has_symptom,symptom
syndrome_id_95,symptom_id_1343,has_symptom,symptom
syndrome_id_95,symptom_id_1796,has_symptom,symptom
syndrome_id_698,symptom_id_742,has_symptom,symptom
syndrome_id_698,symptom_id_735,has_symptom,symptom
syndrome_id_698,symptom_id_4751,has_symptom,symptom
syndrome_id_698,symptom_id_2193,has_symptom,symptom
syndrome_id_698,symptom_id_4252,has_symptom,symptom
syndrome_id_698,symptom_id_915,has_symptom,symptom
syndrome_id_698,symptom_id_1187,has_symptom,symptom
syndrome_id_698,symptom_id_1708,has_symptom,symptom
syndrome_id_698,symptom_id_1936,has_symptom,symptom
syndrome_id_698,symptom_id_712,has_symptom,symptom
syndrome_id_348,symptom_id_1561,has_symptom,symptom
syndrome_id_348,symptom_id_2309,has_symptom,symptom
syndrome_id_348,symptom_id_1596,has_symptom,symptom
syndrome_id_348,symptom_id_663,has_symptom,symptom
syndrome_id_348,symptom_id_4100,has_symptom,symptom
syndrome_id_348,symptom_id_577,has_symptom,symptom
syndrome_id_348,symptom_id_4733,has_symptom,symptom
syndrome_id_348,symptom_id_1365,has_symptom,symptom
syndrome_id_348,symptom_id_274,has_symptom,symptom
syndrome_id_101,symptom_id_2142,has_symptom,symptom
syndrome_id_101,symptom_id_1731,has_symptom,symptom
syndrome_id_101,symptom_id_475,has_symptom,symptom
syndrome_id_101,symptom_id_480,has_symptom,symptom
syndrome_id_101,symptom_id_1187,has_symptom,symptom
syndrome_id_101,symptom_id_742,has_symptom,symptom
syndrome_id_100,symptom_id_1731,has_symptom,symptom
syndrome_id_100,symptom_id_2142,has_symptom,symptom
syndrome_id_100,symptom_id_4500,has_symptom,symptom
syndrome_id_100,symptom_id_480,has_symptom,symptom
syndrome_id_100,symptom_id_4240,has_symptom,symptom
syndrome_id_98,symptom_id_1731,has_symptom,symptom
syndrome_id_98,symptom_id_1936,has_symptom,symptom
syndrome_id_98,symptom_id_4503,has_symptom,symptom
syndrome_id_98,symptom_id_480,has_symptom,symptom
syndrome_id_98,symptom_id_1187,has_symptom,symptom
syndrome_id_89,symptom_id_18,has_symptom,symptom
syndrome_id_89,symptom_id_3171,has_symptom,symptom
syndrome_id_89,symptom_id_4291,has_symptom,symptom
syndrome_id_89,symptom_id_3845,has_symptom,symptom
syndrome_id_89,symptom_id_3688,has_symptom,symptom
syndrome_id_89,symptom_id_480,has_symptom,symptom
syndrome_id_89,symptom_id_580,has_symptom,symptom
syndrome_id_89,symptom_id_551,has_symptom,symptom
syndrome_id_89,symptom_id_1365,has_symptom,symptom
syndrome_id_104,symptom_id_482,has_symptom,symptom
syndrome_id_104,symptom_id_18,has_symptom,symptom
syndrome_id_104,symptom_id_1936,has_symptom,symptom
syndrome_id_104,symptom_id_1213,has_symptom,symptom
syndrome_id_104,symptom_id_3845,has_symptom,symptom
syndrome_id_104,symptom_id_3595,has_symptom,symptom
syndrome_id_104,symptom_id_3045,has_symptom,symptom
syndrome_id_88,symptom_id_3834,has_symptom,symptom
syndrome_id_88,symptom_id_3171,has_symptom,symptom
syndrome_id_88,symptom_id_4291,has_symptom,symptom
syndrome_id_88,symptom_id_688,has_symptom,symptom
syndrome_id_88,symptom_id_686,has_symptom,symptom
syndrome_id_88,symptom_id_3667,has_symptom,symptom
syndrome_id_88,symptom_id_580,has_symptom,symptom
syndrome_id_88,symptom_id_551,has_symptom,symptom
syndrome_id_88,symptom_id_3845,has_symptom,symptom
syndrome_id_88,symptom_id_480,has_symptom,symptom
syndrome_id_83,symptom_id_1586,has_symptom,symptom
syndrome_id_83,symptom_id_1596,has_symptom,symptom
syndrome_id_83,symptom_id_3845,has_symptom,symptom
syndrome_id_83,symptom_id_1378,has_symptom,symptom
syndrome_id_83,symptom_id_3024,has_symptom,symptom
syndrome_id_83,symptom_id_1849,has_symptom,symptom
syndrome_id_83,symptom_id_787,has_symptom,symptom
syndrome_id_83,symptom_id_1003,has_symptom,symptom
syndrome_id_83,symptom_id_2070,has_symptom,symptom
syndrome_id_83,symptom_id_4776,has_symptom,symptom
syndrome_id_83,symptom_id_4428,has_symptom,symptom
syndrome_id_108,symptom_id_329,has_symptom,symptom
syndrome_id_108,symptom_id_1596,has_symptom,symptom
syndrome_id_108,symptom_id_1707,has_symptom,symptom
syndrome_id_108,symptom_id_3766,has_symptom,symptom
syndrome_id_108,symptom_id_1116,has_symptom,symptom
syndrome_id_108,symptom_id_1345,has_symptom,symptom
syndrome_id_109,symptom_id_4674,has_symptom,symptom
syndrome_id_109,symptom_id_2142,has_symptom,symptom
syndrome_id_109,symptom_id_1731,has_symptom,symptom
syndrome_id_109,symptom_id_2918,has_symptom,symptom
syndrome_id_109,symptom_id_1286,has_symptom,symptom
syndrome_id_109,symptom_id_4249,has_symptom,symptom
