ID,symptom_name,Label
symptom_id_1,三叉神经痛,symptom
symptom_id_2,三联征,symptom
symptom_id_3,上下肢冷,symptom
symptom_id_4,上呼吸道感染,symptom
symptom_id_5,上火,symptom
symptom_id_6,上热下寒,symptom
symptom_id_7,上盛下虚,symptom
symptom_id_8,上肢关节疼痛,symptom
symptom_id_9,上肢冰冷,symptom
symptom_id_10,上肢冰凉,symptom
symptom_id_11,上肢拘挛,symptom
symptom_id_12,上肢青肿,symptom
symptom_id_13,上肢麻木,symptom
symptom_id_14,上脘,symptom
symptom_id_15,上腹剧痛,symptom
symptom_id_16,上腹灼烧感,symptom
symptom_id_17,上腹痛,symptom
symptom_id_18,下利,symptom
symptom_id_19,下利不止,symptom
symptom_id_20,下利清谷,symptom
symptom_id_21,下唇疮疤,symptom
symptom_id_22,下坠感,symptom
symptom_id_23,下焦虚寒,symptom
symptom_id_24,下痢,symptom
symptom_id_25,下痢脓血,symptom
symptom_id_26,下痢黏冻,symptom
symptom_id_27,下肢不利,symptom
symptom_id_28,下肢乏力,symptom
symptom_id_29,下肢关节痛,symptom
symptom_id_30,下肢冰冷,symptom
symptom_id_31,下肢冰凉,symptom
symptom_id_32,下肢冷,symptom
symptom_id_33,下肢剧痛,symptom
symptom_id_34,下肢发凉,symptom
symptom_id_35,下肢无力,symptom
symptom_id_36,下肢水肿,symptom
symptom_id_37,下肢浮肿,symptom
symptom_id_38,下肢疼痛,symptom
symptom_id_39,下肢痛,symptom
symptom_id_40,下肢痿弱,symptom
symptom_id_41,下肢瘀斑,symptom
symptom_id_42,下肢紫癜,symptom
symptom_id_43,下肢继发脉管炎,symptom
symptom_id_44,下肢肿,symptom
symptom_id_45,下肢肿胀,symptom
symptom_id_46,下肢骨折,symptom
symptom_id_47,下肢麻痹,symptom
symptom_id_48,下腹冷痛,symptom
symptom_id_49,下腹压痛,symptom
symptom_id_50,下腹反跳痛,symptom
symptom_id_51,下腹坚硬,symptom
symptom_id_52,下腹条索状,symptom
symptom_id_53,下腹水肿,symptom
symptom_id_54,下腹灼热,symptom
symptom_id_55,下腹痛,symptom
symptom_id_56,下腹胀,symptom
symptom_id_57,下腹胀痛,symptom
symptom_id_58,下腹隆起,symptom
symptom_id_59,下蛔,symptom
symptom_id_60,下黑色瘀块甚多,symptom
symptom_id_61,不出汗,symptom
symptom_id_62,不呕,symptom
symptom_id_63,不孕,symptom
symptom_id_64,不孕不育,symptom
symptom_id_65,不孕症,symptom
symptom_id_66,不安,symptom
symptom_id_67,不思饮食,symptom
symptom_id_68,不愿说话,symptom
symptom_id_69,不欲咽,symptom
symptom_id_70,不欲饮,symptom
symptom_id_71,不渴,symptom
symptom_id_72,不烦渴,symptom
symptom_id_73,不眠,symptom
symptom_id_74,不育,symptom
symptom_id_75,不能下咽,symptom
symptom_id_76,不能平卧,symptom
symptom_id_77,不能自视其足,symptom
symptom_id_78,不能转颈,symptom
symptom_id_79,不言,symptom
symptom_id_80,不语,symptom
symptom_id_81,不说话,symptom
symptom_id_82,不进饮食,symptom
symptom_id_83,丘疹,symptom
symptom_id_84,丝虫病,symptom
symptom_id_85,两目上窜,symptom
symptom_id_86,两目上视,symptom
symptom_id_87,两目微黄,symptom
symptom_id_88,两目直视,symptom
symptom_id_89,两肺底湿啰音,symptom
symptom_id_90,两胁胀满,symptom
symptom_id_91,两胁胀痛,symptom
symptom_id_92,两胁隐痛,symptom
symptom_id_93,两足略可屈伸,symptom
symptom_id_94,两颊发红,symptom
symptom_id_95,两颊唇红,symptom
symptom_id_96,两颧潮红,symptom
symptom_id_97,中寒气滞,symptom
symptom_id_98,中度黄疸,symptom
symptom_id_99,中心性浆液性脉络膜视网膜病变,symptom
symptom_id_100,中心黄,symptom
symptom_id_101,中恶昏迷,symptom
symptom_id_102,中暑,symptom
symptom_id_103,中毒性肠炎,symptom
symptom_id_104,中毒性肺炎,symptom
symptom_id_105,中气不足,symptom
symptom_id_106,中脘不舒,symptom
symptom_id_107,中脘不通,symptom
symptom_id_108,中脘坚硬,symptom
symptom_id_109,中脘板硬,symptom
symptom_id_110,中脘气冲,symptom
symptom_id_111,中脘略舒,symptom
symptom_id_112,中脘疼,symptom
symptom_id_113,中部光红,symptom
symptom_id_114,中风,symptom
symptom_id_115,中风偏瘫,symptom
symptom_id_116,中风口㖞,symptom
symptom_id_117,中风口噤,symptom
symptom_id_118,中风失音,symptom
symptom_id_119,中风痰厥,symptom
symptom_id_120,中风痰壅,symptom
symptom_id_121,中风痰迷,symptom
symptom_id_122,中风瘫痪,symptom
symptom_id_123,丹毒,symptom
symptom_id_124,丹痧,symptom
symptom_id_125,主动脉瓣杂音,symptom
symptom_id_126,主诉经量少,symptom
symptom_id_127,久咳,symptom
symptom_id_128,久咳气喘,symptom
symptom_id_129,久嗽不止,symptom
symptom_id_130,久嗽虚喘,symptom
symptom_id_131,久泻,symptom
symptom_id_132,久泻不止,symptom
symptom_id_133,久泻久痢,symptom
symptom_id_134,久泻脱肛,symptom
symptom_id_135,久溃不敛,symptom
symptom_id_136,久疟,symptom
symptom_id_137,久疟疟母,symptom
symptom_id_138,久病虚羸,symptom
symptom_id_139,久痢,symptom
symptom_id_140,久痢久泻,symptom
symptom_id_141,久虚不复,symptom
symptom_id_142,久蹲起立,symptom
symptom_id_143,乌头毒,symptom
symptom_id_144,乌头类药毒,symptom
symptom_id_145,乏力,symptom
symptom_id_146,乙型脑炎,symptom
symptom_id_147,乙状结肠,symptom
symptom_id_148,乙肝表面抗原阳性,symptom
symptom_id_149,乙脑,symptom
symptom_id_150,习惯性便秘,symptom
symptom_id_151,习惯性流产,symptom
symptom_id_152,乳少,symptom
symptom_id_153,乳房下坠感,symptom
symptom_id_154,乳房疼痛,symptom
symptom_id_155,乳房痛,symptom
symptom_id_156,乳房红肿,symptom
symptom_id_157,乳房肿块,symptom
symptom_id_158,乳房肿痛,symptom
symptom_id_159,乳房胀,symptom
symptom_id_160,乳房胀痛,symptom
symptom_id_161,乳汁不下,symptom
symptom_id_162,乳汁不畅,symptom
symptom_id_163,乳汁不行,symptom
symptom_id_164,乳汁不通,symptom
symptom_id_165,乳汁未下,symptom
symptom_id_166,乳汁郁积,symptom
symptom_id_167,乳痈,symptom
symptom_id_168,乳痈肿痛,symptom
symptom_id_169,乳癖,symptom
symptom_id_170,乳突压痛,symptom
symptom_id_171,乳糜,symptom
symptom_id_172,乳糜尿,symptom
symptom_id_173,乳腺炎,symptom
symptom_id_174,乳蛾,symptom
symptom_id_175,乳闭乳痈,symptom
symptom_id_176,乳食停滞,symptom
symptom_id_177,二便不利,symptom
symptom_id_178,二便不自知,symptom
symptom_id_179,二便不通,symptom
symptom_id_180,二便如注,symptom
symptom_id_181,二便正常,symptom
symptom_id_182,二便通畅,symptom
symptom_id_183,二尖瓣关闭不全,symptom
symptom_id_184,二目上视,symptom
symptom_id_185,二目塌陷,symptom
symptom_id_186,五心烦热,symptom
symptom_id_187,五更泻,symptom
symptom_id_188,亚健康,symptom
symptom_id_189,亚急性后壁心肌梗塞,symptom
symptom_id_190,亡阳虚脱,symptom
symptom_id_191,交感暑邪,symptom
symptom_id_192,产后,symptom
symptom_id_193,产后乏力,symptom
symptom_id_194,产后乳汁少,symptom
symptom_id_195,产后体弱,symptom
symptom_id_196,产后停经,symptom
symptom_id_197,产后出血,symptom
symptom_id_198,产后受风,symptom
symptom_id_199,产后大出汗,symptom
symptom_id_200,产后失血,symptom
symptom_id_201,产后失血过多,symptom
symptom_id_202,产后子宫血管破裂出血,symptom
symptom_id_203,产后干咳,symptom
symptom_id_204,产后恶露,symptom
symptom_id_205,产后恶露不下,symptom
symptom_id_206,产后暴脱,symptom
symptom_id_207,产后瘀滞,symptom
symptom_id_208,产后瘀血,symptom
symptom_id_209,产后瘀血刺痛,symptom
symptom_id_210,产后瘀阻,symptom
symptom_id_211,产后风痉,symptom
symptom_id_212,产户发炎,symptom
symptom_id_213,产户疼痛,symptom
symptom_id_214,人中歪斜,symptom
symptom_id_215,人工流产,symptom
symptom_id_216,会阴冲出,symptom
symptom_id_217,传染性肝炎,symptom
symptom_id_218,传染性黄疸型肝炎,symptom
symptom_id_219,伤寒,symptom
symptom_id_220,伤寒发狂,symptom
symptom_id_221,伤寒坏病,symptom
symptom_id_222,伤寒热病,symptom
symptom_id_223,伤寒表实,symptom
symptom_id_224,伤酒,symptom
symptom_id_225,伤食,symptom
symptom_id_226,伤食受寒,symptom
symptom_id_227,伤饥失饱,symptom
symptom_id_228,低压高,symptom
symptom_id_229,低氧血症,symptom
symptom_id_230,低烧,symptom
symptom_id_231,低热,symptom
symptom_id_232,低血压,symptom
symptom_id_233,体倦乏力,symptom
symptom_id_234,体力增强,symptom
symptom_id_235,体困,symptom
symptom_id_236,体型偏瘦,symptom
symptom_id_237,体型偏胖,symptom
symptom_id_238,体型壮实,symptom
symptom_id_239,体型瘦弱,symptom
symptom_id_240,体壮,symptom
symptom_id_241,体寒,symptom
symptom_id_242,体寒肢冷,symptom
symptom_id_243,体弱,symptom
symptom_id_244,体弱多病,symptom
symptom_id_245,体格壮实,symptom
symptom_id_246,体格强健,symptom
symptom_id_247,体沉,symptom
symptom_id_248,体瘦,symptom
symptom_id_249,体胖,symptom
symptom_id_250,体虚,symptom
symptom_id_251,体虚乏力,symptom
symptom_id_252,体虚欲脱,symptom
symptom_id_253,体虱,symptom
symptom_id_254,体质壮实,symptom
symptom_id_255,体质虚弱,symptom
symptom_id_256,体软乏力,symptom
symptom_id_257,体重上升,symptom
symptom_id_258,体重下降,symptom
symptom_id_259,体重偏低,symptom
symptom_id_260,体重偏轻,symptom
symptom_id_261,体重减少,symptom
symptom_id_262,体重减轻,symptom
symptom_id_263,体重增加,symptom
symptom_id_264,便下不爽,symptom
symptom_id_265,便下白黏,symptom
symptom_id_266,便下粗黏,symptom
symptom_id_267,便下顺畅,symptom
symptom_id_268,便干,symptom
symptom_id_269,便泻灼肛,symptom
symptom_id_270,便溏,symptom
symptom_id_271,便溏加重,symptom
symptom_id_272,便爽,symptom
symptom_id_273,便硬,symptom
symptom_id_274,便秘,symptom
symptom_id_275,便稀,symptom
symptom_id_276,便粘,symptom
symptom_id_277,便细,symptom
symptom_id_278,便结,symptom
symptom_id_279,便蛔,symptom
symptom_id_280,便血,symptom
symptom_id_281,便血尿血,symptom
symptom_id_282,便血崩漏,symptom
symptom_id_283,便血症,symptom
symptom_id_284,便血痔血,symptom
symptom_id_285,便血脱肛,symptom
symptom_id_286,便软,symptom
symptom_id_287,便频,symptom
symptom_id_288,便黄,symptom
symptom_id_289,便黏,symptom
symptom_id_290,便黑,symptom
symptom_id_291,倒经,symptom
symptom_id_292,倚息不得卧,symptom
symptom_id_293,倚息不能平卧,symptom
symptom_id_294,倦乏,symptom
symptom_id_295,倦怠,symptom
symptom_id_296,倦怠乏力,symptom
symptom_id_297,偏头痛,symptom
symptom_id_298,偏执,symptom
symptom_id_299,偏正头痛,symptom
symptom_id_300,偏瘦,symptom
symptom_id_301,偏瘫,symptom
symptom_id_302,停瘀,symptom
symptom_id_303,停经,symptom
symptom_id_304,健忘,symptom
symptom_id_305,健忘惊悸,symptom
symptom_id_306,健脾化湿,symptom
symptom_id_307,先天性心脏瓣膜病,symptom
symptom_id_308,先天性心脏病,symptom
symptom_id_309,先痢下黏冻,symptom
symptom_id_310,克罗恩病,symptom
symptom_id_311,入睡困难,symptom
symptom_id_312,全脸浮肿,symptom
symptom_id_313,全身乏力,symptom
symptom_id_314,全身倦怠,symptom
symptom_id_315,全身僵硬,symptom
symptom_id_316,全身关节疼痛,symptom
symptom_id_317,全身冰冷,symptom
symptom_id_318,全身冰凉,symptom
symptom_id_319,全身冷,symptom
symptom_id_320,全身发热,symptom
symptom_id_321,全身发臭,symptom
symptom_id_322,全身恶寒,symptom
symptom_id_323,全身抽动,symptom
symptom_id_324,全身无力,symptom
symptom_id_325,全身水肿,symptom
symptom_id_326,全身沉重,symptom
symptom_id_327,全身浮肿,symptom
symptom_id_328,全身游走痛,symptom
symptom_id_329,全身疼痛,symptom
symptom_id_330,全身痛,symptom
symptom_id_331,全身痛酸,symptom
symptom_id_332,全身痛酸楚,symptom
symptom_id_333,全身痧点,symptom
symptom_id_334,全身瘙痒,symptom
symptom_id_335,全身紧,symptom
symptom_id_336,全身红,symptom
symptom_id_337,全身肿,symptom
symptom_id_338,全身肿胀,symptom
symptom_id_339,全身肿胀感,symptom
symptom_id_340,全身虚弱,symptom
symptom_id_341,全身蚁行感,symptom
symptom_id_342,全身酸困,symptom
symptom_id_343,全身酸楚,symptom
symptom_id_344,全身酸痛,symptom
symptom_id_345,全身酸软,symptom
symptom_id_346,全身震颤,symptom
symptom_id_347,全身颤抖,symptom
symptom_id_348,全身麻木,symptom
symptom_id_349,关格不通,symptom
symptom_id_350,关节不利,symptom
symptom_id_351,关节不适,symptom
symptom_id_352,关节不遂,symptom
symptom_id_353,关节僵硬,symptom
symptom_id_354,关节冷痛,symptom
symptom_id_355,关节凉,symptom
symptom_id_356,关节变形,symptom
symptom_id_357,关节拘急,symptom
symptom_id_358,关节活动下降,symptom
symptom_id_359,关节活动受限,symptom
symptom_id_360,关节活动度下降,symptom
symptom_id_361,关节炎,symptom
symptom_id_362,关节疼,symptom
symptom_id_363,关节疼痛,symptom
symptom_id_364,关节痛,symptom
symptom_id_365,关节痛肿,symptom
symptom_id_366,关节痹痛,symptom
symptom_id_367,关节红,symptom
symptom_id_368,关节红肿,symptom
symptom_id_369,关节红肿热痛,symptom
symptom_id_370,关节肿,symptom
symptom_id_371,关节肿痛,symptom
symptom_id_372,关节肿胀,symptom
symptom_id_373,关节胀,symptom
symptom_id_374,关节腰痛,symptom
symptom_id_375,关节酸,symptom
symptom_id_376,关节酸楚,symptom
symptom_id_377,关节酸痛,symptom
symptom_id_378,关节麻木,symptom
symptom_id_379,兼补,symptom
symptom_id_380,内伤瘀痛,symptom
symptom_id_381,内热,symptom
symptom_id_382,内热大减,symptom
symptom_id_383,内热消渴,symptom
symptom_id_384,农药中毒,symptom
symptom_id_385,冠心病,symptom
symptom_id_386,冠状动脉供血不足,symptom
symptom_id_387,冰冷,symptom
symptom_id_388,冷感加重,symptom
symptom_id_389,冷汗,symptom
symptom_id_390,冷汗淋漓,symptom
symptom_id_391,冷热交替,symptom
symptom_id_392,冷痛,symptom
symptom_id_393,冷痢,symptom
symptom_id_394,冷饮,symptom
symptom_id_395,冻疮,symptom
symptom_id_396,凉水刺激,symptom
symptom_id_397,出冷汗,symptom
symptom_id_398,出汗,symptom
symptom_id_399,出汗多,symptom
symptom_id_400,出汗百合病,symptom
symptom_id_401,出血,symptom
symptom_id_402,出血性瘀斑,symptom
symptom_id_403,出血热,symptom
symptom_id_404,出血量多,symptom
symptom_id_405,刀伤,symptom
symptom_id_406,刀伤出血,symptom
symptom_id_407,刀口炎症,symptom
symptom_id_408,分娩,symptom
symptom_id_409,创伤,symptom
symptom_id_410,创伤出血,symptom
symptom_id_411,初产流血多,symptom
symptom_id_412,制酸止痛,symptom
symptom_id_413,前列腺不适,symptom
symptom_id_414,前列腺增大,symptom
symptom_id_415,前列腺炎,symptom
symptom_id_416,前列腺肥大,symptom
symptom_id_417,剑突下压痛,symptom
symptom_id_418,功能性子宫出血,symptom
symptom_id_419,动则气喘,symptom
symptom_id_420,动脉硬化,symptom
symptom_id_421,劳伤,symptom
symptom_id_422,劳伤吐血,symptom
symptom_id_423,劳伤虚损,symptom
symptom_id_424,劳倦伤脾,symptom
symptom_id_425,劳嗽,symptom
symptom_id_426,劳损扭伤,symptom
symptom_id_427,劳热,symptom
symptom_id_428,劳热骨蒸,symptom
symptom_id_429,劳累,symptom
symptom_id_430,勃起不坚,symptom
symptom_id_431,包块,symptom
symptom_id_432,包块缩小,symptom
symptom_id_433,化脓性扁桃体炎,symptom
symptom_id_434,十二指肠溃疡,symptom
symptom_id_435,十二指肠溃疡出血,symptom
symptom_id_436,十二指肠球部溃疡,symptom
symptom_id_437,午后潮热,symptom
symptom_id_438,半身不适,symptom
symptom_id_439,半身不遂,symptom
symptom_id_440,半身麻木,symptom
symptom_id_441,半身麻木症,symptom
symptom_id_442,半身麻痹,symptom
symptom_id_443,卧床不起,symptom
symptom_id_444,卧起不安,symptom
symptom_id_445,卧起烦躁,symptom
symptom_id_446,卵巢囊肿,symptom
symptom_id_447,历节风痛,symptom
symptom_id_448,压力大,symptom
symptom_id_449,压痛,symptom
symptom_id_450,压痛明显,symptom
symptom_id_451,厌恶风,symptom
symptom_id_452,厌油腻,symptom
symptom_id_453,厌食,symptom
symptom_id_454,原发性坐骨神经痛,symptom
symptom_id_455,原发性痛经,symptom
symptom_id_456,原发性风湿性坐骨神经痛,symptom
symptom_id_457,厥回汗收,symptom
symptom_id_458,厥回肢暖,symptom
symptom_id_459,厥逆,symptom
symptom_id_460,厥阴头痛,symptom
symptom_id_461,及虚阳浮越,symptom
symptom_id_462,双下肢凹陷性浮肿,symptom
symptom_id_463,双下肢沉重,symptom
symptom_id_464,双下肢浮肿,symptom
symptom_id_465,双目无神,symptom
symptom_id_466,双目直视,symptom
symptom_id_467,双眼紧闭,symptom
symptom_id_468,双肺底湿啰音,symptom
symptom_id_469,反应迟钝,symptom
symptom_id_470,反胃,symptom
symptom_id_471,反胃不舒,symptom
symptom_id_472,反胃吐食,symptom
symptom_id_473,反酸,symptom
symptom_id_474,发冷,symptom
symptom_id_475,发喘,symptom
symptom_id_476,发斑发疹,symptom
symptom_id_477,发枯,symptom
symptom_id_478,发炎,symptom
symptom_id_479,发烧,symptom
symptom_id_480,发热,symptom
symptom_id_481,发热倦怠,symptom
symptom_id_482,发热恶寒,symptom
symptom_id_483,发热恶热,symptom
symptom_id_484,发热恶风,symptom
symptom_id_485,发热汗少,symptom
symptom_id_486,发热烦渴,symptom
symptom_id_487,发热症,symptom
symptom_id_488,发疹,symptom
symptom_id_489,发绀,symptom
symptom_id_490,发育迟缓,symptom
symptom_id_491,发背,symptom
symptom_id_492,发须早白,symptom
symptom_id_493,发颐,symptom
symptom_id_494,发黄,symptom
symptom_id_495,受凉,symptom
symptom_id_496,受凉诱发咳嗽,symptom
symptom_id_497,受寒,symptom
symptom_id_498,受寒发热,symptom
symptom_id_499,受惊,symptom
symptom_id_500,变形性膝关节炎,symptom
symptom_id_501,口,symptom
symptom_id_502,口㖞,symptom
symptom_id_503,口不渴,symptom
symptom_id_504,口不苦,symptom
symptom_id_505,口中无味,symptom
symptom_id_506,口中甜腻,symptom
symptom_id_507,口吐涎沫,symptom
symptom_id_508,口吐清水,symptom
symptom_id_509,口吐白沫,symptom
symptom_id_510,口向左歪,symptom
symptom_id_511,口周和唇周痘痘,symptom
symptom_id_512,口咸,symptom
symptom_id_513,口咽干燥,symptom
symptom_id_514,口咽肿痛,symptom
symptom_id_515,口唇发紫,symptom
symptom_id_516,口唇干,symptom
symptom_id_517,口唇干燥,symptom
symptom_id_518,口唇干裂,symptom
symptom_id_519,口唇略青,symptom
symptom_id_520,口唇疱疹,symptom
symptom_id_521,口唇糜烂,symptom
symptom_id_522,口唇肿,symptom
symptom_id_523,口唇麻木,symptom
symptom_id_524,口噤,symptom
symptom_id_525,口噤不语,symptom
symptom_id_526,口多唾涎,symptom
symptom_id_527,口干,symptom
symptom_id_528,口干不欲饮,symptom
symptom_id_529,口干不饮,symptom
symptom_id_530,口干咯血,symptom
symptom_id_531,口干咽燥,symptom
symptom_id_532,口干唇燥,symptom
symptom_id_533,口干少涎,symptom
symptom_id_534,口干无渴,symptom
symptom_id_535,口干欲饮,symptom
symptom_id_536,口干烦渴,symptom
symptom_id_537,口干燥渴,symptom
symptom_id_538,口干舌燥,symptom
symptom_id_539,口干食少,symptom
symptom_id_540,口气腥,symptom
symptom_id_541,口气重,symptom
symptom_id_542,口水多,symptom
symptom_id_543,口泛清水,symptom
symptom_id_544,口流涎沫,symptom
symptom_id_545,口流白沫,symptom
symptom_id_546,口流血唾,symptom
symptom_id_547,口涩,symptom
symptom_id_548,口淡,symptom
symptom_id_549,口淡无味,symptom
symptom_id_550,口清,symptom
symptom_id_551,口渴,symptom
symptom_id_552,口渴咽干,symptom
symptom_id_553,口渴喜饮,symptom
symptom_id_554,口燥,symptom
symptom_id_555,口燥咽干,symptom
symptom_id_556,口燥齿浮,symptom
symptom_id_557,口甜,symptom
symptom_id_558,口疮,symptom
symptom_id_559,口疳,symptom
symptom_id_560,口痛,symptom
symptom_id_561,口痢,symptom
symptom_id_562,口眼㖞斜,symptom
symptom_id_563,口眼微斜,symptom
symptom_id_564,口眼歪斜,symptom
symptom_id_565,口眼闭合不全,symptom
symptom_id_566,口粘,symptom
symptom_id_567,口糜烂,symptom
symptom_id_568,口纹青,symptom
symptom_id_569,口腔上火,symptom
symptom_id_570,口腔异味,symptom
symptom_id_571,口腔溃疡,symptom
symptom_id_572,口腔炎,symptom
symptom_id_573,口腻,symptom
symptom_id_574,口腻甜,symptom
symptom_id_575,口膩,symptom
symptom_id_576,口臭,symptom
symptom_id_577,口舌生疮,symptom
symptom_id_578,口舌糜烂,symptom
symptom_id_579,口舌麻木,symptom
symptom_id_580,口苦,symptom
symptom_id_581,口苦减轻,symptom
symptom_id_582,口苦咽干,symptom
symptom_id_583,口角歪,symptom
symptom_id_584,口角糜烂退,symptom
symptom_id_585,口酸,symptom
symptom_id_586,口难张,symptom
symptom_id_587,口黏,symptom
symptom_id_588,口鼻作衄,symptom
symptom_id_589,口鼻干燥,symptom
symptom_id_590,口鼻黑气,symptom
symptom_id_591,叩诊呈浊音,symptom
symptom_id_592,可语,symptom
symptom_id_593,右上胸酸痛,symptom
symptom_id_594,右上腹压痛,symptom
symptom_id_595,右下肋隐痛,symptom
symptom_id_596,右下肢关节活动度下降,symptom
symptom_id_597,右下肢屈而不伸,symptom
symptom_id_598,右下肾结石,symptom
symptom_id_599,右下腹压痛,symptom
symptom_id_600,右下腹无压痛,symptom
symptom_id_601,右下腹痛,symptom
symptom_id_602,右乳红肿,symptom
symptom_id_603,右侧偏瘫,symptom
symptom_id_604,右侧四肢无力,symptom
symptom_id_605,右侧头痛,symptom
symptom_id_606,右侧胸痛,symptom
symptom_id_607,右侧腹部隆起,symptom
symptom_id_608,右半身麻木,symptom
symptom_id_609,右少腹痛,symptom
symptom_id_610,右眼赤筋贯睛,symptom
symptom_id_611,右肋叩击痛,symptom
symptom_id_612,右肋间隙,symptom
symptom_id_613,右肋阵发性绞痛,symptom
symptom_id_614,右肩凝,symptom
symptom_id_615,右肺常感不适,symptom
symptom_id_616,右肺底湿啰音,symptom
symptom_id_617,右肾区叩击痛,symptom
symptom_id_618,右胁下抵抗感,symptom
symptom_id_619,右胁下痛,symptom
symptom_id_620,右胁下硬块,symptom
symptom_id_621,右胁下硬满,symptom
symptom_id_622,右胁徵块,symptom
symptom_id_623,右胁气胀不适,symptom
symptom_id_624,右胁疼痛,symptom
symptom_id_625,右胁痛,symptom
symptom_id_626,右胁肿块小,symptom
symptom_id_627,右胁胀痛,symptom
symptom_id_628,右胸痛,symptom
symptom_id_629,右胸饮水不消,symptom
symptom_id_630,右脘痛,symptom
symptom_id_631,右脘腹胆区,symptom
symptom_id_632,右腰急剧疼痛,symptom
symptom_id_633,右腹痛,symptom
symptom_id_634,右膝痉挛,symptom
symptom_id_635,右臂痛,symptom
symptom_id_636,右足畸形,symptom
symptom_id_637,叹息,symptom
symptom_id_638,后背疼,symptom
symptom_id_639,后胸胁痛,symptom
symptom_id_640,后脑痛,symptom
symptom_id_641,吐,symptom
symptom_id_642,吐乳,symptom
symptom_id_643,吐出风沫痰涎,symptom
symptom_id_644,吐口水,symptom
symptom_id_645,吐字模糊,symptom
symptom_id_646,吐水,symptom
symptom_id_647,吐水身痛,symptom
symptom_id_648,吐泡沫痰,symptom
symptom_id_649,吐泻,symptom
symptom_id_650,吐泻转筋,symptom
symptom_id_651,吐涎,symptom
symptom_id_652,吐涎沫,symptom
symptom_id_653,吐清水,symptom
symptom_id_654,吐清涎,symptom
symptom_id_655,吐清涎多,symptom
symptom_id_656,吐清涎白沫,symptom
symptom_id_657,吐痰,symptom
symptom_id_658,吐痰涎,symptom
symptom_id_659,吐脓,symptom
symptom_id_660,吐脓血痰,symptom
symptom_id_661,吐苦水,symptom
symptom_id_662,吐蛔,symptom
symptom_id_663,吐血,symptom
symptom_id_664,吐血咯血,symptom
symptom_id_665,吐血尿血,symptom
symptom_id_666,吐血暗红,symptom
symptom_id_667,吐血衄血,symptom
symptom_id_668,吐衄,symptom
symptom_id_669,吐衄便血,symptom
symptom_id_670,吐衄崩漏,symptom
symptom_id_671,吐逆,symptom
symptom_id_672,吐酸,symptom
symptom_id_673,吐酸水,symptom
symptom_id_674,吐食,symptom
symptom_id_675,吞口水,symptom
symptom_id_676,吞咽不利,symptom
symptom_id_677,吞咽困难,symptom
symptom_id_678,吞咽痛剧,symptom
symptom_id_679,吞咽紧束感,symptom
symptom_id_680,吞咽顺利,symptom
symptom_id_681,吞酸,symptom
symptom_id_682,听力下降,symptom
symptom_id_683,听力丧失,symptom
symptom_id_684,听力减退,symptom
symptom_id_685,听力障碍,symptom
symptom_id_686,呃逆,symptom
symptom_id_687,呆滞,symptom
symptom_id_688,呕吐,symptom
symptom_id_689,呕吐不食,symptom
symptom_id_690,呕吐反胃,symptom
symptom_id_691,呕吐吞酸,symptom
symptom_id_692,呕吐呃逆,symptom
symptom_id_693,呕吐噫气,symptom
symptom_id_694,呕吐止,symptom
symptom_id_695,呕吐泄泻,symptom
symptom_id_696,呕吐泻痢,symptom
symptom_id_697,呕吐淤血,symptom
symptom_id_698,呕吐清水,symptom
symptom_id_699,呕吐症,symptom
symptom_id_700,呕哕,symptom
symptom_id_701,呕恶,symptom
symptom_id_702,呕恶不平,symptom
symptom_id_703,呕恶不思饮食,symptom
symptom_id_704,呕蛔,symptom
symptom_id_705,呕血,symptom
symptom_id_706,呕血量多,symptom
symptom_id_707,呕逆,symptom
symptom_id_708,呕青水,symptom
symptom_id_709,周身乏力,symptom
symptom_id_710,周身沉重,symptom
symptom_id_711,周身紫斑,symptom
symptom_id_712,周身酸楚,symptom
symptom_id_713,周身黄染,symptom
symptom_id_714,味觉下降,symptom
symptom_id_715,呼之不应,symptom
symptom_id_716,呼吸不全,symptom
symptom_id_717,呼吸不利,symptom
symptom_id_718,呼吸不畅,symptom
symptom_id_719,呼吸中断,symptom
symptom_id_720,呼吸困难,symptom
symptom_id_721,呼吸平稳,symptom
symptom_id_722,呼吸微弱,symptom
symptom_id_723,呼吸急促,symptom
symptom_id_724,呼吸无力,symptom
symptom_id_725,呼吸气粗,symptom
symptom_id_726,呼吸短促,symptom
symptom_id_727,呼吸紧束感,symptom
symptom_id_728,呼吸舒畅,symptom
symptom_id_729,呼吸迫促,symptom
symptom_id_730,呼吸音低,symptom
symptom_id_731,呼吸音重,symptom
symptom_id_732,命门火衰,symptom
symptom_id_733,咬甲癖,symptom
symptom_id_734,咯吐不出,symptom
symptom_id_735,咯痰,symptom
symptom_id_736,咯痰黄稠,symptom
symptom_id_737,咯血,symptom
symptom_id_738,咳吐困难,symptom
symptom_id_739,咳吐泡沫痰,symptom
symptom_id_740,咳喘,symptom
symptom_id_741,咳喘痰血,symptom
symptom_id_742,咳嗽,symptom
symptom_id_743,咳嗽困难,symptom
symptom_id_744,咳嗽宣通,symptom
symptom_id_745,咳嗽痰多,symptom
symptom_id_746,咳嗽痰浓,symptom
symptom_id_747,咳嗽虚喘,symptom
symptom_id_748,咳痰,symptom
symptom_id_749,咳痰不爽,symptom
symptom_id_750,咳痰未全愈,symptom
symptom_id_751,咳痰稀,symptom
symptom_id_752,咳痰稠粘,symptom
symptom_id_753,咳痰腥臭,symptom
symptom_id_754,咳脓痰,symptom
symptom_id_755,咳血,symptom
symptom_id_756,咳血病中杂感秋燥,symptom
symptom_id_757,咳逆,symptom
symptom_id_758,咽中梗塞,symptom
symptom_id_759,咽中梗阻,symptom
symptom_id_760,咽中热冲,symptom
symptom_id_761,咽充血,symptom
symptom_id_762,咽口水,symptom
symptom_id_763,咽喉不利,symptom
symptom_id_764,咽喉不适,symptom
symptom_id_765,咽喉充血,symptom
symptom_id_766,咽喉口干,symptom
symptom_id_767,咽喉干,symptom
symptom_id_768,咽喉干燥,symptom
symptom_id_769,咽喉干痒,symptom
symptom_id_770,咽喉异物感,symptom
symptom_id_771,咽喉淡红,symptom
symptom_id_772,咽喉炎,symptom
symptom_id_773,咽喉疼痛,symptom
symptom_id_774,咽喉痒,symptom
symptom_id_775,咽喉痛,symptom
symptom_id_776,咽喉痰鸣,symptom
symptom_id_777,咽喉痹痛,symptom
symptom_id_778,咽喉瘙痒,symptom
symptom_id_779,咽喉红,symptom
symptom_id_780,咽喉红肿,symptom
symptom_id_781,咽喉肿,symptom
symptom_id_782,咽喉肿痛,symptom
symptom_id_783,咽干,symptom
symptom_id_784,咽干不欲饮,symptom
symptom_id_785,咽干不渴,symptom
symptom_id_786,咽干口渴,symptom
symptom_id_787,咽干口燥,symptom
symptom_id_788,咽干少涎,symptom
symptom_id_789,咽干痛,symptom
symptom_id_790,咽干舌燥,symptom
symptom_id_791,咽干鼻燥,symptom
symptom_id_792,咽有痰,symptom
symptom_id_793,咽梗,symptom
symptom_id_794,咽梗感,symptom
symptom_id_795,咽疼,symptom
symptom_id_796,咽痒,symptom
symptom_id_797,咽痛,symptom
symptom_id_798,咽痛失音,symptom
symptom_id_799,咽痛音哑,symptom
symptom_id_800,咽红,symptom
symptom_id_801,咽部充血,symptom
symptom_id_802,咽部干燥,symptom
symptom_id_803,咽部异物感,symptom
symptom_id_804,咽部梗气,symptom
symptom_id_805,咽部滤泡,symptom
symptom_id_806,咽部烧灼感,symptom
symptom_id_807,咽部疼痛,symptom
symptom_id_808,咽部瘙痒,symptom
symptom_id_809,咽部糜烂,symptom
symptom_id_810,咽部红肿腐溃生疮,symptom
symptom_id_811,哭闹,symptom
symptom_id_812,哭闹不安,symptom
symptom_id_813,哭闹不止,symptom
symptom_id_814,哮喘,symptom
symptom_id_815,哮喘挟发,symptom
symptom_id_816,哮鸣音,symptom
symptom_id_817,哮鸣音布满,symptom
symptom_id_818,哽咽,symptom
symptom_id_819,唇口糜碎,symptom
symptom_id_820,唇口蠕动,symptom
symptom_id_821,唇口起泡,symptom
symptom_id_822,唇干,symptom
symptom_id_823,唇干暗,symptom
symptom_id_824,唇干燥,symptom
symptom_id_825,唇干舌燥,symptom
symptom_id_826,唇干裂,symptom
symptom_id_827,唇暗,symptom
symptom_id_828,唇暗红,symptom
symptom_id_829,唇淡,symptom
symptom_id_830,唇焦,symptom
symptom_id_831,唇燥,symptom
symptom_id_832,唇燥裂,symptom
symptom_id_833,唇甲苍白,symptom
symptom_id_834,唇痛,symptom
symptom_id_835,唇紫,symptom
symptom_id_836,唇紫黯,symptom
symptom_id_837,唇红,symptom
symptom_id_838,唇绀,symptom
symptom_id_839,唇肿,symptom
symptom_id_840,唇舌咽燥,symptom
symptom_id_841,唇舌肿,symptom
symptom_id_842,唇色暗,symptom
symptom_id_843,唇色淡,symptom
symptom_id_844,唇色素沉着,symptom
symptom_id_845,唇色紫,symptom
symptom_id_846,唇色苍白,symptom
symptom_id_847,唇苍白,symptom
symptom_id_848,唇裂,symptom
symptom_id_849,唇部糜烂,symptom
symptom_id_850,唇麻,symptom
symptom_id_851,唇齿干,symptom
symptom_id_852,唾如胶漆,symptom
symptom_id_853,唾液多,symptom
symptom_id_854,啰音有稠痰,symptom
symptom_id_855,善太息,symptom
symptom_id_856,善忘,symptom
symptom_id_857,喉中梗痛,symptom
symptom_id_858,喉中痰鸣,symptom
symptom_id_859,喉咙不利,symptom
symptom_id_860,喉咙堵塞,symptom
symptom_id_861,喉咙干,symptom
symptom_id_862,喉咙疼痛,symptom
symptom_id_863,喉咙痒,symptom
symptom_id_864,喉咙红肿,symptom
symptom_id_865,喉咙肿,symptom
symptom_id_866,喉梗痛,symptom
symptom_id_867,喉疳,symptom
symptom_id_868,喉痈,symptom
symptom_id_869,喉痛,symptom
symptom_id_870,喉痧,symptom
symptom_id_871,喉痰,symptom
symptom_id_872,喉痰鸣,symptom
symptom_id_873,喉痹,symptom
symptom_id_874,喉痹肿痛,symptom
symptom_id_875,喉蛾,symptom
symptom_id_876,喉部干红起点,symptom
symptom_id_877,喉部有痰,symptom
symptom_id_878,喉风,symptom
symptom_id_879,喉风口疮,symptom
symptom_id_880,喉鸣,symptom
symptom_id_881,喉鸣痰多,symptom
symptom_id_882,喘促,symptom
symptom_id_883,喘促减轻,symptom
symptom_id_884,喘咳,symptom
symptom_id_885,喘咳痰多,symptom
symptom_id_886,喘咳痰鸣减,symptom
symptom_id_887,喘急,symptom
symptom_id_888,喘息,symptom
symptom_id_889,喘憋气促,symptom
symptom_id_890,喘气,symptom
symptom_id_891,喘满,symptom
symptom_id_892,喘疾,symptom
symptom_id_893,喘痰,symptom
symptom_id_894,喘而汗出,symptom
symptom_id_895,喘音响亮,symptom
symptom_id_896,喘鸣,symptom
symptom_id_897,喜冷,symptom
symptom_id_898,喜冷饮,symptom
symptom_id_899,喜凉恶热,symptom
symptom_id_900,喜叹息,symptom
symptom_id_901,喜太息,symptom
symptom_id_902,喜热,symptom
symptom_id_903,喜热恶凉,symptom
symptom_id_904,喜热食,symptom
symptom_id_905,喜热饮,symptom
symptom_id_906,喜甜,symptom
symptom_id_907,喜甜荤,symptom
symptom_id_908,喜素,symptom
symptom_id_909,喜荤,symptom
symptom_id_910,喜辣,symptom
symptom_id_911,喜食硬物,symptom
symptom_id_912,喜食腥腻,symptom
symptom_id_913,喝水多,symptom
symptom_id_914,喝水量多,symptom
symptom_id_915,喷嚏,symptom
symptom_id_916,嗅觉丧失,symptom
symptom_id_917,嗅觉减退,symptom
symptom_id_918,嗓子疼痛,symptom
symptom_id_919,嗜冷食,symptom
symptom_id_920,嗜卧,symptom
symptom_id_921,嗜厚味肥甘,symptom
symptom_id_922,嗜烟,symptom
symptom_id_923,嗜烟酒,symptom
symptom_id_924,嗜生冷硬,symptom
symptom_id_925,嗜睡,symptom
symptom_id_926,嗜茶,symptom
symptom_id_927,嗜辛辣,symptom
symptom_id_928,嗜辣,symptom
symptom_id_929,嗜酒,symptom
symptom_id_930,嗳气,symptom
symptom_id_931,嗳气吞酸,symptom
symptom_id_932,嗳气呕逆,symptom
symptom_id_933,嘈杂,symptom
symptom_id_934,嘴唇发紫,symptom
symptom_id_935,嘴唇发黑,symptom
symptom_id_936,嘴唇干燥,symptom
symptom_id_937,嘴唇松弛,symptom
symptom_id_938,嘴唇破裂,symptom
symptom_id_939,嘴唇苍白,symptom
symptom_id_940,嘴唇青紫,symptom
symptom_id_941,嘴角抽动,symptom
symptom_id_942,噎膈,symptom
symptom_id_943,噎膈反胃,symptom
symptom_id_944,噎膈吐食,symptom
symptom_id_945,噎膈呕吐,symptom
symptom_id_946,噤口下痢,symptom
symptom_id_947,噩梦,symptom
symptom_id_948,噫呃,symptom
symptom_id_949,噫气,symptom
symptom_id_950,噫气不除,symptom
symptom_id_951,噫气呕逆,symptom
symptom_id_952,囊肿,symptom
symptom_id_953,四末不温,symptom
symptom_id_954,四末厥冷,symptom
symptom_id_955,四肢下垂,symptom
symptom_id_956,四肢不仁,symptom
symptom_id_957,四肢不温,symptom
symptom_id_958,四肢乏力,symptom
symptom_id_959,四肢僵硬,symptom
symptom_id_960,四肢冰冷,symptom
symptom_id_961,四肢冰凉,symptom
symptom_id_962,四肢冷,symptom
symptom_id_963,四肢冷痛,symptom
symptom_id_964,四肢厥逆,symptom
symptom_id_965,四肢发热,symptom
symptom_id_966,四肢寒冷,symptom
symptom_id_967,四肢怕冷,symptom
symptom_id_968,四肢抽动,symptom
symptom_id_969,四肢抽搐,symptom
symptom_id_970,四肢抽筋,symptom
symptom_id_971,四肢拘挛,symptom
symptom_id_972,四肢拘束,symptom
symptom_id_973,四肢挛急,symptom
symptom_id_974,四肢挛痛,symptom
symptom_id_975,四肢搐搦,symptom
symptom_id_976,四肢无力,symptom
symptom_id_977,四肢松软,symptom
symptom_id_978,四肢水肿,symptom
symptom_id_979,四肢沉重,symptom
symptom_id_980,四肢浮肿,symptom
symptom_id_981,四肢温热,symptom
symptom_id_982,四肢游走性关节疼痛,symptom
symptom_id_983,四肢疮疖,symptom
symptom_id_984,四肢疼痛,symptom
symptom_id_985,四肢瘫痪,symptom
symptom_id_986,四肢皮肤热,symptom
symptom_id_987,四肢红肿,symptom
symptom_id_988,四肢肌肉松软,symptom
symptom_id_989,四肢肌肉跳动,symptom
symptom_id_990,四肢肌跳,symptom
symptom_id_991,四肢肌软酸楚,symptom
symptom_id_992,四肢肿,symptom
symptom_id_993,四肢肿胀,symptom
symptom_id_994,四肢胀,symptom
symptom_id_995,四肢胀痛,symptom
symptom_id_996,四肢蠕动,symptom
symptom_id_997,四肢转温,symptom
symptom_id_998,四肢软瘫,symptom
symptom_id_999,四肢软筋,symptom
symptom_id_1000,四肢轻度水肿,symptom
symptom_id_1001,四肢逆冷,symptom
symptom_id_1002,四肢酸楚,symptom
symptom_id_1003,四肢酸痛,symptom
symptom_id_1004,四肢震颤,symptom
symptom_id_1005,四肢静脉曲张,symptom
symptom_id_1006,四肢颤抖,symptom
symptom_id_1007,四肢麻木,symptom
symptom_id_1008,四肢麻痹,symptom
symptom_id_1009,囟门不合,symptom
symptom_id_1010,困倦,symptom
symptom_id_1011,困倦感,symptom
symptom_id_1012,坐卧不宁,symptom
symptom_id_1013,坐卧行走不便不舒,symptom
symptom_id_1014,坐骨神经痛,symptom
symptom_id_1015,坐骨神经癌,symptom
symptom_id_1016,坠胀感,symptom
symptom_id_1017,壮实,symptom
symptom_id_1018,壮实体质,symptom
symptom_id_1019,壮热烦渴,symptom
symptom_id_1020,声低气弱,symptom
symptom_id_1021,声嘶,symptom
symptom_id_1022,声重浊,symptom
symptom_id_1023,声音低,symptom
symptom_id_1024,声音低弱,symptom
symptom_id_1025,声音低沉,symptom
symptom_id_1026,声音低缓,symptom
symptom_id_1027,声音嘶哑,symptom
symptom_id_1028,声音小,symptom
symptom_id_1029,声音微弱,symptom
symptom_id_1030,声音洪亮,symptom
symptom_id_1031,声音难出,symptom
symptom_id_1032,复感表邪,symptom
symptom_id_1033,夏伤暑湿,symptom
symptom_id_1034,外伤,symptom
symptom_id_1035,外伤出血,symptom
symptom_id_1036,外伤出血不止,symptom
symptom_id_1037,外伤性渗血,symptom
symptom_id_1038,外感发热,symptom
symptom_id_1039,外感热病,symptom
symptom_id_1040,外阴溃烂,symptom
symptom_id_1041,外阴瘙痒,symptom
symptom_id_1042,外阴红肿,symptom
symptom_id_1043,外阴肿胀,symptom
symptom_id_1044,外阴骚痒,symptom
symptom_id_1045,多动症,symptom
symptom_id_1046,多发淋巴结肿大,symptom
symptom_id_1047,多嚏,symptom
symptom_id_1048,多囊肾,symptom
symptom_id_1049,多尿,symptom
symptom_id_1050,多愁善感,symptom
symptom_id_1051,多梦,symptom
symptom_id_1052,多梦健忘,symptom
symptom_id_1053,多汗,symptom
symptom_id_1054,多汗出疹,symptom
symptom_id_1055,多泪羞明,symptom
symptom_id_1056,多涎,symptom
symptom_id_1057,多疑,symptom
symptom_id_1058,多虑,symptom
symptom_id_1059,多言,symptom
symptom_id_1060,多饮,symptom
symptom_id_1061,夜不能卧,symptom
symptom_id_1062,夜不能平卧,symptom
symptom_id_1063,夜卧不安,symptom
symptom_id_1064,夜啼,symptom
symptom_id_1065,夜寐不安,symptom
symptom_id_1066,夜尿,symptom
symptom_id_1067,夜尿增多,symptom
symptom_id_1068,夜尿频,symptom
symptom_id_1069,夜热早凉,symptom
symptom_id_1070,夜盲,symptom
symptom_id_1071,夜盲症,symptom
symptom_id_1072,夜间厥逆,symptom
symptom_id_1073,大便下蛔,symptom
symptom_id_1074,大便下蛔成团,symptom
symptom_id_1075,大便下血,symptom
symptom_id_1076,大便不利,symptom
symptom_id_1077,大便不实,symptom
symptom_id_1078,大便不成型,symptom
symptom_id_1079,大便不爽,symptom
symptom_id_1080,大便不畅,symptom
symptom_id_1081,大便不规律,symptom
symptom_id_1082,大便不通,symptom
symptom_id_1083,大便仍不成形,symptom
symptom_id_1084,大便出血,symptom
symptom_id_1085,大便困难,symptom
symptom_id_1086,大便多且黏滞,symptom
symptom_id_1087,大便失禁,symptom
symptom_id_1088,大便夹血,symptom
symptom_id_1089,大便夹黏液泡沫多,symptom
symptom_id_1090,大便如羊粪,symptom
symptom_id_1091,大便小便正常,symptom
symptom_id_1092,大便带蛔虫,symptom
symptom_id_1093,大便带血,symptom
symptom_id_1094,大便干,symptom
symptom_id_1095,大便干未变,symptom
symptom_id_1096,大便干燥,symptom
symptom_id_1097,大便干硬,symptom
symptom_id_1098,大便干稀不定,symptom
symptom_id_1099,大便干结,symptom
symptom_id_1100,大便干骨髓象三系增生,symptom
symptom_id_1101,大便成形,symptom
symptom_id_1102,大便时干时稀,symptom
symptom_id_1103,大便未行,symptom
symptom_id_1104,大便次数多,symptom
symptom_id_1105,大便正常,symptom
symptom_id_1106,大便气平,symptom
symptom_id_1107,大便溏,symptom
symptom_id_1108,大便溏或实,symptom
symptom_id_1109,大便溏泻,symptom
symptom_id_1110,大便溏稀,symptom
symptom_id_1111,大便溏薄,symptom
symptom_id_1112,大便溏薄褐色,symptom
symptom_id_1113,大便燥结,symptom
symptom_id_1114,大便畅,symptom
symptom_id_1115,大便白,symptom
symptom_id_1116,大便硬,symptom
symptom_id_1117,大便硬结,symptom
symptom_id_1118,大便秘结,symptom
symptom_id_1119,大便稀,symptom
symptom_id_1120,大便稀溏,symptom
symptom_id_1121,大便粘,symptom
symptom_id_1122,大便臭,symptom
symptom_id_1123,大便臭黄,symptom
symptom_id_1124,大便色灰,symptom
symptom_id_1125,大便色黑,symptom
symptom_id_1126,大便通畅,symptom
symptom_id_1127,大便量多,symptom
symptom_id_1128,大便量少,symptom
symptom_id_1129,大便黄,symptom
symptom_id_1130,大便黄褐,symptom
symptom_id_1131,大便黏滞,symptom
symptom_id_1132,大便黑,symptom
symptom_id_1133,大出血,symptom
symptom_id_1134,大口咯血,symptom
symptom_id_1135,大叶肺炎,symptom
symptom_id_1136,大咯血,symptom
symptom_id_1137,大头瘟疫,symptom
symptom_id_1138,大小便失禁,symptom
symptom_id_1139,大小便少,symptom
symptom_id_1140,大汗淋漓,symptom
symptom_id_1141,大汗虚脱,symptom
symptom_id_1142,大渴,symptom
symptom_id_1143,大热烦渴,symptom
symptom_id_1144,大腹水肿,symptom
symptom_id_1145,大腹膨满,symptom
symptom_id_1146,天疱疮,symptom
symptom_id_1147,太息,symptom
symptom_id_1148,失,symptom
symptom_id_1149,失心癫狂,symptom
symptom_id_1150,失明,symptom
symptom_id_1151,失溺,symptom
symptom_id_1152,失眠,symptom
symptom_id_1153,失眠多梦,symptom
symptom_id_1154,失血,symptom
symptom_id_1155,失血性贫血,symptom
symptom_id_1156,失言,symptom
symptom_id_1157,失语,symptom
symptom_id_1158,失音,symptom
symptom_id_1159,头发干枯,symptom
symptom_id_1160,头发干燥,symptom
symptom_id_1161,头发无光泽,symptom
symptom_id_1162,头发稀,symptom
symptom_id_1163,头发稀疏,symptom
symptom_id_1164,头屑多,symptom
symptom_id_1165,头摇,symptom
symptom_id_1166,头昏,symptom
symptom_id_1167,头昏神倦,symptom
symptom_id_1168,头昏耳鸣,symptom
symptom_id_1169,头晕,symptom
symptom_id_1170,头晕目眩,symptom
symptom_id_1171,头晕眼花,symptom
symptom_id_1172,头晕耳鸣,symptom
symptom_id_1173,头晕胀痛,symptom
symptom_id_1174,头木,symptom
symptom_id_1175,头汗,symptom
symptom_id_1176,头汗出,symptom
symptom_id_1177,头汗大减,symptom
symptom_id_1178,头汗淋漓,symptom
symptom_id_1179,头沉,symptom
symptom_id_1180,头沉重,symptom
symptom_id_1181,头油,symptom
symptom_id_1182,头满,symptom
symptom_id_1183,头热如烘,symptom
symptom_id_1184,头疮,symptom
symptom_id_1185,头疼,symptom
symptom_id_1186,头痒,symptom
symptom_id_1187,头痛,symptom
symptom_id_1188,头痛眩晕,symptom
symptom_id_1189,头皮屑,symptom
symptom_id_1190,头皮疼痛,symptom
symptom_id_1191,头皮麻木,symptom
symptom_id_1192,头目眩晕,symptom
symptom_id_1193,头眩,symptom
symptom_id_1194,头紧,symptom
symptom_id_1195,头紧沉,symptom
symptom_id_1196,头胀,symptom
symptom_id_1197,头胀痛,symptom
symptom_id_1198,头脑不清醒,symptom
symptom_id_1199,头蒙,symptom
symptom_id_1200,头虱,symptom
symptom_id_1201,头身困重,symptom
symptom_id_1202,头身重痛,symptom
symptom_id_1203,头部不适,symptom
symptom_id_1204,头部昏沉,symptom
symptom_id_1205,头部疼痛,symptom
symptom_id_1206,头部瘙痒,symptom
symptom_id_1207,头部震颤,symptom
symptom_id_1208,头部麻木,symptom
symptom_id_1209,头重,symptom
symptom_id_1210,头重脚轻,symptom
symptom_id_1211,头面浮肿,symptom
symptom_id_1212,头面部出汗,symptom
symptom_id_1213,头项强痛,symptom
symptom_id_1214,头风,symptom
symptom_id_1215,头风头痛,symptom
symptom_id_1216,奔豚,symptom
symptom_id_1217,奶少,symptom
symptom_id_1218,好热饮,symptom
symptom_id_1219,妄笑,symptom
symptom_id_1220,妄语,symptom
symptom_id_1221,妇科崩漏,symptom
symptom_id_1222,妊娠,symptom
symptom_id_1223,妊娠下血,symptom
symptom_id_1224,妊娠呕吐,symptom
symptom_id_1225,妊娠子痫,symptom
symptom_id_1226,妊娠恶阻,symptom
symptom_id_1227,妊娠水肿,symptom
symptom_id_1228,妊娠漏血,symptom
symptom_id_1229,妊娠胎动,symptom
symptom_id_1230,妊娠胎动不安,symptom
symptom_id_1231,妊娠胎漏,symptom
symptom_id_1232,妊娠逾期,symptom
symptom_id_1233,姜片虫病,symptom
symptom_id_1234,子宫内膜异位症,symptom
symptom_id_1235,子宫出血,symptom
symptom_id_1236,子宫切除,symptom
symptom_id_1237,子宫寒凝,symptom
symptom_id_1238,子宫癌,symptom
symptom_id_1239,子宫肌瘤,symptom
symptom_id_1240,子宫脱垂,symptom
symptom_id_1241,子宫虚冷,symptom
symptom_id_1242,子宫颈炎,symptom
symptom_id_1243,子烦,symptom
symptom_id_1244,子痫抽搐,symptom
symptom_id_1245,季节性咳嗽,symptom
symptom_id_1246,实热便秘,symptom
symptom_id_1247,实热积滞,symptom
symptom_id_1248,室上性阵发性心动过速,symptom
symptom_id_1249,宫冷,symptom
symptom_id_1250,宫冷不孕,symptom
symptom_id_1251,宫寒,symptom
symptom_id_1252,宫缩,symptom
symptom_id_1253,容易饱,symptom
symptom_id_1254,容易饿,symptom
symptom_id_1255,容色枯晦,symptom
symptom_id_1256,宿食不化,symptom
symptom_id_1257,宿食不消,symptom
symptom_id_1258,宿食癖积,symptom
symptom_id_1259,寒凝气滞,symptom
symptom_id_1260,寒喘,symptom
symptom_id_1261,寒战,symptom
symptom_id_1262,寒泻冷痢,symptom
symptom_id_1263,寒温失宜,symptom
symptom_id_1264,寒湿内阻,symptom
symptom_id_1265,寒湿呕逆,symptom
symptom_id_1266,寒湿周痹,symptom
symptom_id_1267,寒湿症,symptom
symptom_id_1268,寒湿痹痛,symptom
symptom_id_1269,寒湿脚气,symptom
symptom_id_1270,寒热,symptom
symptom_id_1271,寒热交替,symptom
symptom_id_1272,寒热往来,symptom
symptom_id_1273,寒热无定,symptom
symptom_id_1274,寒疝,symptom
symptom_id_1275,寒疝作痛,symptom
symptom_id_1276,寒疝奔豚,symptom
symptom_id_1277,寒疟,symptom
symptom_id_1278,寒痰,symptom
symptom_id_1279,寒痰咳喘,symptom
symptom_id_1280,寒痰咳嗽,symptom
symptom_id_1281,寒痰食积,symptom
symptom_id_1282,寒积便秘,symptom
symptom_id_1283,寒饮喘咳,symptom
symptom_id_1284,寡言,symptom
symptom_id_1285,小三阳,symptom
symptom_id_1286,小便不利,symptom
symptom_id_1287,小便不畅,symptom
symptom_id_1288,小便不禁,symptom
symptom_id_1289,小便不适,symptom
symptom_id_1290,小便不通,symptom
symptom_id_1291,小便减少,symptom
symptom_id_1292,小便发黄,symptom
symptom_id_1293,小便困难,symptom
symptom_id_1294,小便增多,symptom
symptom_id_1295,小便多,symptom
symptom_id_1296,小便失禁,symptom
symptom_id_1297,小便少,symptom
symptom_id_1298,小便少赤,symptom
symptom_id_1299,小便常清,symptom
symptom_id_1300,小便异常,symptom
symptom_id_1301,小便无力,symptom
symptom_id_1302,小便时多时少,symptom
symptom_id_1303,小便有血,symptom
symptom_id_1304,小便未解,symptom
symptom_id_1305,小便正常,symptom
symptom_id_1306,小便气味臭,symptom
symptom_id_1307,小便泡沫,symptom
symptom_id_1308,小便泡沫多,symptom
symptom_id_1309,小便浊,symptom
symptom_id_1310,小便浑浊,symptom
symptom_id_1311,小便涩,symptom
symptom_id_1312,小便涩痛,symptom
symptom_id_1313,小便淋沥,symptom
symptom_id_1314,小便淋浊,symptom
symptom_id_1315,小便淋漓,symptom
symptom_id_1316,小便淋漓不尽,symptom
symptom_id_1317,小便淡黄,symptom
symptom_id_1318,小便深,symptom
symptom_id_1319,小便混浊,symptom
symptom_id_1320,小便清,symptom
symptom_id_1321,小便清多,symptom
symptom_id_1322,小便清稀,symptom
symptom_id_1323,小便清量多,symptom
symptom_id_1324,小便清长,symptom
symptom_id_1325,小便渐利,symptom
symptom_id_1326,小便灼热,symptom
symptom_id_1327,小便灼热感,symptom
symptom_id_1328,小便热,symptom
symptom_id_1329,小便热痛,symptom
symptom_id_1330,小便爽利,symptom
symptom_id_1331,小便略增,symptom
symptom_id_1332,小便疼,symptom
symptom_id_1333,小便疼痛,symptom
symptom_id_1334,小便痛,symptom
symptom_id_1335,小便痛少,symptom
symptom_id_1336,小便白浊,symptom
symptom_id_1337,小便短,symptom
symptom_id_1338,小便短多,symptom
symptom_id_1339,小便短少,symptom
symptom_id_1340,小便短沥,symptom
symptom_id_1341,小便短涩,symptom
symptom_id_1342,小便短清,symptom
symptom_id_1343,小便短赤,symptom
symptom_id_1344,小便短赤涩痛,symptom
symptom_id_1345,小便自利,symptom
symptom_id_1346,小便臭,symptom
symptom_id_1347,小便色深,symptom
symptom_id_1348,小便色深复现,symptom
symptom_id_1349,小便色深少,symptom
symptom_id_1350,小便色深短,symptom
symptom_id_1351,小便色清,symptom
symptom_id_1352,小便色黄,symptom
symptom_id_1353,小便赤,symptom
symptom_id_1354,小便赤短,symptom
symptom_id_1355,小便赤黄,symptom
symptom_id_1356,小便量多,symptom
symptom_id_1357,小便量少,symptom
symptom_id_1358,小便难禁,symptom
symptom_id_1359,小便频,symptom
symptom_id_1360,小便频数,symptom
symptom_id_1361,小便频频,symptom
symptom_id_1362,小便黄,symptom
symptom_id_1363,小便黄少,symptom
symptom_id_1364,小便黄短,symptom
symptom_id_1365,小便黄赤,symptom
symptom_id_1366,小腹冷痛,symptom
symptom_id_1367,小腹坠胀,symptom
symptom_id_1368,小腹疼痛,symptom
symptom_id_1369,小腹痛,symptom
symptom_id_1370,小腹硬满,symptom
symptom_id_1371,小腹胀,symptom
symptom_id_1372,小腹隐痛,symptom
symptom_id_1373,小腿僵硬,symptom
symptom_id_1374,小腿凉,symptom
symptom_id_1375,小腿疼痛,symptom
symptom_id_1376,小腿胀,symptom
symptom_id_1377,少寐,symptom
symptom_id_1378,少气,symptom
symptom_id_1379,少气懒言,symptom
symptom_id_1380,少汗,symptom
symptom_id_1381,少津,symptom
symptom_id_1382,少涎,symptom
symptom_id_1383,少痰,symptom
symptom_id_1384,少精,symptom
symptom_id_1385,少腹冷痛,symptom
symptom_id_1386,少腹坠胀,symptom
symptom_id_1387,少腹弦急,symptom
symptom_id_1388,少腹微满,symptom
symptom_id_1389,少腹急结,symptom
symptom_id_1390,少腹满,symptom
symptom_id_1391,少腹灼热,symptom
symptom_id_1392,少腹痛,symptom
symptom_id_1393,少腹硬痛,symptom
symptom_id_1394,少腹胀,symptom
symptom_id_1395,少腹胀满,symptom
symptom_id_1396,少腹胀痛,symptom
symptom_id_1397,少腹蓄血,symptom
symptom_id_1398,少腹较软,symptom
symptom_id_1399,少言,symptom
symptom_id_1400,少言语,symptom
symptom_id_1401,少阴伏风,symptom
symptom_id_1402,少食,symptom
symptom_id_1403,尿不尽,symptom
symptom_id_1404,尿味重,symptom
symptom_id_1405,尿多,symptom
symptom_id_1406,尿失禁,symptom
symptom_id_1407,尿如浓茶,symptom
symptom_id_1408,尿少,symptom
symptom_id_1409,尿崩症,symptom
symptom_id_1410,尿床,symptom
symptom_id_1411,尿异味,symptom
symptom_id_1412,尿急,symptom
symptom_id_1413,尿浊,symptom
symptom_id_1414,尿涩,symptom
symptom_id_1415,尿淡黄少浑,symptom
symptom_id_1416,尿清长,symptom
symptom_id_1417,尿滞留,symptom
symptom_id_1418,尿灼热,symptom
symptom_id_1419,尿灼热感,symptom
symptom_id_1420,尿灼热感减轻,symptom
symptom_id_1421,尿热,symptom
symptom_id_1422,尿热涩痛,symptom
symptom_id_1423,尿痛,symptom
symptom_id_1424,尿白浊,symptom
symptom_id_1425,尿短,symptom
symptom_id_1426,尿短赤,symptom
symptom_id_1427,尿糖正常,symptom
symptom_id_1428,尿糖高,symptom
symptom_id_1429,尿色如浆,symptom
symptom_id_1430,尿色如茶,symptom
symptom_id_1431,尿色正常,symptom
symptom_id_1432,尿色深,symptom
symptom_id_1433,尿色深浊,symptom
symptom_id_1434,尿色红黄,symptom
symptom_id_1435,尿血,symptom
symptom_id_1436,尿血成块,symptom
symptom_id_1437,尿血血淋,symptom
symptom_id_1438,尿赤,symptom
symptom_id_1439,尿赤涩,symptom
symptom_id_1440,尿赤短,symptom
symptom_id_1441,尿路感染,symptom
symptom_id_1442,尿路结石,symptom
symptom_id_1443,尿道涩痛,symptom
symptom_id_1444,尿道炎,symptom
symptom_id_1445,尿量减少,symptom
symptom_id_1446,尿量多,symptom
symptom_id_1447,尿量少,symptom
symptom_id_1448,尿闭,symptom
symptom_id_1449,尿频,symptom
symptom_id_1450,尿黄,symptom
symptom_id_1451,尿黄赤,symptom
symptom_id_1452,局部疼痛,symptom
symptom_id_1453,局部红肿,symptom
symptom_id_1454,屈伸不利,symptom
symptom_id_1455,岔气作痛,symptom
symptom_id_1456,崩中,symptom
symptom_id_1457,崩带,symptom
symptom_id_1458,崩漏,symptom
symptom_id_1459,崩漏下血,symptom
symptom_id_1460,崩漏带下,symptom
symptom_id_1461,崩漏经多,symptom
symptom_id_1462,巅顶疼痛,symptom
symptom_id_1463,左上下肢活动灵活,symptom
symptom_id_1464,左下肢凉感,symptom
symptom_id_1465,左下肢抬高试验阳性,symptom
symptom_id_1466,左下肢疼痛,symptom
symptom_id_1467,左下肢痛,symptom
symptom_id_1468,左下腹压痛,symptom
symptom_id_1469,左下腹痛,symptom
symptom_id_1470,左中肺肺炎,symptom
symptom_id_1471,左乳疼痛,symptom
symptom_id_1472,左乳肿痛,symptom
symptom_id_1473,左乳肿痛减轻,symptom
symptom_id_1474,左侧腹压痛,symptom
symptom_id_1475,左半身肿,symptom
symptom_id_1476,左半身麻木,symptom
symptom_id_1477,左手无力,symptom
symptom_id_1478,左眼出血,symptom
symptom_id_1479,左眼睑下垂,symptom
symptom_id_1480,左眼视物改善,symptom
symptom_id_1481,左肢活动不利,symptom
symptom_id_1482,左肺叩浊,symptom
symptom_id_1483,左胁痛,symptom
symptom_id_1484,左胁肋疼痛,symptom
symptom_id_1485,左胁肋痛,symptom
symptom_id_1486,左脐下压痛,symptom
symptom_id_1487,左脐旁压痛,symptom
symptom_id_1488,左足能伸,symptom
symptom_id_1489,巩膜无黄染,symptom
symptom_id_1490,巩膜黄,symptom
symptom_id_1491,巩膜黄染,symptom
symptom_id_1492,帕金森病,symptom
symptom_id_1493,带下,symptom
symptom_id_1494,带下减少,symptom
symptom_id_1495,带下多,symptom
symptom_id_1496,带下清稀,symptom
symptom_id_1497,带下白浊,symptom
symptom_id_1498,带下白色,symptom
symptom_id_1499,带下色黄,symptom
symptom_id_1500,带下过多,symptom
symptom_id_1501,带下阴痒,symptom
symptom_id_1502,带下黄白,symptom
symptom_id_1503,带状疱疹,symptom
symptom_id_1504,常叹,symptom
symptom_id_1505,常叹息,symptom
symptom_id_1506,干呕,symptom
symptom_id_1507,干咳,symptom
symptom_id_1508,干咳少痰,symptom
symptom_id_1509,干咳无痰,symptom
symptom_id_1510,干啰音,symptom
symptom_id_1511,干湿啰音,symptom
symptom_id_1512,干湿癣疮,symptom
symptom_id_1513,干燥,symptom
symptom_id_1514,干血痨,symptom
symptom_id_1515,幻听,symptom
symptom_id_1516,幻视,symptom
symptom_id_1517,幼年风湿,symptom
symptom_id_1518,张力负重,symptom
symptom_id_1519,张口呼吸,symptom
symptom_id_1520,张口抬肩,symptom
symptom_id_1521,强中,symptom
symptom_id_1522,强直,symptom
symptom_id_1523,强硬舌,symptom
symptom_id_1524,形体壮实,symptom
symptom_id_1525,形体消瘦,symptom
symptom_id_1526,形体渐丰,symptom
symptom_id_1527,形体瘦弱,symptom
symptom_id_1528,形体肥胖,symptom
symptom_id_1529,形体高大,symptom
symptom_id_1530,形容憔悴,symptom
symptom_id_1531,形寒怕冷,symptom
symptom_id_1532,形寒里热,symptom
symptom_id_1533,往来寒热,symptom
symptom_id_1534,微,symptom
symptom_id_1535,微寒微热,symptom
symptom_id_1536,微弱呼吸,symptom
symptom_id_1537,微恶风寒,symptom
symptom_id_1538,微汗,symptom
symptom_id_1539,微汗出,symptom
symptom_id_1540,微渴,symptom
symptom_id_1541,微热,symptom
symptom_id_1542,微热微寒,symptom
symptom_id_1543,微热恶寒,symptom
symptom_id_1544,微胖,symptom
symptom_id_1545,心下不适,symptom
symptom_id_1546,心下压痛,symptom
symptom_id_1547,心下嘈杂,symptom
symptom_id_1548,心下坚紧,symptom
symptom_id_1549,心下悸,symptom
symptom_id_1550,心下悸动,symptom
symptom_id_1551,心下按之不适,symptom
symptom_id_1552,心下振水音,symptom
symptom_id_1553,心下松软,symptom
symptom_id_1554,心下满,symptom
symptom_id_1555,心下满硬,symptom
symptom_id_1556,心下满闷,symptom
symptom_id_1557,心下疼痛,symptom
symptom_id_1558,心下痛,symptom
symptom_id_1559,心下痞,symptom
symptom_id_1560,心下痞塞,symptom
symptom_id_1561,心下痞满,symptom
symptom_id_1562,心下痞硬,symptom
symptom_id_1563,心下痞软,symptom
symptom_id_1564,心下痞闷,symptom
symptom_id_1565,心下痞鞕,symptom
symptom_id_1566,心下硬块,symptom
symptom_id_1567,心下硬满,symptom
symptom_id_1568,心下胀满,symptom
symptom_id_1569,心下胀闷,symptom
symptom_id_1570,心中憋闷,symptom
symptom_id_1571,心中懊恼,symptom
symptom_id_1572,心中烦热,symptom
symptom_id_1573,心中结痛,symptom
symptom_id_1574,心前区二级收缩期杂音,symptom
symptom_id_1575,心前区闷痛,symptom
symptom_id_1576,心功能不全,symptom
symptom_id_1577,心动悸,symptom
symptom_id_1578,心动过缓,symptom
symptom_id_1579,心动过速,symptom
symptom_id_1580,心包,symptom
symptom_id_1581,心区痛,symptom
symptom_id_1582,心口闷,symptom
symptom_id_1583,心律不齐,symptom
symptom_id_1584,心律异常,symptom
symptom_id_1585,心律齐,symptom
symptom_id_1586,心悸,symptom
symptom_id_1587,心悸不减,symptom
symptom_id_1588,心悸不宁,symptom
symptom_id_1589,心悸剧烈,symptom
symptom_id_1590,心悸易惊,symptom
symptom_id_1591,心悸气短,symptom
symptom_id_1592,心慌,symptom
symptom_id_1593,心摇脉散,symptom
symptom_id_1594,心浊音界扩大,symptom
symptom_id_1595,心火亢盛,symptom
symptom_id_1596,心烦,symptom
symptom_id_1597,心烦不安,symptom
symptom_id_1598,心烦不寐,symptom
symptom_id_1599,心烦不已,symptom
symptom_id_1600,心烦不得眠,symptom
symptom_id_1601,心烦不眠,symptom
symptom_id_1602,心烦减轻,symptom
symptom_id_1603,心烦失眠,symptom
symptom_id_1604,心烦尿赤,symptom
symptom_id_1605,心烦意乱,symptom
symptom_id_1606,心烦易怒,symptom
symptom_id_1607,心烦潮热,symptom
symptom_id_1608,心热,symptom
symptom_id_1609,心率不齐甲亢,symptom
symptom_id_1610,心率失常,symptom
symptom_id_1611,心率快,symptom
symptom_id_1612,心率齐,symptom
symptom_id_1613,心痛,symptom
symptom_id_1614,心痛血痹,symptom
symptom_id_1615,心神不宁,symptom
symptom_id_1616,心神不安,symptom
symptom_id_1617,心神恍惚,symptom
symptom_id_1618,心神蒙混,symptom
symptom_id_1619,心绞痛,symptom
symptom_id_1620,心肌梗死病,symptom
symptom_id_1621,心肾不交,symptom
symptom_id_1622,心胃气痛,symptom
symptom_id_1623,心胸压抑,symptom
symptom_id_1624,心胸微烦,symptom
symptom_id_1625,心胸憋闷,symptom
symptom_id_1626,心胸旷畅,symptom
symptom_id_1627,心胸烦热,symptom
symptom_id_1628,心胸烦闷,symptom
symptom_id_1629,心胸隐痛,symptom
symptom_id_1630,心胸颤悸,symptom
symptom_id_1631,心脏传导阻滞,symptom
symptom_id_1632,心脏压迫感,symptom
symptom_id_1633,心脏疼痛,symptom
symptom_id_1634,心脏病,symptom
symptom_id_1635,心腹,symptom
symptom_id_1636,心腹冷痛,symptom
symptom_id_1637,心腹刺痛,symptom
symptom_id_1638,心腹暴痛,symptom
symptom_id_1639,心腹猝痛,symptom
symptom_id_1640,心腹疼痛,symptom
symptom_id_1641,心腹痛,symptom
symptom_id_1642,心腹筋骨诸痛,symptom
symptom_id_1643,心腹胀痛,symptom
symptom_id_1644,心虚,symptom
symptom_id_1645,心血管堵塞,symptom
symptom_id_1646,心衰,symptom
symptom_id_1647,心跳快,symptom
symptom_id_1648,心阳不足,symptom
symptom_id_1649,心音低钝,symptom
symptom_id_1650,忧思郁结,symptom
symptom_id_1651,忧郁,symptom
symptom_id_1652,忽冷忽热,symptom
symptom_id_1653,怀孕,symptom
symptom_id_1654,态窦房结综合,symptom
symptom_id_1655,怔忡,symptom
symptom_id_1656,怕光,symptom
symptom_id_1657,怕冷,symptom
symptom_id_1658,怕热,symptom
symptom_id_1659,怕风,symptom
symptom_id_1660,思维混乱,symptom
symptom_id_1661,思维迟钝,symptom
symptom_id_1662,思饮,symptom
symptom_id_1663,思饮食,symptom
symptom_id_1664,急性乳腺炎,symptom
symptom_id_1665,急性传染性结膜炎,symptom
symptom_id_1666,急性传染性肝炎,symptom
symptom_id_1667,急性冠状动脉机能不全,symptom
symptom_id_1668,急性咽喉炎,symptom
symptom_id_1669,急性感染性多发性神经炎,symptom
symptom_id_1670,急性扁桃体炎,symptom
symptom_id_1671,急性支气管炎,symptom
symptom_id_1672,急性混合性白血病术,symptom
symptom_id_1673,急性溶血性贫血,symptom
symptom_id_1674,急性炎症性疾病,symptom
symptom_id_1675,急性热病容,symptom
symptom_id_1676,急性痛苦病容,symptom
symptom_id_1677,急性盆腔炎,symptom
symptom_id_1678,急性肝炎,symptom
symptom_id_1679,急性肾炎,symptom
symptom_id_1680,急性胃炎,symptom
symptom_id_1681,急性胆囊炎,symptom
symptom_id_1682,急性胰腺炎,symptom
symptom_id_1683,急性脊髓炎,symptom
symptom_id_1684,急性腮腺炎,symptom
symptom_id_1685,急性菌痢,symptom
symptom_id_1686,急性阑尾炎,symptom
symptom_id_1687,急性风湿性关节炎,symptom
symptom_id_1688,急性黄疸型肝炎,symptom
symptom_id_1689,急惊风,symptom
symptom_id_1690,急慢性肝炎,symptom
symptom_id_1691,急慢性肠炎,symptom
symptom_id_1692,急慢性肾小球肾炎,symptom
symptom_id_1693,急慢性肾炎,symptom
symptom_id_1694,急躁,symptom
symptom_id_1695,急躁易怒,symptom
symptom_id_1696,性功能下降,symptom
symptom_id_1697,性功能低下,symptom
symptom_id_1698,性功能减退,symptom
symptom_id_1699,性情急躁,symptom
symptom_id_1700,性欲减退,symptom
symptom_id_1701,恐惧,symptom
symptom_id_1702,恐惧感,symptom
symptom_id_1703,恐风,symptom
symptom_id_1704,息满,symptom
symptom_id_1705,息满唇焦,symptom
symptom_id_1706,息高气促,symptom
symptom_id_1707,恶寒,symptom
symptom_id_1708,恶寒发热,symptom
symptom_id_1709,恶寒喜温,symptom
symptom_id_1710,恶心,symptom
symptom_id_1711,恶心呕吐,symptom
symptom_id_1712,恶热,symptom
symptom_id_1713,恶疮,symptom
symptom_id_1714,恶疮癣疾,symptom
symptom_id_1715,恶阻,symptom
symptom_id_1716,恶阻未罢,symptom
symptom_id_1717,恶露,symptom
symptom_id_1718,恶露不净,symptom
symptom_id_1719,恶露不尽,symptom
symptom_id_1720,恶露不排,symptom
symptom_id_1721,恶露不断,symptom
symptom_id_1722,恶露不畅,symptom
symptom_id_1723,恶露不行,symptom
symptom_id_1724,恶露多,symptom
symptom_id_1725,恶露少,symptom
symptom_id_1726,恶露浓稠,symptom
symptom_id_1727,恶露清稀,symptom
symptom_id_1728,恶露甚少,symptom
symptom_id_1729,恶露稀少,symptom
symptom_id_1730,恶露量少,symptom
symptom_id_1731,恶风,symptom
symptom_id_1732,恶风发热,symptom
symptom_id_1733,恶风寒,symptom
symptom_id_1734,患部灼热红肿,symptom
symptom_id_1735,患部疼痛,symptom
symptom_id_1736,患部红肿,symptom
symptom_id_1737,悲伤,symptom
symptom_id_1738,情志不畅,symptom
symptom_id_1739,情志抑郁,symptom
symptom_id_1740,情绪不稳定,symptom
symptom_id_1741,情绪低落,symptom
symptom_id_1742,情绪激动,symptom
symptom_id_1743,惊厥,symptom
symptom_id_1744,惊啼,symptom
symptom_id_1745,惊怖恍惚,symptom
symptom_id_1746,惊恐,symptom
symptom_id_1747,惊恐不安,symptom
symptom_id_1748,惊悸,symptom
symptom_id_1749,惊悸不宁,symptom
symptom_id_1750,惊悸不安,symptom
symptom_id_1751,惊悸晕厥,symptom
symptom_id_1752,惊狂,symptom
symptom_id_1753,惊痫,symptom
symptom_id_1754,惊痫抽搐,symptom
symptom_id_1755,惊风,symptom
symptom_id_1756,惊风抽搐,symptom
symptom_id_1757,惊风搐搦,symptom
symptom_id_1758,意识模糊,symptom
symptom_id_1759,感冒,symptom
symptom_id_1760,感冒夹惊,symptom
symptom_id_1761,感冒流涕,symptom
symptom_id_1762,感寒,symptom
symptom_id_1763,感觉功能减退,symptom
symptom_id_1764,感风寒,symptom
symptom_id_1765,慢性冠脉供血不足,symptom
symptom_id_1766,慢性咽喉炎,symptom
symptom_id_1767,慢性咽炎,symptom
symptom_id_1768,慢性扁桃体炎,symptom
symptom_id_1769,慢性支气管炎,symptom
symptom_id_1770,慢性气管炎,symptom
symptom_id_1771,慢性泄泻,symptom
symptom_id_1772,慢性痢疾,symptom
symptom_id_1773,慢性盆腔炎,symptom
symptom_id_1774,慢性结肠炎,symptom
symptom_id_1775,慢性肝炎,symptom
symptom_id_1776,慢性肠炎,symptom
symptom_id_1777,慢性肠胃炎,symptom
symptom_id_1778,慢性肥厚性胃炎,symptom
symptom_id_1779,慢性肾小球肾炎,symptom
symptom_id_1780,慢性肾炎,symptom
symptom_id_1781,慢性胃炎,symptom
symptom_id_1782,慢性胃痛,symptom
symptom_id_1783,慢性胆囊炎,symptom
symptom_id_1784,慢性腹泻,symptom
symptom_id_1785,慢性荨麻疹,symptom
symptom_id_1786,慢性萎缩性胃炎,symptom
symptom_id_1787,慢性阑尾炎,symptom
symptom_id_1788,慢性附件炎,symptom
symptom_id_1789,慢性风湿性关节炎,symptom
symptom_id_1790,慢性骨髓炎,symptom
symptom_id_1791,慢脾风,symptom
symptom_id_1792,憋气,symptom
symptom_id_1793,憋胀,symptom
symptom_id_1794,憔悴,symptom
symptom_id_1795,懒言,symptom
symptom_id_1796,或小儿痿躄,symptom
symptom_id_1797,战栗,symptom
symptom_id_1798,房劳,symptom
symptom_id_1799,房室早搏,symptom
symptom_id_1800,房颤,symptom
symptom_id_1801,扁桃体化脓,symptom
symptom_id_1802,扁桃体炎,symptom
symptom_id_1803,扁桃体肿,symptom
symptom_id_1804,扁桃体肿大,symptom
symptom_id_1805,扁桃体轻度化脓,symptom
symptom_id_1806,手不能握,symptom
symptom_id_1807,手关节疼痛,symptom
symptom_id_1808,手冰冷,symptom
symptom_id_1809,手冷,symptom
symptom_id_1810,手干,symptom
symptom_id_1811,手心发热,symptom
symptom_id_1812,手心热,symptom
symptom_id_1813,手心疖子,symptom
symptom_id_1814,手怕冷,symptom
symptom_id_1815,手指僵硬,symptom
symptom_id_1816,手指变形,symptom
symptom_id_1817,手指疼痛,symptom
symptom_id_1818,手指纹浅,symptom
symptom_id_1819,手指纹路浅,symptom
symptom_id_1820,手指纹路淡黄,symptom
symptom_id_1821,手指纹路深,symptom
symptom_id_1822,手指蠕动,symptom
symptom_id_1823,手掌蜕皮,symptom
symptom_id_1824,手汗多,symptom
symptom_id_1825,手热,symptom
symptom_id_1826,手肿,symptom
symptom_id_1827,手胀,symptom
symptom_id_1828,手脚冰冷,symptom
symptom_id_1829,手脚冰凉,symptom
symptom_id_1830,手脚冷,symptom
symptom_id_1831,手脚出汗,symptom
symptom_id_1832,手脚心热,symptom
symptom_id_1833,手脚怕冷,symptom
symptom_id_1834,手脚热,symptom
symptom_id_1835,手脚麻木,symptom
symptom_id_1836,手臂疼痛,symptom
symptom_id_1837,手臂酸痛,symptom
symptom_id_1838,手蜕皮,symptom
symptom_id_1839,手足不遂,symptom
symptom_id_1840,手足大片紫斑,symptom
symptom_id_1841,手足干燥,symptom
symptom_id_1842,手足心烦,symptom
symptom_id_1843,手足心热,symptom
symptom_id_1844,手足扬掷,symptom
symptom_id_1845,手足抽搐,symptom
symptom_id_1846,手足挛痛,symptom
symptom_id_1847,手足汗出,symptom
symptom_id_1848,手足温,symptom
symptom_id_1849,手足烦热,symptom
symptom_id_1850,手足痿软,symptom
symptom_id_1851,手足瘈疭,symptom
symptom_id_1852,手足癣,symptom
symptom_id_1853,手足皲裂,symptom
symptom_id_1854,手足蠕动,symptom
symptom_id_1855,手软无力,symptom
symptom_id_1856,手部出汗,symptom
symptom_id_1857,手部皲裂,symptom
symptom_id_1858,手部肿胀,symptom
symptom_id_1859,手部颤抖,symptom
symptom_id_1860,手麻,symptom
symptom_id_1861,手麻木,symptom
symptom_id_1862,扑损瘀血,symptom
symptom_id_1863,打呼噜,symptom
symptom_id_1864,打喷嚏,symptom
symptom_id_1865,打嗝,symptom
symptom_id_1866,打鼾,symptom
symptom_id_1867,扭伤,symptom
symptom_id_1868,扭伤肿痛,symptom
symptom_id_1869,扭挫伤痛,symptom
symptom_id_1870,抑郁,symptom
symptom_id_1871,抓挠行为,symptom
symptom_id_1872,抗肿瘤,symptom
symptom_id_1873,抱头痛哭,symptom
symptom_id_1874,抽停入睡,symptom
symptom_id_1875,抽搐,symptom
symptom_id_1876,抽搐发作,symptom
symptom_id_1877,抽搐发痉,symptom
symptom_id_1878,抽搐惊啼,symptom
symptom_id_1879,抽搐拘挛,symptom
symptom_id_1880,抽筋,symptom
symptom_id_1881,抽风,symptom
symptom_id_1882,拒食,symptom
symptom_id_1883,拘急,symptom
symptom_id_1884,拘挛麻木,symptom
symptom_id_1885,指关节疼痛,symptom
symptom_id_1886,指尖青紫,symptom
symptom_id_1887,指甲增厚,symptom
symptom_id_1888,指甲脆,symptom
symptom_id_1889,指甲苍白,symptom
symptom_id_1890,指纹不显,symptom
symptom_id_1891,指纹浮,symptom
symptom_id_1892,指纹淡红,symptom
symptom_id_1893,指纹淡青,symptom
symptom_id_1894,指纹紫滞,symptom
symptom_id_1895,指纹色紫,symptom
symptom_id_1896,指纹色青紫,symptom
symptom_id_1897,指纹青暗,symptom
symptom_id_1898,指纹青紫,symptom
symptom_id_1899,指纹青紫透气关,symptom
symptom_id_1900,挑食,symptom
symptom_id_1901,损伤出血,symptom
symptom_id_1902,排便困难,symptom
symptom_id_1903,排尿不畅,symptom
symptom_id_1904,排尿剧烈痛,symptom
symptom_id_1905,排尿困难,symptom
symptom_id_1906,攀握加重,symptom
symptom_id_1907,支气管内膜结核病,symptom
symptom_id_1908,支气管哮喘,symptom
symptom_id_1909,支气管扩张,symptom
symptom_id_1910,支气管扩张病,symptom
symptom_id_1911,支气管炎,symptom
symptom_id_1912,支气管疾病,symptom
symptom_id_1913,支气管肺炎,symptom
symptom_id_1914,收敛固涩,symptom
symptom_id_1915,改善,symptom
symptom_id_1916,敏感,symptom
symptom_id_1917,散结,symptom
symptom_id_1918,斑疹,symptom
symptom_id_1919,斑疹不透,symptom
symptom_id_1920,斑疹紫黑,symptom
symptom_id_1921,斑秃,symptom
symptom_id_1922,断乳,symptom
symptom_id_1923,新久咳嗽,symptom
symptom_id_1924,新久风痹,symptom
symptom_id_1925,新生儿溶血,symptom
symptom_id_1926,新生儿黄疸,symptom
symptom_id_1927,旋晕,symptom
symptom_id_1928,无力,symptom
symptom_id_1929,无发热,symptom
symptom_id_1930,无口渴,symptom
symptom_id_1931,无口苦,symptom
symptom_id_1932,无味,symptom
symptom_id_1933,无味觉,symptom
symptom_id_1934,无尿,symptom
symptom_id_1935,无干湿啰音,symptom
symptom_id_1936,无汗,symptom
symptom_id_1937,无汗骨蒸,symptom
symptom_id_1938,无痰,symptom
symptom_id_1939,无皮疹,symptom
symptom_id_1940,无神,symptom
symptom_id_1941,无移动性浊音,symptom
symptom_id_1942,无表情呆滞,symptom
symptom_id_1943,无里急后重,symptom
symptom_id_1944,无面黄,symptom
symptom_id_1945,无饥饿感,symptom
symptom_id_1946,日三四便,symptom
symptom_id_1947,日晡潮热,symptom
symptom_id_1948,日普潮热,symptom
symptom_id_1949,早搏,symptom
symptom_id_1950,早泄,symptom
symptom_id_1951,早泄滑精,symptom
symptom_id_1952,时昏,symptom
symptom_id_1953,昏倒,symptom
symptom_id_1954,昏厥,symptom
symptom_id_1955,昏昏欲睡,symptom
symptom_id_1956,昏睡,symptom
symptom_id_1957,昏睡不语,symptom
symptom_id_1958,昏睡加重,symptom
symptom_id_1959,昏迷,symptom
symptom_id_1960,昏迷不语,symptom
symptom_id_1961,昏迷不醒,symptom
symptom_id_1962,昏迷舌謇,symptom
symptom_id_1963,易出汗,symptom
symptom_id_1964,易呕吐,symptom
symptom_id_1965,易怒,symptom
symptom_id_1966,易悲伤,symptom
symptom_id_1967,易惊,symptom
symptom_id_1968,易惊恐,symptom
symptom_id_1969,易惊悸,symptom
symptom_id_1970,易惊醒,symptom
symptom_id_1971,易感冒,symptom
symptom_id_1972,易流产,symptom
symptom_id_1973,易激动,symptom
symptom_id_1974,易燥,symptom
symptom_id_1975,易疲劳,symptom
symptom_id_1976,易紧张,symptom
symptom_id_1977,易躁,symptom
symptom_id_1978,易醒,symptom
symptom_id_1979,易醒类,symptom
symptom_id_1980,易饥饿,symptom
symptom_id_1981,易饿,symptom
symptom_id_1982,显性黄疸,symptom
symptom_id_1983,晕厥,symptom
symptom_id_1984,晚期血吸虫病,symptom
symptom_id_1985,晨泄,symptom
symptom_id_1986,晨起乏力,symptom
symptom_id_1987,晨起疲乏,symptom
symptom_id_1988,智力迟钝,symptom
symptom_id_1989,暑温,symptom
symptom_id_1990,暑湿,symptom
symptom_id_1991,暑湿内蕴,symptom
symptom_id_1992,暑湿吐泻,symptom
symptom_id_1993,暑湿感冒,symptom
symptom_id_1994,暑湿泄泻,symptom
symptom_id_1995,暑湿烦渴,symptom
symptom_id_1996,暑湿表证,symptom
symptom_id_1997,暑热,symptom
symptom_id_1998,暑热口渴,symptom
symptom_id_1999,暑热烦渴,symptom
symptom_id_2000,暑邪发热,symptom
symptom_id_2001,暧气,symptom
symptom_id_2002,暴厥,symptom
symptom_id_2003,暴泻,symptom
symptom_id_2004,暴眼赤痛,symptom
symptom_id_2005,暴躁,symptom
symptom_id_2006,更年期综合征,symptom
symptom_id_2007,更年期综合症,symptom
symptom_id_2008,月经不规律,symptom
symptom_id_2009,月经不调,symptom
symptom_id_2010,月经先后不定,symptom
symptom_id_2011,月经先期,symptom
symptom_id_2012,月经后期,symptom
symptom_id_2013,月经复行,symptom
symptom_id_2014,月经夹块,symptom
symptom_id_2015,月经夹有血块,symptom
symptom_id_2016,月经夹血块,symptom
symptom_id_2017,月经延期,symptom
symptom_id_2018,月经延迟,symptom
symptom_id_2019,月经推后,symptom
symptom_id_2020,月经推延,symptom
symptom_id_2021,月经推迟,symptom
symptom_id_2022,月经提前,symptom
symptom_id_2023,月经曾正常,symptom
symptom_id_2024,月经期短,symptom
symptom_id_2025,月经期长,symptom
symptom_id_2026,月经未净,symptom
symptom_id_2027,月经未潮,symptom
symptom_id_2028,月经未行,symptom
symptom_id_2029,月经来潮,symptom
symptom_id_2030,月经正常,symptom
symptom_id_2031,月经淋漓,symptom
symptom_id_2032,月经淋漓不尽,symptom
symptom_id_2033,月经稀薄,symptom
symptom_id_2034,月经紊乱,symptom
symptom_id_2035,月经紊乱小腹痛,symptom
symptom_id_2036,月经紊乱无变化,symptom
symptom_id_2037,月经色暗,symptom
symptom_id_2038,月经色浅,symptom
symptom_id_2039,月经色淡,symptom
symptom_id_2040,月经色深,symptom
symptom_id_2041,月经色紫,symptom
symptom_id_2042,月经色紫暗,symptom
symptom_id_2043,月经色紫黑,symptom
symptom_id_2044,月经色黑,symptom
symptom_id_2045,月经血块,symptom
symptom_id_2046,月经血块多,symptom
symptom_id_2047,月经血块腰酸,symptom
symptom_id_2048,月经过多,symptom
symptom_id_2049,月经过少,symptom
symptom_id_2050,月经逾期,symptom
symptom_id_2051,月经量增,symptom
symptom_id_2052,月经量多,symptom
symptom_id_2053,月经量少,symptom
symptom_id_2054,月经量过多,symptom
symptom_id_2055,有异味,symptom
symptom_id_2056,有痰,symptom
symptom_id_2057,有神,symptom
symptom_id_2058,有血块,symptom
symptom_id_2059,木舌重舌,symptom
symptom_id_2060,末梢循环障碍,symptom
symptom_id_2061,杀虫,symptom
symptom_id_2062,杨梅疮,symptom
symptom_id_2063,桶状胸,symptom
symptom_id_2064,梅尼埃综合征,symptom
symptom_id_2065,梅核气,symptom
symptom_id_2066,梅毒,symptom
symptom_id_2067,梦多,symptom
symptom_id_2068,梦游,symptom
symptom_id_2069,梦话,symptom
symptom_id_2070,梦遗,symptom
symptom_id_2071,梦遗滑精,symptom
symptom_id_2072,梦魇,symptom
symptom_id_2073,植物神经紊乱,symptom
symptom_id_2074,模糊,symptom
symptom_id_2075,欲育,symptom
symptom_id_2076,步不稳,symptom
symptom_id_2077,步履不调,symptom
symptom_id_2078,步态不稳,symptom
symptom_id_2079,步行困难,symptom
symptom_id_2080,死胎,symptom
symptom_id_2081,毒蛇咬伤,symptom
symptom_id_2082,毒血症,symptom
symptom_id_2083,气上冲,symptom
symptom_id_2084,气上冲感,symptom
symptom_id_2085,气上喉,symptom
symptom_id_2086,气上心头,symptom
symptom_id_2087,气上撞心剧痛,symptom
symptom_id_2088,气不摄血,symptom
symptom_id_2089,气促,symptom
symptom_id_2090,气厥,symptom
symptom_id_2091,气喘,symptom
symptom_id_2092,气喘未愈,symptom
symptom_id_2093,气块,symptom
symptom_id_2094,气塑,symptom
symptom_id_2095,气少,symptom
symptom_id_2096,气急,symptom
symptom_id_2097,气急喘鸣,symptom
symptom_id_2098,气怯懒言,symptom
symptom_id_2099,气恼,symptom
symptom_id_2100,气机不畅,symptom
symptom_id_2101,气滞,symptom
symptom_id_2102,气短,symptom
symptom_id_2103,气短喘急,symptom
symptom_id_2104,气秽,symptom
symptom_id_2105,气管炎,symptom
symptom_id_2106,气粗,symptom
symptom_id_2107,气色转好,symptom
symptom_id_2108,气虚,symptom
symptom_id_2109,气虚乏力,symptom
symptom_id_2110,气虚水肿,symptom
symptom_id_2111,气虚血亏,symptom
symptom_id_2112,气虚阴亏,symptom
symptom_id_2113,气血不足,symptom
symptom_id_2114,气血亏虚,symptom
symptom_id_2115,气血凝滞,symptom
symptom_id_2116,气血津液不足,symptom
symptom_id_2117,气血虚,symptom
symptom_id_2118,气血虚弱,symptom
symptom_id_2119,气逆,symptom
symptom_id_2120,气逆咳喘,symptom
symptom_id_2121,气逆喘咳,symptom
symptom_id_2122,气逆喘急,symptom
symptom_id_2123,气逆喘鸣,symptom
symptom_id_2124,气郁暴厥,symptom
symptom_id_2125,气闭,symptom
symptom_id_2126,气闭耳聋,symptom
symptom_id_2127,气闷,symptom
symptom_id_2128,气阴不足,symptom
symptom_id_2129,氯霉素片,symptom
symptom_id_2130,水伤,symptom
symptom_id_2131,水气肿满,symptom
symptom_id_2132,水泡,symptom
symptom_id_2133,水火烫伤,symptom
symptom_id_2134,水肿,symptom
symptom_id_2135,水肿尿少,symptom
symptom_id_2136,水肿胀满,symptom
symptom_id_2137,水肿臌胀,symptom
symptom_id_2138,水臌,symptom
symptom_id_2139,水食难入,symptom
symptom_id_2140,汗便俱行,symptom
symptom_id_2141,汗减少,symptom
symptom_id_2142,汗出,symptom
symptom_id_2143,汗出不止,symptom
symptom_id_2144,汗出如油,symptom
symptom_id_2145,汗出时微,symptom
symptom_id_2146,汗出渐少,symptom
symptom_id_2147,汗出热不退,symptom
symptom_id_2148,汗出轻度,symptom
symptom_id_2149,汗出遍体,symptom
symptom_id_2150,汗出额风,symptom
symptom_id_2151,汗多,symptom
symptom_id_2152,汗少,symptom
symptom_id_2153,汗毛稀少,symptom
symptom_id_2154,汗毛脱落,symptom
symptom_id_2155,汞中毒,symptom
symptom_id_2156,污臭宿便,symptom
symptom_id_2157,汤火伤,symptom
symptom_id_2158,沉默不语,symptom
symptom_id_2159,沉默寡言,symptom
symptom_id_2160,没精神,symptom
symptom_id_2161,泄利,symptom
symptom_id_2162,泄泻,symptom
symptom_id_2163,泄痢,symptom
symptom_id_2164,泛吐清涎,symptom
symptom_id_2165,泛热,symptom
symptom_id_2166,泛酸,symptom
symptom_id_2167,泡沫性呕吐,symptom
symptom_id_2168,泡沫样带下多,symptom
symptom_id_2169,注意力不集中,symptom
symptom_id_2170,注意力障碍,symptom
symptom_id_2171,泪囊炎,symptom
symptom_id_2172,泪多,symptom
symptom_id_2173,泻下色转黄褐,symptom
symptom_id_2174,泻前肠鸣,symptom
symptom_id_2175,泻痢,symptom
symptom_id_2176,泻痢不爽,symptom
symptom_id_2177,泻痢脱肛,symptom
symptom_id_2178,泻痢腹痛,symptom
symptom_id_2179,泻血,symptom
symptom_id_2180,津伤便秘,symptom
symptom_id_2181,津伤口渴,symptom
symptom_id_2182,津枯肠燥,symptom
symptom_id_2183,津液少,symptom
symptom_id_2184,活动不灵,symptom
symptom_id_2185,活动后紫癜,symptom
symptom_id_2186,流产,symptom
symptom_id_2187,流产后不规则出血,symptom
symptom_id_2188,流口水,symptom
symptom_id_2189,流感,symptom
symptom_id_2190,流注,symptom
symptom_id_2191,流泪,symptom
symptom_id_2192,流涎,symptom
symptom_id_2193,流涕,symptom
symptom_id_2194,流红涕,symptom
symptom_id_2195,流脑,symptom
symptom_id_2196,流血过多,symptom
symptom_id_2197,流行性乙型脑炎,symptom
symptom_id_2198,流行性感冒,symptom
symptom_id_2199,流行性腮腺炎,symptom
symptom_id_2200,流行性腹泻,symptom
symptom_id_2201,流质饮食,symptom
symptom_id_2202,流黄水,symptom
symptom_id_2203,流鼻涕,symptom
symptom_id_2204,流鼻血,symptom
symptom_id_2205,浑身酸痛,symptom
symptom_id_2206,浮,symptom
symptom_id_2207,浮肿,symptom
symptom_id_2208,浮肿貌,symptom
symptom_id_2209,消化,symptom
symptom_id_2210,消化不好,symptom
symptom_id_2211,消化不良,symptom
symptom_id_2212,消化性溃疡,symptom
symptom_id_2213,消化道癌症,symptom
symptom_id_2214,消渴,symptom
symptom_id_2215,消瘦,symptom
symptom_id_2216,涎唾,symptom
symptom_id_2217,涎唾自漏,symptom
symptom_id_2218,涎多,symptom
symptom_id_2219,涎沫,symptom
symptom_id_2220,润肺化痰,symptom
symptom_id_2221,淋巴结,symptom
symptom_id_2222,淋巴结核,symptom
symptom_id_2223,淋巴结肿大,symptom
symptom_id_2224,淋巴肿大,symptom
symptom_id_2225,淋沥涩痛,symptom
symptom_id_2226,淋浊,symptom
symptom_id_2227,淋浊带下,symptom
symptom_id_2228,淋漓不尽,symptom
symptom_id_2229,淋病,symptom
symptom_id_2230,淋证,symptom
symptom_id_2231,淋证涩痛,symptom
symptom_id_2232,清涎,symptom
symptom_id_2233,清醒不语,symptom
symptom_id_2234,温毒发斑,symptom
symptom_id_2235,温热,symptom
symptom_id_2236,温热头痛,symptom
symptom_id_2237,温热斑疹,symptom
symptom_id_2238,温疟,symptom
symptom_id_2239,温病,symptom
symptom_id_2240,温病发热,symptom
symptom_id_2241,温病热盛,symptom
symptom_id_2242,温病高热,symptom
symptom_id_2243,温邪伤营发热,symptom
symptom_id_2244,温邪伤阴,symptom
symptom_id_2245,渴,symptom
symptom_id_2246,渴不欲饮,symptom
symptom_id_2247,渴水,symptom
symptom_id_2248,湿啰音,symptom
symptom_id_2249,湿毒疮,symptom
symptom_id_2250,湿浊中阻,symptom
symptom_id_2251,湿浊内阻,symptom
symptom_id_2252,湿温,symptom
symptom_id_2253,湿温暑湿,symptom
symptom_id_2254,湿滞伤中,symptom
symptom_id_2255,湿热,symptom
symptom_id_2256,湿热带下,symptom
symptom_id_2257,湿热水泻,symptom
symptom_id_2258,湿热泻痢,symptom
symptom_id_2259,湿热淋浊,symptom
symptom_id_2260,湿热淋证,symptom
symptom_id_2261,湿热疮毒,symptom
symptom_id_2262,湿热痞满,symptom
symptom_id_2263,湿热痢疾,symptom
symptom_id_2264,湿热痹痛,symptom
symptom_id_2265,湿热癃闭,symptom
symptom_id_2266,湿热脚气,symptom
symptom_id_2267,湿热黄疸,symptom
symptom_id_2268,湿疮,symptom
symptom_id_2269,湿疮脓水浸淫,symptom
symptom_id_2270,湿疹,symptom
symptom_id_2271,湿疹疮毒,symptom
symptom_id_2272,湿疹瘙痒,symptom
symptom_id_2273,湿痰咳嗽,symptom
symptom_id_2274,湿痰寒痰,symptom
symptom_id_2275,湿痹,symptom
symptom_id_2276,湿痹拘挛,symptom
symptom_id_2277,湿腰腿痛,symptom
symptom_id_2278,湿阻中焦,symptom
symptom_id_2279,湿阻气滞,symptom
symptom_id_2280,溃疡,symptom
symptom_id_2281,溃疡不敛,symptom
symptom_id_2282,溃疡性结肠炎,symptom
symptom_id_2283,溏结不调,symptom
symptom_id_2284,溢乳,symptom
symptom_id_2285,溺水受凉,symptom
symptom_id_2286,滑,symptom
symptom_id_2287,滑泄,symptom
symptom_id_2288,滑精,symptom
symptom_id_2289,满脸皱纹,symptom
symptom_id_2290,满腹拒压,symptom
symptom_id_2291,滤泡增生,symptom
symptom_id_2292,滴虫性阴道炎,symptom
symptom_id_2293,漏下,symptom
symptom_id_2294,漏尿,symptom
symptom_id_2295,漏汗,symptom
symptom_id_2296,漏血,symptom
symptom_id_2297,潮热,symptom
symptom_id_2298,潮热怕冷,symptom
symptom_id_2299,潮热盗汗,symptom
symptom_id_2300,火伤,symptom
symptom_id_2301,火毒疮疡,symptom
symptom_id_2302,火眼,symptom
symptom_id_2303,灼热感,symptom
symptom_id_2304,烂喉,symptom
symptom_id_2305,烂弦风眼,symptom
symptom_id_2306,烂眼,symptom
symptom_id_2307,烈性烈性,symptom
symptom_id_2308,烦恼,symptom
symptom_id_2309,烦渴,symptom
symptom_id_2310,烦热,symptom
symptom_id_2311,烦热口干,symptom
symptom_id_2312,烦热口渴,symptom
symptom_id_2313,烦热惊悸,symptom
symptom_id_2314,烦热消渴,symptom
symptom_id_2315,烦燥不安,symptom
symptom_id_2316,烦躁,symptom
symptom_id_2317,烦躁不安,symptom
symptom_id_2318,烦躁乳房疼痛,symptom
symptom_id_2319,烦躁易怒,symptom
symptom_id_2320,烦躁泄痢,symptom
symptom_id_2321,烦躁胸闷,symptom
symptom_id_2322,烧心,symptom
symptom_id_2323,烧烫伤,symptom
symptom_id_2324,烫伤,symptom
symptom_id_2325,热入营血,symptom
symptom_id_2326,热入营阴虚内热,symptom
symptom_id_2327,热咳,symptom
symptom_id_2328,热嗽,symptom
symptom_id_2329,热毒疮疖,symptom
symptom_id_2330,热毒疮疡,symptom
symptom_id_2331,热毒痰火郁结,symptom
symptom_id_2332,热毒目翳,symptom
symptom_id_2333,热毒血痢,symptom
symptom_id_2334,热淋,symptom
symptom_id_2335,热淋涩痛,symptom
symptom_id_2336,热烦,symptom
symptom_id_2337,热疫,symptom
symptom_id_2338,热疮,symptom
symptom_id_2339,热病,symptom
symptom_id_2340,热病伤阴,symptom
symptom_id_2341,热病容,symptom
symptom_id_2342,热病心烦,symptom
symptom_id_2343,热病津伤,symptom
symptom_id_2344,热病烦渴,symptom
symptom_id_2345,热病痉厥,symptom
symptom_id_2346,热病神昏,symptom
symptom_id_2347,热病虚烦不眠,symptom
symptom_id_2348,热痛,symptom
symptom_id_2349,热痢,symptom
symptom_id_2350,热痹疼痛,symptom
symptom_id_2351,热结便秘,symptom
symptom_id_2352,热肉,symptom
symptom_id_2353,热肿,symptom
symptom_id_2354,热退,symptom
symptom_id_2355,热饮,symptom
symptom_id_2356,焦虑,symptom
symptom_id_2357,焦躁,symptom
symptom_id_2358,煅牡蛎,symptom
symptom_id_2359,煨木香实肠止泻,symptom
symptom_id_2360,燥屎,symptom
symptom_id_2361,燥热,symptom
symptom_id_2362,燥热咳嗽,symptom
symptom_id_2363,燥粪,symptom
symptom_id_2364,燥结便秘,symptom
symptom_id_2365,爪甲淡白,symptom
symptom_id_2366,爪甲青紫,symptom
symptom_id_2367,牙关不利,symptom
symptom_id_2368,牙关强引,symptom
symptom_id_2369,牙关紧闭,symptom
symptom_id_2370,牙出血,symptom
symptom_id_2371,牙宣,symptom
symptom_id_2372,牙疳,symptom
symptom_id_2373,牙痛,symptom
symptom_id_2374,牙肿胀,symptom
symptom_id_2375,牙齿干燥,symptom
symptom_id_2376,牙齿松动,symptom
symptom_id_2377,牙齿浮动,symptom
symptom_id_2378,牙龈出血,symptom
symptom_id_2379,牙龈增殖,symptom
symptom_id_2380,牙龈溃烂,symptom
symptom_id_2381,牙龈红肿,symptom
symptom_id_2382,牙龈肿,symptom
symptom_id_2383,牙龈肿痛,symptom
symptom_id_2384,牙龈萎缩,symptom
symptom_id_2385,牛皮癣,symptom
symptom_id_2386,特殊麻木表现,symptom
symptom_id_2387,犬咬伤,symptom
symptom_id_2388,狂乱谵妄,symptom
symptom_id_2389,狂像略平,symptom
symptom_id_2390,狂犬伤,symptom
symptom_id_2391,狂躁,symptom
symptom_id_2392,狂躁不安,symptom
symptom_id_2393,狂躁谵妄,symptom
symptom_id_2394,狭长结石,symptom
symptom_id_2395,猝倒,symptom
symptom_id_2396,猝然昏倒,symptom
symptom_id_2397,球结膜充血,symptom
symptom_id_2398,生殖器疼痛,symptom
symptom_id_2399,生殖系统疼痛,symptom
symptom_id_2400,生疖肿,symptom
symptom_id_2401,甲状腺肿大,symptom
symptom_id_2402,电击伤,symptom
symptom_id_2403,电击昏跌,symptom
symptom_id_2404,畏光,symptom
symptom_id_2405,畏光流泪,symptom
symptom_id_2406,畏寒,symptom
symptom_id_2407,畏寒发热,symptom
symptom_id_2408,畏寒怕冷,symptom
symptom_id_2409,畏寒肢冷,symptom
symptom_id_2410,畏风,symptom
symptom_id_2411,畏风寒,symptom
symptom_id_2412,略布津液,symptom
symptom_id_2413,疔毒,symptom
symptom_id_2414,疔疮,symptom
symptom_id_2415,疔疮痈肿,symptom
symptom_id_2416,疔疮肿毒,symptom
symptom_id_2417,疔疮肿痛,symptom
symptom_id_2418,疔肿,symptom
symptom_id_2419,疖痈,symptom
symptom_id_2420,疖肿,symptom
symptom_id_2421,疚涎壅甚,symptom
symptom_id_2422,疝气,symptom
symptom_id_2423,疝气疼痛,symptom
symptom_id_2424,疝气痛,symptom
symptom_id_2425,疝痛,symptom
symptom_id_2426,疟疾,symptom
symptom_id_2427,疟疾寒热,symptom
symptom_id_2428,疠风,symptom
symptom_id_2429,疠风瘙痒,symptom
symptom_id_2430,疥疮,symptom
symptom_id_2431,疥癞,symptom
symptom_id_2432,疥癣,symptom
symptom_id_2433,疥癣疮癞,symptom
symptom_id_2434,疥癣瘙痒,symptom
symptom_id_2435,疥癣秃疮,symptom
symptom_id_2436,疥癣麻风,symptom
symptom_id_2437,疮口不敛,symptom
symptom_id_2438,疮毒,symptom
symptom_id_2439,疮疖,symptom
symptom_id_2440,疮疖痈肿,symptom
symptom_id_2441,疮疡,symptom
symptom_id_2442,疮疡不敛,symptom
symptom_id_2443,疮疡久溃不敛,symptom
symptom_id_2444,疮疡肿毒,symptom
symptom_id_2445,疮疡肿痛,symptom
symptom_id_2446,疮疥,symptom
symptom_id_2447,疮疥肿毒,symptom
symptom_id_2448,疮痈肿毒,symptom
symptom_id_2449,疮痹,symptom
symptom_id_2450,疮癣,symptom
symptom_id_2451,疮癣肿毒,symptom
symptom_id_2452,疮肿,symptom
symptom_id_2453,疱疹,symptom
symptom_id_2454,疲乏,symptom
symptom_id_2455,疲乏倦怠,symptom
symptom_id_2456,疲乏无力,symptom
symptom_id_2457,疲倦,symptom
symptom_id_2458,疲劳,symptom
symptom_id_2459,疲惫,symptom
symptom_id_2460,疳泻,symptom
symptom_id_2461,疳热,symptom
symptom_id_2462,疳热虫积,symptom
symptom_id_2463,疳疾,symptom
symptom_id_2464,疳积,symptom
symptom_id_2465,疳积发热,symptom
symptom_id_2466,疹出不透,symptom
symptom_id_2467,疹色转红,symptom
symptom_id_2468,疼痛,symptom
symptom_id_2469,疼痛减轻,symptom
symptom_id_2470,疼痛未减,symptom
symptom_id_2471,疾微不调,symptom
symptom_id_2472,痃癖癥瘕,symptom
symptom_id_2473,痄腮,symptom
symptom_id_2474,痄腮丹毒,symptom
symptom_id_2475,病后虚弱,symptom
symptom_id_2476,病后虚羸,symptom
symptom_id_2477,病态窦房结综合征,symptom
symptom_id_2478,病毒性肝炎,symptom
symptom_id_2479,病毒性肺炎,symptom
symptom_id_2480,症,symptom
symptom_id_2481,症瘕积聚,symptom
symptom_id_2482,痈毒,symptom
symptom_id_2483,痈毒焮肿,symptom
symptom_id_2484,痈疖疮疡,symptom
symptom_id_2485,痈疡,symptom
symptom_id_2486,痈疡肿毒,symptom
symptom_id_2487,痈疮肿毒,symptom
symptom_id_2488,痈疽,symptom
symptom_id_2489,痈疽发背,symptom
symptom_id_2490,痈疽疔毒,symptom
symptom_id_2491,痈疽疔疮,symptom
symptom_id_2492,痈疽疔肿,symptom
symptom_id_2493,痈疽疮毒,symptom
symptom_id_2494,痈疽疮疡,symptom
symptom_id_2495,痈疽疮疥,symptom
symptom_id_2496,痈疽疮肿,symptom
symptom_id_2497,痈疽肿毒,symptom
symptom_id_2498,痈疽肿痛,symptom
symptom_id_2499,痈疽难溃,symptom
symptom_id_2500,痈肿,symptom
symptom_id_2501,痈肿溃疡,symptom
symptom_id_2502,痈肿疔疮,symptom
symptom_id_2503,痈肿疖毒,symptom
symptom_id_2504,痈肿疥癣,symptom
symptom_id_2505,痈肿疮毒,symptom
symptom_id_2506,痈肿疮疡,symptom
symptom_id_2507,痈肿痰核,symptom
symptom_id_2508,痈肿瘰疬,symptom
symptom_id_2509,痉厥,symptom
symptom_id_2510,痉挛,symptom
symptom_id_2511,痉挛抽搐,symptom
symptom_id_2512,痒无定点,symptom
symptom_id_2513,痔漏,symptom
symptom_id_2514,痔漏下血,symptom
symptom_id_2515,痔疮,symptom
symptom_id_2516,痔疮出血,symptom
symptom_id_2517,痔疮红肿,symptom
symptom_id_2518,痔疮肿痛,symptom
symptom_id_2519,痔疮脱肛,symptom
symptom_id_2520,痔疾,symptom
symptom_id_2521,痔瘘,symptom
symptom_id_2522,痔瘘肿痛,symptom
symptom_id_2523,痔瘘脱肛,symptom
symptom_id_2524,痔血,symptom
symptom_id_2525,痘诊透发不畅,symptom
symptom_id_2526,痛经,symptom
symptom_id_2527,痛经经闭,symptom
symptom_id_2528,痛风,symptom
symptom_id_2529,痞满,symptom
symptom_id_2530,痞满不舒,symptom
symptom_id_2531,痞满呕吐,symptom
symptom_id_2532,痞满积滞,symptom
symptom_id_2533,痞满胀痛,symptom
symptom_id_2534,痞闷,symptom
symptom_id_2535,痢下,symptom
symptom_id_2536,痢下不止,symptom
symptom_id_2537,痢下赤白,symptom
symptom_id_2538,痢疾,symptom
symptom_id_2539,痢腻,symptom
symptom_id_2540,痤疮,symptom
symptom_id_2541,痧点连片,symptom
symptom_id_2542,痧疹,symptom
symptom_id_2543,痨嗽,symptom
symptom_id_2544,痫病,symptom
symptom_id_2545,痰中带血,symptom
symptom_id_2546,痰中血丝,symptom
symptom_id_2547,痰凝,symptom
symptom_id_2548,痰凝带血,symptom
symptom_id_2549,痰出成块,symptom
symptom_id_2550,痰厥,symptom
symptom_id_2551,痰厥头痛,symptom
symptom_id_2552,痰咳,symptom
symptom_id_2553,痰咳喘满,symptom
symptom_id_2554,痰喘,symptom
symptom_id_2555,痰喘肿满,symptom
symptom_id_2556,痰嗽,symptom
symptom_id_2557,痰壅,symptom
symptom_id_2558,痰壅气厥,symptom
symptom_id_2559,痰壅气逆,symptom
symptom_id_2560,痰多,symptom
symptom_id_2561,痰多喘,symptom
symptom_id_2562,痰多气逆,symptom
symptom_id_2563,痰少,symptom
symptom_id_2564,痰带血,symptom
symptom_id_2565,痰气上塞,symptom
symptom_id_2566,痰气塑逆,symptom
symptom_id_2567,痰涎,symptom
symptom_id_2568,痰涎凝聚,symptom
symptom_id_2569,痰涎壅盛,symptom
symptom_id_2570,痰涎壅肺,symptom
symptom_id_2571,痰涎宿食,symptom
symptom_id_2572,痰涎沫状,symptom
symptom_id_2573,痰清,symptom
symptom_id_2574,痰湿流注,symptom
symptom_id_2575,痰滞气阻,symptom
symptom_id_2576,痰滞经络,symptom
symptom_id_2577,痰火咳嗽,symptom
symptom_id_2578,痰热咳嗽,symptom
symptom_id_2579,痰热喘咳,symptom
symptom_id_2580,痰热喘嗽,symptom
symptom_id_2581,痰热喘满,symptom
symptom_id_2582,痰热惊痫,symptom
symptom_id_2583,痰爽利,symptom
symptom_id_2584,痰癖,symptom
symptom_id_2585,痰稠,symptom
symptom_id_2586,痰稠厚腻,symptom
symptom_id_2587,痰稠难出,symptom
symptom_id_2588,痰稠黏黄白,symptom
symptom_id_2589,痰粘,symptom
symptom_id_2590,痰粘稠,symptom
symptom_id_2591,痰血,symptom
symptom_id_2592,痰血绵绵,symptom
symptom_id_2593,痰阻塞,symptom
symptom_id_2594,痰饮,symptom
symptom_id_2595,痰饮内停,symptom
symptom_id_2596,痰饮呕吐,symptom
symptom_id_2597,痰饮咽气,symptom
symptom_id_2598,痰饮喘咳,symptom
symptom_id_2599,痰饮喘嗽,symptom
symptom_id_2600,痰饮喘逆,symptom
symptom_id_2601,痰饮水肿,symptom
symptom_id_2602,痰饮眩悸,symptom
symptom_id_2603,痰饮眩晕,symptom
symptom_id_2604,痰饮积聚,symptom
symptom_id_2605,痰饮蓄结,symptom
symptom_id_2606,痰鸣,symptom
symptom_id_2607,痰鸣音,symptom
symptom_id_2608,痰黄,symptom
symptom_id_2609,痰黏,symptom
symptom_id_2610,痱子,symptom
symptom_id_2611,痱子刺痒,symptom
symptom_id_2612,痹症,symptom
symptom_id_2613,痹痛拘挛,symptom
symptom_id_2614,痹痛麻木,symptom
symptom_id_2615,痿痹,symptom
symptom_id_2616,瘀停经闭,symptom
symptom_id_2617,瘀斑,symptom
symptom_id_2618,瘀斑遍布,symptom
symptom_id_2619,瘀滞,symptom
symptom_id_2620,瘀滞肿痛,symptom
symptom_id_2621,瘀结,symptom
symptom_id_2622,瘀胆型肝炎,symptom
symptom_id_2623,瘀血,symptom
symptom_id_2624,瘀血经闭,symptom
symptom_id_2625,瘀血腹痛,symptom
symptom_id_2626,瘀血阻滞,symptom
symptom_id_2627,瘀阻块痛,symptom
symptom_id_2628,瘀阻经闭,symptom
symptom_id_2629,瘕痞块,symptom
symptom_id_2630,瘕腹痛,symptom
symptom_id_2631,瘙痒,symptom
symptom_id_2632,瘟疫发热,symptom
symptom_id_2633,瘫痪,symptom
symptom_id_2634,瘰疠,symptom
symptom_id_2635,瘰疬,symptom
symptom_id_2636,瘰疬恶疮,symptom
symptom_id_2637,瘰疬疮毒,symptom
symptom_id_2638,瘰疬痰核,symptom
symptom_id_2639,瘰疬瘿瘤,symptom
symptom_id_2640,瘿瘤,symptom
symptom_id_2641,癃闭,symptom
symptom_id_2642,癌肿,symptom
symptom_id_2643,癍疹不透,symptom
symptom_id_2644,癔症,symptom
symptom_id_2645,癣疥疮肿,symptom
symptom_id_2646,癣疮,symptom
symptom_id_2647,癣疾,symptom
symptom_id_2648,癥瘕,symptom
symptom_id_2649,癥瘕崩漏,symptom
symptom_id_2650,癥瘕痞块,symptom
symptom_id_2651,癥瘕积聚,symptom
symptom_id_2652,癥瘕腹痛,symptom
symptom_id_2653,癥癖,symptom
symptom_id_2654,癥积,symptom
symptom_id_2655,癫狂,symptom
symptom_id_2656,癫狂惊痫,symptom
symptom_id_2657,癫痫,symptom
symptom_id_2658,癫痫发狂,symptom
symptom_id_2659,癫痫抽搐,symptom
symptom_id_2660,癫痫未发,symptom
symptom_id_2661,癫痫痰厥,symptom
symptom_id_2662,白㾦,symptom
symptom_id_2663,白㾦布胸颈,symptom
symptom_id_2664,白㾦渐回,symptom
symptom_id_2665,白内障,symptom
symptom_id_2666,白发,symptom
symptom_id_2667,白喉,symptom
symptom_id_2668,白带,symptom
symptom_id_2669,白带不黄,symptom
symptom_id_2670,白带减少,symptom
symptom_id_2671,白带增多,symptom
symptom_id_2672,白带多,symptom
symptom_id_2673,白带多黄,symptom
symptom_id_2674,白带夹血,symptom
symptom_id_2675,白带少,symptom
symptom_id_2676,白带已止,symptom
symptom_id_2677,白带异味,symptom
symptom_id_2678,白带淋漓,symptom
symptom_id_2679,白带淋漓不尽,symptom
symptom_id_2680,白带清稀,symptom
symptom_id_2681,白带清稀多,symptom
symptom_id_2682,白带腥臭,symptom
symptom_id_2683,白带色白,symptom
symptom_id_2684,白带色黄,symptom
symptom_id_2685,白带血丝,symptom
symptom_id_2686,白带褐色,symptom
symptom_id_2687,白带过多,symptom
symptom_id_2688,白带量多,symptom
symptom_id_2689,白带量少,symptom
symptom_id_2690,白带黄,symptom
symptom_id_2691,白浊,symptom
symptom_id_2692,白浊带下,symptom
symptom_id_2693,白痢,symptom
symptom_id_2694,白痰,symptom
symptom_id_2695,白癜风,symptom
symptom_id_2696,白睛赤,symptom
symptom_id_2697,白秃,symptom
symptom_id_2698,白细胞减少症,symptom
symptom_id_2699,白腐满布,symptom
symptom_id_2700,白色不粘,symptom
symptom_id_2701,白色稠,symptom
symptom_id_2702,白血病,symptom
symptom_id_2703,百日咳,symptom
symptom_id_2704,皮下出血,symptom
symptom_id_2705,皮下紫癜,symptom
symptom_id_2706,皮下组织出血,symptom
symptom_id_2707,皮下结核,symptom
symptom_id_2708,皮下脂肪薄,symptom
symptom_id_2709,皮炎,symptom
symptom_id_2710,皮疏渗血,symptom
symptom_id_2711,皮疹,symptom
symptom_id_2712,皮肤不仁,symptom
symptom_id_2713,皮肤不润,symptom
symptom_id_2714,皮肤丘疹,symptom
symptom_id_2715,皮肤出血点,symptom
symptom_id_2716,皮肤发热,symptom
symptom_id_2717,皮肤坏死,symptom
symptom_id_2718,皮肤如鸡皮样粗糙,symptom
symptom_id_2719,皮肤干,symptom
symptom_id_2720,皮肤干燥,symptom
symptom_id_2721,皮肤干燥粗糙,symptom
symptom_id_2722,皮肤干黄,symptom
symptom_id_2723,皮肤微热,symptom
symptom_id_2724,皮肤水疱,symptom
symptom_id_2725,皮肤湿润,symptom
symptom_id_2726,皮肤湿烂,symptom
symptom_id_2727,皮肤湿疮,symptom
symptom_id_2728,皮肤湿疹,symptom
symptom_id_2729,皮肤溃烂,symptom
symptom_id_2730,皮肤溃疡,symptom
symptom_id_2731,皮肤灰黑,symptom
symptom_id_2732,皮肤灼热,symptom
symptom_id_2733,皮肤热,symptom
symptom_id_2734,皮肤甲错,symptom
symptom_id_2735,皮肤疼痛,symptom
symptom_id_2736,皮肤痒,symptom
symptom_id_2737,皮肤瘀点,symptom
symptom_id_2738,皮肤瘀血,symptom
symptom_id_2739,皮肤瘙痒,symptom
symptom_id_2740,皮肤白,symptom
symptom_id_2741,皮肤白色,symptom
symptom_id_2742,皮肤皱纹,symptom
symptom_id_2743,皮肤皲裂,symptom
symptom_id_2744,皮肤粗糙,symptom
symptom_id_2745,皮肤糜烂,symptom
symptom_id_2746,皮肤紫斑,symptom
symptom_id_2747,皮肤紫暗,symptom
symptom_id_2748,皮肤紫癜,symptom
symptom_id_2749,皮肤紫红,symptom
symptom_id_2750,皮肤红,symptom
symptom_id_2751,皮肤红疹广布,symptom
symptom_id_2752,皮肤红肿,symptom
symptom_id_2753,皮肤结痂,symptom
symptom_id_2754,皮肤结节,symptom
symptom_id_2755,皮肤脓疱,symptom
symptom_id_2756,皮肤脱屑,symptom
symptom_id_2757,皮肤色暗,symptom
symptom_id_2758,皮肤苍白,symptom
symptom_id_2759,皮肤蜕皮,symptom
symptom_id_2760,皮肤过敏,symptom
symptom_id_2761,皮肤顽癣,symptom
symptom_id_2762,皮肤麻木,symptom
symptom_id_2763,皮肤黄,symptom
symptom_id_2764,皮色光亮,symptom
symptom_id_2765,皮色如常,symptom
symptom_id_2766,皮色改变,symptom
symptom_id_2767,皮色暗红,symptom
symptom_id_2768,皮色淡红,symptom
symptom_id_2769,皱纹发痒,symptom
symptom_id_2770,盆腔炎,symptom
symptom_id_2771,盐黄柏滋阴降火,symptom
symptom_id_2772,盗汗,symptom
symptom_id_2773,盗汗遗精,symptom
symptom_id_2774,目光呆滞,symptom
symptom_id_2775,目内眦赤,symptom
symptom_id_2776,目干,symptom
symptom_id_2777,目昏,symptom
symptom_id_2778,目昏不明,symptom
symptom_id_2779,目暗不明,symptom
symptom_id_2780,目暗昏花,symptom
symptom_id_2781,目涩,symptom
symptom_id_2782,目珠夜痛,symptom
symptom_id_2783,目生云翳,symptom
symptom_id_2784,目生翳膜,symptom
symptom_id_2785,目生翳障,symptom
symptom_id_2786,目生障翳,symptom
symptom_id_2787,目痛,symptom
symptom_id_2788,目眩,symptom
symptom_id_2789,目眶浮如水晶,symptom
symptom_id_2790,目睛黄染,symptom
symptom_id_2791,目瞤筋挛,symptom
symptom_id_2792,目翳,symptom
symptom_id_2793,目翳内障,symptom
symptom_id_2794,目胀痛,symptom
symptom_id_2795,目色苍白,symptom
symptom_id_2796,目赤,symptom
symptom_id_2797,目赤充血,symptom
symptom_id_2798,目赤咽痛,symptom
symptom_id_2799,目赤咽肿,symptom
symptom_id_2800,目赤多泪,symptom
symptom_id_2801,目赤昏花,symptom
symptom_id_2802,目赤涩痛,symptom
symptom_id_2803,目赤疼痛,symptom
symptom_id_2804,目赤翳障,symptom
symptom_id_2805,目赤肿痛,symptom
symptom_id_2806,目陷,symptom
symptom_id_2807,目黄,symptom
symptom_id_2808,直肠癌,symptom
symptom_id_2809,眉棱骨痛,symptom
symptom_id_2810,眉锁愁容,symptom
symptom_id_2811,眙动,symptom
symptom_id_2812,眠差,symptom
symptom_id_2813,眠浅,symptom
symptom_id_2814,眦痛,symptom
symptom_id_2815,眨眼频繁,symptom
symptom_id_2816,眩悸,symptom
symptom_id_2817,眩晕,symptom
symptom_id_2818,眩晕症,symptom
symptom_id_2819,眼下肿,symptom
symptom_id_2820,眼内压升高,symptom
symptom_id_2821,眼压高症,symptom
symptom_id_2822,眼周发青,symptom
symptom_id_2823,眼困,symptom
symptom_id_2824,眼圈黑,symptom
symptom_id_2825,眼屎多,symptom
symptom_id_2826,眼屎脓,symptom
symptom_id_2827,眼干,symptom
symptom_id_2828,眼干少泪,symptom
symptom_id_2829,眼底出血,symptom
symptom_id_2830,眼模模糊,symptom
symptom_id_2831,眼流泪,symptom
symptom_id_2832,眼涩,symptom
symptom_id_2833,眼生云翳,symptom
symptom_id_2834,眼疼,symptom
symptom_id_2835,眼痛,symptom
symptom_id_2836,眼痛红肿,symptom
symptom_id_2837,眼皮手指抖,symptom
symptom_id_2838,眼皮结石,symptom
symptom_id_2839,眼皮肿,symptom
symptom_id_2840,眼皮重,symptom
symptom_id_2841,眼目昏涩,symptom
symptom_id_2842,眼目昏花,symptom
symptom_id_2843,眼眶微凹陷,symptom
symptom_id_2844,眼眶疼痛,symptom
symptom_id_2845,眼睑下垂,symptom
symptom_id_2846,眼睑下垂外翻,symptom
symptom_id_2847,眼睑水肿,symptom
symptom_id_2848,眼睑浮肿,symptom
symptom_id_2849,眼睑疼痛,symptom
symptom_id_2850,眼睑红,symptom
symptom_id_2851,眼睑红肿,symptom
symptom_id_2852,眼睑肿胀,symptom
symptom_id_2853,眼睑苍白,symptom
symptom_id_2854,眼睑隆起,symptom
symptom_id_2855,眼睑鲜红,symptom
symptom_id_2856,眼睛出血,symptom
symptom_id_2857,眼睛发红,symptom
symptom_id_2858,眼睛干涩,symptom
symptom_id_2859,眼睛涩,symptom
symptom_id_2860,眼睛深陷,symptom
symptom_id_2861,眼睛灼热,symptom
symptom_id_2862,眼睛热痛,symptom
symptom_id_2863,眼睛疼,symptom
symptom_id_2864,眼睛痒,symptom
symptom_id_2865,眼睛痛,symptom
symptom_id_2866,眼睛红,symptom
symptom_id_2867,眼睛红肿,symptom
symptom_id_2868,眼睛肿,symptom
symptom_id_2869,眼睛肿大,symptom
symptom_id_2870,眼睛肿胀,symptom
symptom_id_2871,眼睛胀,symptom
symptom_id_2872,眼睛黄,symptom
symptom_id_2873,眼神游离,symptom
symptom_id_2874,眼红,symptom
symptom_id_2875,眼红肿,symptom
symptom_id_2876,眼红血丝,symptom
symptom_id_2877,眼肿,symptom
symptom_id_2878,眼胞浮肿,symptom
symptom_id_2879,眼花,symptom
symptom_id_2880,眼裂变小,symptom
symptom_id_2881,眼角红,symptom
symptom_id_2882,眼部乏力,symptom
symptom_id_2883,眼部困倦,symptom
symptom_id_2884,眼部昏暗,symptom
symptom_id_2885,眼部涩感,symptom
symptom_id_2886,眼黄,symptom
symptom_id_2887,睡卧不宁,symptom
symptom_id_2888,睡眠,symptom
symptom_id_2889,睡眠不佳,symptom
symptom_id_2890,睡眠佳,symptom
symptom_id_2891,睡眠减少,symptom
symptom_id_2892,睡眠差,symptom
symptom_id_2893,睡眠异常,symptom
symptom_id_2894,睡眠欠佳,symptom
symptom_id_2895,睡眠正常,symptom
symptom_id_2896,睡眠浅,symptom
symptom_id_2897,睡眠稍好,symptom
symptom_id_2898,睡眠质量差,symptom
symptom_id_2899,睡眠转好,symptom
symptom_id_2900,睡眠过多,symptom
symptom_id_2901,睫状体溃烂,symptom
symptom_id_2902,睾丸下垂,symptom
symptom_id_2903,睾丸偏坠,symptom
symptom_id_2904,睾丸坠痛减轻,symptom
symptom_id_2905,睾丸疼痛,symptom
symptom_id_2906,睾丸肿大,symptom
symptom_id_2907,睾丸肿痛,symptom
symptom_id_2908,瞳孔放大,symptom
symptom_id_2909,瞳孔散大,symptom
symptom_id_2910,矢气,symptom
symptom_id_2911,矢气增,symptom
symptom_id_2912,矢气多,symptom
symptom_id_2913,矢气少,symptom
symptom_id_2914,矢气频转,symptom
symptom_id_2915,矢气频连,symptom
symptom_id_2916,知饥不思饮食,symptom
symptom_id_2917,知饥思食,symptom
symptom_id_2918,短气,symptom
symptom_id_2919,石水,symptom
symptom_id_2920,石淋,symptom
symptom_id_2921,石淋涩痛,symptom
symptom_id_2922,矽肺,symptom
symptom_id_2923,砂石淋痛,symptom
symptom_id_2924,破伤风,symptom
symptom_id_2925,硬满有形,symptom
symptom_id_2926,磨牙,symptom
symptom_id_2927,神体不适,symptom
symptom_id_2928,神倦,symptom
symptom_id_2929,神呆若癫,symptom
symptom_id_2930,神志不清,symptom
symptom_id_2931,神志已清,symptom
symptom_id_2932,神志恍惚,symptom
symptom_id_2933,神志清,symptom
symptom_id_2934,神志清安,symptom
symptom_id_2935,神志清醒,symptom
symptom_id_2936,神志渐清,symptom
symptom_id_2937,神志爽朗,symptom
symptom_id_2938,神志稍苏,symptom
symptom_id_2939,神志稳定,symptom
symptom_id_2940,神志转慧,symptom
symptom_id_2941,神志转清,symptom
symptom_id_2942,神志转爽朗,symptom
symptom_id_2943,神志较清,symptom
symptom_id_2944,神志迟钝,symptom
symptom_id_2945,神志错乱,symptom
symptom_id_2946,神思不清,symptom
symptom_id_2947,神情困顿,symptom
symptom_id_2948,神情抑郁,symptom
symptom_id_2949,神情爽朗,symptom
symptom_id_2950,神情萎靡,symptom
symptom_id_2951,神昏,symptom
symptom_id_2952,神昏不语,symptom
symptom_id_2953,神昏体弱,symptom
symptom_id_2954,神昏发斑,symptom
symptom_id_2955,神昏痉厥,symptom
symptom_id_2956,神昏神疲,symptom
symptom_id_2957,神昏谵语,symptom
symptom_id_2958,神智不清,symptom
symptom_id_2959,神清,symptom
symptom_id_2960,神清气爽,symptom
symptom_id_2961,神疲,symptom
symptom_id_2962,神疲乏力,symptom
symptom_id_2963,神疲少眠,symptom
symptom_id_2964,神疲懒言,symptom
symptom_id_2965,神疲欲寐,symptom
symptom_id_2966,神疲语少,symptom
symptom_id_2967,神经官能症,symptom
symptom_id_2968,神经性呕吐,symptom
symptom_id_2969,神经疼,symptom
symptom_id_2970,神经痛,symptom
symptom_id_2971,神经衰弱,symptom
symptom_id_2972,神识如蒙,symptom
symptom_id_2973,神迷,symptom
symptom_id_2974,神迷语狂,symptom
symptom_id_2975,私处潮湿,symptom
symptom_id_2976,秃疮,symptom
symptom_id_2977,积滞,symptom
symptom_id_2978,积滞内停,symptom
symptom_id_2979,积滞泻痢,symptom
symptom_id_2980,积聚,symptom
symptom_id_2981,积食停饮,symptom
symptom_id_2982,窒息,symptom
symptom_id_2983,站立不稳,symptom
symptom_id_2984,端坐呼吸,symptom
symptom_id_2985,筋伤骨折,symptom
symptom_id_2986,筋断骨折,symptom
symptom_id_2987,筋脉抽搐,symptom
symptom_id_2988,筋脉拘挛,symptom
symptom_id_2989,筋脉拘牵,symptom
symptom_id_2990,筋脉收缩,symptom
symptom_id_2991,筋脉痛,symptom
symptom_id_2992,筋脉肿胀,symptom
symptom_id_2993,筋骨折伤,symptom
symptom_id_2994,筋骨挛急,symptom
symptom_id_2995,筋骨挛缩,symptom
symptom_id_2996,筋骨无力,symptom
symptom_id_2997,筋骨疼痛,symptom
symptom_id_2998,筋骨痿软,symptom
symptom_id_2999,筋骨酸痛,symptom
symptom_id_3000,类风湿关节炎,symptom
symptom_id_3001,粉刺,symptom
symptom_id_3002,粘痰,symptom
symptom_id_3003,粘稠痰,symptom
symptom_id_3004,精力不济,symptom
symptom_id_3005,精力不足,symptom
symptom_id_3006,精力充沛,symptom
symptom_id_3007,精神,symptom
symptom_id_3008,精神不佳,symptom
symptom_id_3009,精神不振,symptom
symptom_id_3010,精神佳,symptom
symptom_id_3011,精神倦怠,symptom
symptom_id_3012,精神分裂,symptom
symptom_id_3013,精神呆滞,symptom
symptom_id_3014,精神困倦,symptom
symptom_id_3015,精神异常,symptom
symptom_id_3016,精神恍惚,symptom
symptom_id_3017,精神抑郁,symptom
symptom_id_3018,精神改善,symptom
symptom_id_3019,精神模糊,symptom
symptom_id_3020,精神状态差,symptom
symptom_id_3021,精神略振,symptom
symptom_id_3022,精神疲倦,symptom
symptom_id_3023,精神疲劳,symptom
symptom_id_3024,精神疲惫,symptom
symptom_id_3025,精神病,symptom
symptom_id_3026,精神萎靡,symptom
symptom_id_3027,精神转佳,symptom
symptom_id_3028,精神较好,symptom
symptom_id_3029,精神错乱,symptom
symptom_id_3030,精血不足,symptom
symptom_id_3031,精血亏虚,symptom
symptom_id_3032,糖尿病,symptom
symptom_id_3033,糜烂,symptom
symptom_id_3034,系统性红斑狼疮,symptom
symptom_id_3035,紧张,symptom
symptom_id_3036,紫斑,symptom
symptom_id_3037,紫癜,symptom
symptom_id_3038,紫癜斑色紫红,symptom
symptom_id_3039,红多白少,symptom
symptom_id_3040,红斑,symptom
symptom_id_3041,红斑狼疮,symptom
symptom_id_3042,红疹,symptom
symptom_id_3043,红肿,symptom
symptom_id_3044,红肿疼痛,symptom
symptom_id_3045,纳呆,symptom
symptom_id_3046,纳呆乏力,symptom
symptom_id_3047,纳少,symptom
symptom_id_3048,纳差,symptom
symptom_id_3049,纳谷不香,symptom
symptom_id_3050,纳谷佳,symptom
symptom_id_3051,纳食不振,symptom
symptom_id_3052,纳食增,symptom
symptom_id_3053,纳食少,symptom
symptom_id_3054,纳食略增,symptom
symptom_id_3055,纵欲过度,symptom
symptom_id_3056,细菌性痢疾,symptom
symptom_id_3057,经净,symptom
symptom_id_3058,经净带下,symptom
symptom_id_3059,经后潮热,symptom
symptom_id_3060,经后颊红,symptom
symptom_id_3061,经寒不调,symptom
symptom_id_3062,经寒腹痛,symptom
symptom_id_3063,经期不规律,symptom
symptom_id_3064,经期小腹痛,symptom
symptom_id_3065,经期来潮,symptom
symptom_id_3066,经期水肿,symptom
symptom_id_3067,经期疼痛,symptom
symptom_id_3068,经期紊乱,symptom
symptom_id_3069,经期逾期不潮,symptom
symptom_id_3070,经期长,symptom
symptom_id_3071,经水先期,symptom
symptom_id_3072,经水先期来潮,symptom
symptom_id_3073,经水少,symptom
symptom_id_3074,经水未潮,symptom
symptom_id_3075,经络气滞,symptom
symptom_id_3076,经色浅淡,symptom
symptom_id_3077,经色紫暗,symptom
symptom_id_3078,经色紫黑,symptom
symptom_id_3079,经血漏下,symptom
symptom_id_3080,经血瘀结,symptom
symptom_id_3081,经血紫,symptom
symptom_id_3082,经行不定,symptom
symptom_id_3083,经行时间短,symptom
symptom_id_3084,经行时间长,symptom
symptom_id_3085,经行腹痛,symptom
symptom_id_3086,经量少,symptom
symptom_id_3087,经闭,symptom
symptom_id_3088,经闭症,symptom
symptom_id_3089,经闭痛经,symptom
symptom_id_3090,经闭瘀阻,symptom
symptom_id_3091,经闭癥,symptom
symptom_id_3092,经闭癥瘕,symptom
symptom_id_3093,经间期出血,symptom
symptom_id_3094,经间痛,symptom
symptom_id_3095,结便干燥,symptom
symptom_id_3096,结核性瘘管,symptom
symptom_id_3097,结核性胸膜炎,symptom
symptom_id_3098,结石,symptom
symptom_id_3099,结肠炎,symptom
symptom_id_3100,结肠炎出血,symptom
symptom_id_3101,结肠瘀滞,symptom
symptom_id_3102,结胸,symptom
symptom_id_3103,结膜充血,symptom
symptom_id_3104,结膜红,symptom
symptom_id_3105,结膜黄,symptom
symptom_id_3106,结膜黄染,symptom
symptom_id_3107,绝经,symptom
symptom_id_3108,绝育术,symptom
symptom_id_3109,绦虫病,symptom
symptom_id_3110,继发性不孕症,symptom
symptom_id_3111,继发性轻度贫血,symptom
symptom_id_3112,继发性闭经,symptom
symptom_id_3113,继发痛经,symptom
symptom_id_3114,继发闭经,symptom
symptom_id_3115,继续改善,symptom
symptom_id_3116,羞明多泪,symptom
symptom_id_3117,羸瘦,symptom
symptom_id_3118,翻白眼,symptom
symptom_id_3119,老痰积块,symptom
symptom_id_3120,耳下结块,symptom
symptom_id_3121,耳内流脓,symptom
symptom_id_3122,耳内胀闷,symptom
symptom_id_3123,耳源性眩晕,symptom
symptom_id_3124,耳疼,symptom
symptom_id_3125,耳痛,symptom
symptom_id_3126,耳眩晕,symptom
symptom_id_3127,耳窍闭塞,symptom
symptom_id_3128,耳红,symptom
symptom_id_3129,耳聋,symptom
symptom_id_3130,耳肿胀,symptom
symptom_id_3131,耳道流脓,symptom
symptom_id_3132,耳闷,symptom
symptom_id_3133,耳鸣,symptom
symptom_id_3134,耳鸣目赤,symptom
symptom_id_3135,聤耳流脓,symptom
symptom_id_3136,肉积,symptom
symptom_id_3137,肉食积滞,symptom
symptom_id_3138,肋下压痛,symptom
symptom_id_3139,肋下疼痛,symptom
symptom_id_3140,肋旁暗痛,symptom
symptom_id_3141,肋疼,symptom
symptom_id_3142,肋痛,symptom
symptom_id_3143,肋部疼痛,symptom
symptom_id_3144,肋间神经痛,symptom
symptom_id_3145,肋间隙宽,symptom
symptom_id_3146,肋骨疼痛,symptom
symptom_id_3147,肌体风痒,symptom
symptom_id_3148,肌无力,symptom
symptom_id_3149,肌痿无力,symptom
symptom_id_3150,肌肉坚紧,symptom
symptom_id_3151,肌肉引急,symptom
symptom_id_3152,肌肉抽搐,symptom
symptom_id_3153,肌肉无力,symptom
symptom_id_3154,肌肉松弛,symptom
symptom_id_3155,肌肉松软,symptom
symptom_id_3156,肌肉消瘦,symptom
symptom_id_3157,肌肉痉挛,symptom
symptom_id_3158,肌肉萎缩,symptom
symptom_id_3159,肌肉跳动,symptom
symptom_id_3160,肌肉酸痛,symptom
symptom_id_3161,肌肉麻木,symptom
symptom_id_3162,肌肤润泽,symptom
symptom_id_3163,肌肤渐充,symptom
symptom_id_3164,肌肤麻木,symptom
symptom_id_3165,肌衄,symptom
symptom_id_3166,肚子大,symptom
symptom_id_3167,肛周瘙痒,symptom
symptom_id_3168,肛热,symptom
symptom_id_3169,肛痈,symptom
symptom_id_3170,肛门发热,symptom
symptom_id_3171,肛门灼热,symptom
symptom_id_3172,肛门灼热感,symptom
symptom_id_3173,肛门疼痛,symptom
symptom_id_3174,肛门肿痛,symptom
symptom_id_3175,肝功能异常,symptom
symptom_id_3176,肝区叩击痛,symptom
symptom_id_3177,肝区痛,symptom
symptom_id_3178,肝区胀痛,symptom
symptom_id_3179,肝右肋缘,symptom
symptom_id_3180,肝大,symptom
symptom_id_3181,肝旺,symptom
symptom_id_3182,肝气郁结,symptom
symptom_id_3183,肝火目赤,symptom
symptom_id_3184,肝火眩晕,symptom
symptom_id_3185,肝炎,symptom
symptom_id_3186,肝热目赤,symptom
symptom_id_3187,肝痈,symptom
symptom_id_3188,肝癌,symptom
symptom_id_3189,肝硬,symptom
symptom_id_3190,肝硬化,symptom
symptom_id_3191,肝肾不足,symptom
symptom_id_3192,肝肾阴亏,symptom
symptom_id_3193,肝肾阴虚,symptom
symptom_id_3194,肝肿,symptom
symptom_id_3195,肝胃气滞,symptom
symptom_id_3196,肝胃气痛,symptom
symptom_id_3197,肝脓肿,symptom
symptom_id_3198,肝脾肿大,symptom
symptom_id_3199,肝腹水,symptom
symptom_id_3200,肝虚寒热,symptom
symptom_id_3201,肝郁化火,symptom
symptom_id_3202,肝郁气滞,symptom
symptom_id_3203,肝郁胁痛,symptom
symptom_id_3204,肝风内动,symptom
symptom_id_3205,肝风夹痰,symptom
symptom_id_3206,肠上皮化生,symptom
symptom_id_3207,肠化生,symptom
symptom_id_3208,肠梗阻,symptom
symptom_id_3209,肠气多,symptom
symptom_id_3210,肠炎,symptom
symptom_id_3211,肠燥,symptom
symptom_id_3212,肠燥便秘,symptom
symptom_id_3213,肠痈,symptom
symptom_id_3214,肠痈肿痛,symptom
symptom_id_3215,肠系膜淋巴结核,symptom
symptom_id_3216,肠胃不适,symptom
symptom_id_3217,肠道功能紊乱,symptom
symptom_id_3218,肠镜虫卵,symptom
symptom_id_3219,肠风,symptom
symptom_id_3220,肠风下血,symptom
symptom_id_3221,肠风便血,symptom
symptom_id_3222,肠风泻血,symptom
symptom_id_3223,肠风痔漏,symptom
symptom_id_3224,肠鸣,symptom
symptom_id_3225,肠鸣辘辘,symptom
symptom_id_3226,肠鸣音,symptom
symptom_id_3227,股红肿,symptom
symptom_id_3228,股赤热,symptom
symptom_id_3229,肢体,symptom
symptom_id_3230,肢体不灵,symptom
symptom_id_3231,肢体倦怠,symptom
symptom_id_3232,肢体僵硬,symptom
symptom_id_3233,肢体强直,symptom
symptom_id_3234,肢体拘挛,symptom
symptom_id_3235,肢体有力,symptom
symptom_id_3236,肢体沉重,symptom
symptom_id_3237,肢体酸重,symptom
symptom_id_3238,肢体麻木,symptom
symptom_id_3239,肢冷,symptom
symptom_id_3240,肢冷脉微,symptom
symptom_id_3241,肢厥,symptom
symptom_id_3242,肢末筋脉挛急,symptom
symptom_id_3243,肢痉,symptom
symptom_id_3244,肢端紫黯,symptom
symptom_id_3245,肢端肿胀,symptom
symptom_id_3246,肢肿,symptom
symptom_id_3247,肢节烦痛,symptom
symptom_id_3248,肢节疼痛,symptom
symptom_id_3249,肢节酸痛,symptom
symptom_id_3250,肢足酸重,symptom
symptom_id_3251,肢软乏力,symptom
symptom_id_3252,肢重,symptom
symptom_id_3253,肢重困倦,symptom
symptom_id_3254,肤寒,symptom
symptom_id_3255,肤汗微润,symptom
symptom_id_3256,肤色白,symptom
symptom_id_3257,肤色红,symptom
symptom_id_3258,肤色红润,symptom
symptom_id_3259,肤色苍白,symptom
symptom_id_3260,肤色黄,symptom
symptom_id_3261,肤色黑,symptom
symptom_id_3262,肤黄,symptom
symptom_id_3263,肥胖,symptom
symptom_id_3264,肥胖体质,symptom
symptom_id_3265,肩关节活动度下降,symptom
symptom_id_3266,肩凝,symptom
symptom_id_3267,肩周炎,symptom
symptom_id_3268,肩肘疼痛,symptom
symptom_id_3269,肩背冷痛,symptom
symptom_id_3270,肩背拘急,symptom
symptom_id_3271,肩背疼,symptom
symptom_id_3272,肩背疼痛,symptom
symptom_id_3273,肩背痛,symptom
symptom_id_3274,肩背肢节酸疼,symptom
symptom_id_3275,肩背酸,symptom
symptom_id_3276,肩背酸痛,symptom
symptom_id_3277,肩胛疼痛,symptom
symptom_id_3278,肩胛骨痛,symptom
symptom_id_3279,肩膀痛,symptom
symptom_id_3280,肩臂疼痛,symptom
symptom_id_3281,肩部不适,symptom
symptom_id_3282,肩部疼痛,symptom
symptom_id_3283,肩颈疼痛,symptom
symptom_id_3284,肺动脉杂音,symptom
symptom_id_3285,肺呼吸音延长,symptom
symptom_id_3286,肺呼吸音粗糙,symptom
symptom_id_3287,肺呼气音延长,symptom
symptom_id_3288,肺咽痛,symptom
symptom_id_3289,肺寒久嗽,symptom
symptom_id_3290,肺寒咳喘,symptom
symptom_id_3291,肺心病,symptom
symptom_id_3292,肺气壅实,symptom
symptom_id_3293,肺气肿,symptom
symptom_id_3294,肺水肿,symptom
symptom_id_3295,肺湿啰音,symptom
symptom_id_3296,肺源性心脏病,symptom
symptom_id_3297,肺炎,symptom
symptom_id_3298,肺热咳喘,symptom
symptom_id_3299,肺热咳嗽,symptom
symptom_id_3300,肺热喘咳,symptom
symptom_id_3301,肺热燥咳,symptom
symptom_id_3302,肺热痰嗽,symptom
symptom_id_3303,肺热痰壅,symptom
symptom_id_3304,肺热音哑,symptom
symptom_id_3305,肺燥,symptom
symptom_id_3306,肺燥咳嗽,symptom
symptom_id_3307,肺燥干咳,symptom
symptom_id_3308,肺病,symptom
symptom_id_3309,肺病宿疾,symptom
symptom_id_3310,肺痈,symptom
symptom_id_3311,肺痈吐脓,symptom
symptom_id_3312,肺痈喉痹,symptom
symptom_id_3313,肺痨,symptom
symptom_id_3314,肺痨咳血,symptom
symptom_id_3315,肺痿,symptom
symptom_id_3316,肺癌,symptom
symptom_id_3317,肺结核,symptom
symptom_id_3318,肺结核咯血,symptom
symptom_id_3319,肺肾不足,symptom
symptom_id_3320,肺胃阴伤,symptom
symptom_id_3321,肺脓疡,symptom
symptom_id_3322,肺虚,symptom
symptom_id_3323,肺虚久咳,symptom
symptom_id_3324,肺虚咳嗽,symptom
symptom_id_3325,肺虚喘咳,symptom
symptom_id_3326,肺虚燥咳,symptom
symptom_id_3327,肺部哮鸣音,symptom
symptom_id_3328,肺部干湿啰音,symptom
symptom_id_3329,肺部感染,symptom
symptom_id_3330,肺部湿啰音,symptom
symptom_id_3331,肺部湿罗音,symptom
symptom_id_3332,肾区无叩击痛,symptom
symptom_id_3333,肾气不足,symptom
symptom_id_3334,肾炎,symptom
symptom_id_3335,肾炎水肿,symptom
symptom_id_3336,肾病,symptom
symptom_id_3337,肾病综合征,symptom
symptom_id_3338,肾病综合症,symptom
symptom_id_3339,肾盂肾炎,symptom
symptom_id_3340,肾积水,symptom
symptom_id_3341,肾结石,symptom
symptom_id_3342,肾虚,symptom
symptom_id_3343,肾虚作喘,symptom
symptom_id_3344,肾虚气喘,symptom
symptom_id_3345,肾虚气逆,symptom
symptom_id_3346,肾虚胎漏,symptom
symptom_id_3347,肾虚遗精,symptom
symptom_id_3348,肾虚阳痿,symptom
symptom_id_3349,肾阳不足,symptom
symptom_id_3350,肾阳亏虚,symptom
symptom_id_3351,肾阳虚衰,symptom
symptom_id_3352,肾阴不足,symptom
symptom_id_3353,肿块,symptom
symptom_id_3354,肿块疼痛,symptom
symptom_id_3355,肿毒,symptom
symptom_id_3356,肿瘤,symptom
symptom_id_3357,肿胀,symptom
symptom_id_3358,胀气,symptom
symptom_id_3359,胀满,symptom
symptom_id_3360,胀满疼痛,symptom
symptom_id_3361,胀痛,symptom
symptom_id_3362,胀闷,symptom
symptom_id_3363,胁下抵抗,symptom
symptom_id_3364,胁下抵抗感,symptom
symptom_id_3365,胁下按之板滞,symptom
symptom_id_3366,胁下疼痛,symptom
symptom_id_3367,胁下痞硬,symptom
symptom_id_3368,胁下胀满,symptom
symptom_id_3369,胁块软缩,symptom
symptom_id_3370,胁灼热感,symptom
symptom_id_3371,胁疼痛,symptom
symptom_id_3372,胁痛,symptom
symptom_id_3373,胁痛吐血,symptom
symptom_id_3374,胁肋不适,symptom
symptom_id_3375,胁肋叩痛,symptom
symptom_id_3376,胁肋按之不适,symptom
symptom_id_3377,胁肋灼热感,symptom
symptom_id_3378,胁肋疼,symptom
symptom_id_3379,胁肋疼痛,symptom
symptom_id_3380,胁肋痛,symptom
symptom_id_3381,胁肋胀闷,symptom
symptom_id_3382,胁肋诸痛,symptom
symptom_id_3383,胁胀,symptom
symptom_id_3384,胁胀痛,symptom
symptom_id_3385,胁腹癥积,symptom
symptom_id_3386,胁部疼痛,symptom
symptom_id_3387,胁部胀痛,symptom
symptom_id_3388,胃下坠感,symptom
symptom_id_3389,胃下垂,symptom
symptom_id_3390,胃不适,symptom
symptom_id_3391,胃出血,symptom
symptom_id_3392,胃切除,symptom
symptom_id_3393,胃口不佳,symptom
symptom_id_3394,胃口不好,symptom
symptom_id_3395,胃口佳,symptom
symptom_id_3396,胃口增加,symptom
symptom_id_3397,胃口好,symptom
symptom_id_3398,胃口差,symptom
symptom_id_3399,胃呆食滞,symptom
symptom_id_3400,胃嘈杂,symptom
symptom_id_3401,胃堵塞,symptom
symptom_id_3402,胃寒,symptom
symptom_id_3403,胃寒呕吐,symptom
symptom_id_3404,胃寒气滞作痛,symptom
symptom_id_3405,胃寒胀痛,symptom
symptom_id_3406,胃有停饮,symptom
symptom_id_3407,胃气停滞,symptom
symptom_id_3408,胃气渐复,symptom
symptom_id_3409,胃溃疡,symptom
symptom_id_3410,胃火亢盛,symptom
symptom_id_3411,胃灼热,symptom
symptom_id_3412,胃炎,symptom
symptom_id_3413,胃热呕吐,symptom
symptom_id_3414,胃热呕哕,symptom
symptom_id_3415,胃热呕逆,symptom
symptom_id_3416,胃疼,symptom
symptom_id_3417,胃病,symptom
symptom_id_3418,胃痛,symptom
symptom_id_3419,胃痛吞酸,symptom
symptom_id_3420,胃痛泛酸,symptom
symptom_id_3421,胃痛胀满,symptom
symptom_id_3422,胃癌,symptom
symptom_id_3423,胃神经官能症,symptom
symptom_id_3424,胃窦炎,symptom
symptom_id_3425,胃纳不佳,symptom
symptom_id_3426,胃纳不香,symptom
symptom_id_3427,胃肠炎,symptom
symptom_id_3428,胃肠胀气,symptom
symptom_id_3429,胃肠道功能紊乱,symptom
symptom_id_3430,胃胀,symptom
symptom_id_3431,胃胀满,symptom
symptom_id_3432,胃脘不适,symptom
symptom_id_3433,胃脘内阵发性烘热,symptom
symptom_id_3434,胃脘冷痛,symptom
symptom_id_3435,胃脘剧痛,symptom
symptom_id_3436,胃脘嘈杂,symptom
symptom_id_3437,胃脘拘急,symptom
symptom_id_3438,胃脘振水音,symptom
symptom_id_3439,胃脘溅音,symptom
symptom_id_3440,胃脘灼热,symptom
symptom_id_3441,胃脘灼痛,symptom
symptom_id_3442,胃脘烦热,symptom
symptom_id_3443,胃脘疼痛,symptom
symptom_id_3444,胃脘痛,symptom
symptom_id_3445,胃脘痞满,symptom
symptom_id_3446,胃脘胀满,symptom
symptom_id_3447,胃脘胀痛,symptom
symptom_id_3448,胃脘隐痛,symptom
symptom_id_3449,胃虚食少,symptom
symptom_id_3450,胃逆,symptom
symptom_id_3451,胃部灼热,symptom
symptom_id_3452,胃部灼热感,symptom
symptom_id_3453,胃酸,symptom
symptom_id_3454,胃酸倒流,symptom
symptom_id_3455,胃阴不足,symptom
symptom_id_3456,胆区叩痛,symptom
symptom_id_3457,胆区时隐痛,symptom
symptom_id_3458,胆区疼痛,symptom
symptom_id_3459,胆区胀痛,symptom
symptom_id_3460,胆区阵痛,symptom
symptom_id_3461,胆囊炎,symptom
symptom_id_3462,胆囊结石,symptom
symptom_id_3463,胆囊触及,symptom
symptom_id_3464,胆小,symptom
symptom_id_3465,胆怯,symptom
symptom_id_3466,胆怯恐惊,symptom
symptom_id_3467,胆火挟痰,symptom
symptom_id_3468,胆石症,symptom
symptom_id_3469,胆系异常,symptom
symptom_id_3470,胆结石,symptom
symptom_id_3471,胆绞痛,symptom
symptom_id_3472,胆胀胁痛,symptom
symptom_id_3473,胆道蛔虫病,symptom
symptom_id_3474,胆道蛔虫症,symptom
symptom_id_3475,背冷,symptom
symptom_id_3476,背寒,symptom
symptom_id_3477,背心冷,symptom
symptom_id_3478,背部不适,symptom
symptom_id_3479,背部僵硬,symptom
symptom_id_3480,背部怕冷,symptom
symptom_id_3481,背部疼痛,symptom
symptom_id_3482,背部痤疮,symptom
symptom_id_3483,背部红疹,symptom
symptom_id_3484,背部酸痛,symptom
symptom_id_3485,背酸,symptom
symptom_id_3486,胎动不安,symptom
symptom_id_3487,胎动欲堕,symptom
symptom_id_3488,胎动流产,symptom
symptom_id_3489,胎动渐安,symptom
symptom_id_3490,胎漏,symptom
symptom_id_3491,胎漏下血,symptom
symptom_id_3492,胎衣不下,symptom
symptom_id_3493,胞睑振跳,symptom
symptom_id_3494,胞睑肿胀,symptom
symptom_id_3495,胞衣不下,symptom
symptom_id_3496,胡言乱语,symptom
symptom_id_3497,胫膝发凉,symptom
symptom_id_3498,胬肉,symptom
symptom_id_3499,胰腺癌,symptom
symptom_id_3500,胳膊凉,symptom
symptom_id_3501,胳膊疼痛,symptom
symptom_id_3502,胳膊肿胀,symptom
symptom_id_3503,胳膊麻木,symptom
symptom_id_3504,胸下满,symptom
symptom_id_3505,胸下满痛,symptom
symptom_id_3506,胸下满闷,symptom
symptom_id_3507,胸下红肿,symptom
symptom_id_3508,胸下隆起,symptom
symptom_id_3509,胸中,symptom
symptom_id_3510,胸中有硬块,symptom
symptom_id_3511,胸中烦热,symptom
symptom_id_3512,胸中痞梗,symptom
symptom_id_3513,胸中痰结,symptom
symptom_id_3514,胸中窒塞,symptom
symptom_id_3515,胸中闷痛,symptom
symptom_id_3516,胸冷,symptom
symptom_id_3517,胸口嘈杂,symptom
symptom_id_3518,胸口憋闷,symptom
symptom_id_3519,胸口痛,symptom
symptom_id_3520,胸憋,symptom
symptom_id_3521,胸掌足热,symptom
symptom_id_3522,胸次宽松,symptom
symptom_id_3523,胸水,symptom
symptom_id_3524,胸满,symptom
symptom_id_3525,胸满喘促,symptom
symptom_id_3526,胸满痰多,symptom
symptom_id_3527,胸满胁闷,symptom
symptom_id_3528,胸满闷,symptom
symptom_id_3529,胸热,symptom
symptom_id_3530,胸痛,symptom
symptom_id_3531,胸痞,symptom
symptom_id_3532,胸痞呕恶,symptom
symptom_id_3533,胸痞腹胀,symptom
symptom_id_3534,胸痹,symptom
symptom_id_3535,胸痹刺痛,symptom
symptom_id_3536,胸紧憋气,symptom
symptom_id_3537,胸肋不舒,symptom
symptom_id_3538,胸胀,symptom
symptom_id_3539,胸胁,symptom
symptom_id_3540,胸胁作痛,symptom
symptom_id_3541,胸胁刺痛,symptom
symptom_id_3542,胸胁坚紧,symptom
symptom_id_3543,胸胁挫伤,symptom
symptom_id_3544,胸胁气滞,symptom
symptom_id_3545,胸胁满结,symptom
symptom_id_3546,胸胁满闷,symptom
symptom_id_3547,胸胁疼痛,symptom
symptom_id_3548,胸胁痛,symptom
symptom_id_3549,胸胁痞痛,symptom
symptom_id_3550,胸胁胀满,symptom
symptom_id_3551,胸胁胀痛,symptom
symptom_id_3552,胸胁胀闷,symptom
symptom_id_3553,胸胁苦满,symptom
symptom_id_3554,胸胃胀,symptom
symptom_id_3555,胸胃针刺痛,symptom
symptom_id_3556,胸背痛,symptom
symptom_id_3557,胸脘满闷,symptom
symptom_id_3558,胸脘灼热,symptom
symptom_id_3559,胸脘疼痛,symptom
symptom_id_3560,胸脘痞满,symptom
symptom_id_3561,胸脘痞胀,symptom
symptom_id_3562,胸脘痞闷,symptom
symptom_id_3563,胸脘胀闷,symptom
symptom_id_3564,胸腔积液,symptom
symptom_id_3565,胸腹,symptom
symptom_id_3566,胸腹刺痛,symptom
symptom_id_3567,胸腹水肿,symptom
symptom_id_3568,胸腹满闷,symptom
symptom_id_3569,胸腹疼痛,symptom
symptom_id_3570,胸腹白疹,symptom
symptom_id_3571,胸腹积水,symptom
symptom_id_3572,胸腹胀满,symptom
symptom_id_3573,胸腹胀痛,symptom
symptom_id_3574,胸腹胀闷,symptom
symptom_id_3575,胸膈灼热,symptom
symptom_id_3576,胸膈痞满,symptom
symptom_id_3577,胸膈痞闷,symptom
symptom_id_3578,胸膈痰滞,symptom
symptom_id_3579,胸膈胀满,symptom
symptom_id_3580,胸膈舒畅,symptom
symptom_id_3581,胸膈闷满,symptom
symptom_id_3582,胸膈闷热,symptom
symptom_id_3583,胸膜炎,symptom
symptom_id_3584,胸透余气未净,symptom
symptom_id_3585,胸部不适,symptom
symptom_id_3586,胸部压迫,symptom
symptom_id_3587,胸部疼痛,symptom
symptom_id_3588,胸部痞闷,symptom
symptom_id_3589,胸部突起,symptom
symptom_id_3590,胸部胀满,symptom
symptom_id_3591,胸部腹水,symptom
symptom_id_3592,胸部膨隆,symptom
symptom_id_3593,胸部饱满,symptom
symptom_id_3594,胸闵,symptom
symptom_id_3595,胸闷,symptom
symptom_id_3596,胸闷不扬,symptom
symptom_id_3597,胸闷不畅,symptom
symptom_id_3598,胸闷不舒,symptom
symptom_id_3599,胸闷不饥,symptom
symptom_id_3600,胸闷未尽,symptom
symptom_id_3601,胸闷纳呆,symptom
symptom_id_3602,胸闷胁痛,symptom
symptom_id_3603,胸闷脘痞,symptom
symptom_id_3604,能食稀饭糜,symptom
symptom_id_3605,脉搏消失,symptom
symptom_id_3606,脉管炎,symptom
symptom_id_3607,脉结代,symptom
symptom_id_3608,脊髓损伤,symptom
symptom_id_3609,脏器下垂,symptom
symptom_id_3610,脏躁,symptom
symptom_id_3611,脏躁病,symptom
symptom_id_3612,脐上动悸,symptom
symptom_id_3613,脐下包块,symptom
symptom_id_3614,脐下抽痛,symptom
symptom_id_3615,脐下拒按,symptom
symptom_id_3616,脐下按痛,symptom
symptom_id_3617,脐下肌挛急,symptom
symptom_id_3618,脐周压痛,symptom
symptom_id_3619,脐周拒按,symptom
symptom_id_3620,脐周无抵抗,symptom
symptom_id_3621,脐周柔软无压痛,symptom
symptom_id_3622,脐周疼痛,symptom
symptom_id_3623,脐周痛,symptom
symptom_id_3624,脐左右压痛,symptom
symptom_id_3625,脐左右拒压,symptom
symptom_id_3626,脐左拒压,symptom
symptom_id_3627,脐左疼,symptom
symptom_id_3628,脐旁,symptom
symptom_id_3629,脐旁压痛,symptom
symptom_id_3630,脐疝,symptom
symptom_id_3631,脐痛,symptom
symptom_id_3632,脐突,symptom
symptom_id_3633,脐腹硬压痛,symptom
symptom_id_3634,脑出血,symptom
symptom_id_3635,脑动脉硬化,symptom
symptom_id_3636,脑梗塞,symptom
symptom_id_3637,脑炎,symptom
symptom_id_3638,脑肿瘤,symptom
symptom_id_3639,脑胀,symptom
symptom_id_3640,脑萎缩,symptom
symptom_id_3641,脑血栓,symptom
symptom_id_3642,脑血管痉挛,symptom
symptom_id_3643,脑震荡后遗症,symptom
symptom_id_3644,脑鸣,symptom
symptom_id_3645,脓成不溃,symptom
symptom_id_3646,脓液俱出,symptom
symptom_id_3647,脓疡,symptom
symptom_id_3648,脓痰,symptom
symptom_id_3649,脓血,symptom
symptom_id_3650,脓血杂下,symptom
symptom_id_3651,脘协疼痛,symptom
symptom_id_3652,脘气呆钝,symptom
symptom_id_3653,脘气宽,symptom
symptom_id_3654,脘气胀,symptom
symptom_id_3655,脘痛,symptom
symptom_id_3656,脘痞,symptom
symptom_id_3657,脘痞不舒,symptom
symptom_id_3658,脘痞不适,symptom
symptom_id_3659,脘痞不饥,symptom
symptom_id_3660,脘痞食少,symptom
symptom_id_3661,脘胀,symptom
symptom_id_3662,脘胀闷,symptom
symptom_id_3663,脘胁痛,symptom
symptom_id_3664,脘胁痞胀,symptom
symptom_id_3665,脘胁胀痛,symptom
symptom_id_3666,脘腹,symptom
symptom_id_3667,脘腹不舒,symptom
symptom_id_3668,脘腹冷痛,symptom
symptom_id_3669,脘腹疼痛,symptom
symptom_id_3670,脘腹痛,symptom
symptom_id_3671,脘腹痞满,symptom
symptom_id_3672,脘腹痞满胀痛,symptom
symptom_id_3673,脘腹痞痛,symptom
symptom_id_3674,脘腹痞闵,symptom
symptom_id_3675,脘腹痞闷,symptom
symptom_id_3676,脘腹胀满,symptom
symptom_id_3677,脘腹胀痛,symptom
symptom_id_3678,脘腹胀通,symptom
symptom_id_3679,脘腹胀闷,symptom
symptom_id_3680,脘腹胀闷欲死,symptom
symptom_id_3681,脘腹胁痛,symptom
symptom_id_3682,脘腹虚痛,symptom
symptom_id_3683,脘腹隐痛,symptom
symptom_id_3684,脘腹饱胀,symptom
symptom_id_3685,脘腹饱胀不适,symptom
symptom_id_3686,脘部疼痛,symptom
symptom_id_3687,脘闷,symptom
symptom_id_3688,脘闷不舒,symptom
symptom_id_3689,脚冰冷,symptom
symptom_id_3690,脚冰凉,symptom
symptom_id_3691,脚冷,symptom
symptom_id_3692,脚后跟疼痛,symptom
symptom_id_3693,脚弱,symptom
symptom_id_3694,脚心热,symptom
symptom_id_3695,脚怕冷,symptom
symptom_id_3696,脚抽筋,symptom
symptom_id_3697,脚气,symptom
symptom_id_3698,脚气水肿,symptom
symptom_id_3699,脚气浮肿,symptom
symptom_id_3700,脚气痿躄,symptom
symptom_id_3701,脚气痿软,symptom
symptom_id_3702,脚热,symptom
symptom_id_3703,脚痛,symptom
symptom_id_3704,脚肿胀,symptom
symptom_id_3705,脚膝痿弱,symptom
symptom_id_3706,脚跟不适,symptom
symptom_id_3707,脚踝疼痛,symptom
symptom_id_3708,脚踝红点,symptom
symptom_id_3709,脚麻木,symptom
symptom_id_3710,脱力劳伤,symptom
symptom_id_3711,脱发,symptom
symptom_id_3712,脱屑,symptom
symptom_id_3713,脱水,symptom
symptom_id_3714,脱皮,symptom
symptom_id_3715,脱肛,symptom
symptom_id_3716,脸浮肿,symptom
symptom_id_3717,脸红,symptom
symptom_id_3718,脸肿,symptom
symptom_id_3719,脸色发黄,symptom
symptom_id_3720,脸色青白,symptom
symptom_id_3721,脸颊发红,symptom
symptom_id_3722,脾大,symptom
symptom_id_3723,脾大肋下三指,symptom
symptom_id_3724,脾寒泄泻,symptom
symptom_id_3725,脾弱便溏,symptom
symptom_id_3726,脾肺气虚,symptom
symptom_id_3727,脾肾虚泻,symptom
symptom_id_3728,脾肾阳虚,symptom
symptom_id_3729,脾肿大,symptom
symptom_id_3730,脾胃气滞,symptom
symptom_id_3731,脾胃气虚,symptom
symptom_id_3732,脾胃虚寒,symptom
symptom_id_3733,脾胃虚弱,symptom
symptom_id_3734,脾虚,symptom
symptom_id_3735,脾虚不运,symptom
symptom_id_3736,脾虚体倦,symptom
symptom_id_3737,脾虚泄泻,symptom
symptom_id_3738,脾虚食少,symptom
symptom_id_3739,腋下出汗,symptom
symptom_id_3740,腕足痉挛,symptom
symptom_id_3741,腕踝关节肿痛,symptom
symptom_id_3742,腘部红肿,symptom
symptom_id_3743,腮红肿,symptom
symptom_id_3744,腮肿,symptom
symptom_id_3745,腮腺炎,symptom
symptom_id_3746,腮部红肿,symptom
symptom_id_3747,腰冷,symptom
symptom_id_3748,腰冷痛,symptom
symptom_id_3749,腰凉,symptom
symptom_id_3750,腰困,symptom
symptom_id_3751,腰弱,symptom
symptom_id_3752,腰无力,symptom
symptom_id_3753,腰椎冷痛,symptom
symptom_id_3754,腰椎疼,symptom
symptom_id_3755,腰椎间盘突出,symptom
symptom_id_3756,腰疼,symptom
symptom_id_3757,腰痛,symptom
symptom_id_3758,腰肋,symptom
symptom_id_3759,腰肌劳损,symptom
symptom_id_3760,腰胀,symptom
symptom_id_3761,腰背困,symptom
symptom_id_3762,腰背痛,symptom
symptom_id_3763,腰背酸疼,symptom
symptom_id_3764,腰背酸痛,symptom
symptom_id_3765,腰脊冷痛,symptom
symptom_id_3766,腰脊冷重,symptom
symptom_id_3767,腰脚不随,symptom
symptom_id_3768,腰脚冷痛,symptom
symptom_id_3769,腰脚冷痹,symptom
symptom_id_3770,腰腹胀,symptom
symptom_id_3771,腰腿关节炎,symptom
symptom_id_3772,腰腿冷痛,symptom
symptom_id_3773,腰腿疼,symptom
symptom_id_3774,腰腿酸软,symptom
symptom_id_3775,腰膝关节酸重疼痛,symptom
symptom_id_3776,腰膝冷痛,symptom
symptom_id_3777,腰膝冷痹,symptom
symptom_id_3778,腰膝无力,symptom
symptom_id_3779,腰膝疼痛,symptom
symptom_id_3780,腰膝痛冷,symptom
symptom_id_3781,腰膝诸痛,symptom
symptom_id_3782,腰膝软弱,symptom
symptom_id_3783,腰膝酸冷,symptom
symptom_id_3784,腰膝酸痛,symptom
symptom_id_3785,腰膝酸软,symptom
symptom_id_3786,腰膝酸软冷痛,symptom
symptom_id_3787,腰臀紫斑,symptom
symptom_id_3788,腰虚,symptom
symptom_id_3789,腰软,symptom
symptom_id_3790,腰部不适,symptom
symptom_id_3791,腰部乏力,symptom
symptom_id_3792,腰部僵硬,symptom
symptom_id_3793,腰部冷痛,symptom
symptom_id_3794,腰部剧痛,symptom
symptom_id_3795,腰部压痛,symptom
symptom_id_3796,腰部坚紧,symptom
symptom_id_3797,腰部拘挛,symptom
symptom_id_3798,腰部无力,symptom
symptom_id_3799,腰部疼痛,symptom
symptom_id_3800,腰部酸楚,symptom
symptom_id_3801,腰部酸痛,symptom
symptom_id_3802,腰部麻木,symptom
symptom_id_3803,腰酸,symptom
symptom_id_3804,腰酸乏力,symptom
symptom_id_3805,腰酸无力,symptom
symptom_id_3806,腰酸耳鸣,symptom
symptom_id_3807,腰酸背痛,symptom
symptom_id_3808,腰酸腿软,symptom
symptom_id_3809,腰酸软,symptom
symptom_id_3810,腰闪伤,symptom
symptom_id_3811,腰骶僵硬,symptom
symptom_id_3812,腰骶压痛,symptom
symptom_id_3813,腰骶疼痛,symptom
symptom_id_3814,腰髋沉重,symptom
symptom_id_3815,腹中冷痛,symptom
symptom_id_3816,腹中硬块,symptom
symptom_id_3817,腹中雷鸣,symptom
symptom_id_3818,腹内结聚成团,symptom
symptom_id_3819,腹冷,symptom
symptom_id_3820,腹冷痛,symptom
symptom_id_3821,腹刺痛,symptom
symptom_id_3822,腹压痛,symptom
symptom_id_3823,腹叩鼓音,symptom
symptom_id_3824,腹坠,symptom
symptom_id_3825,腹壁薄,symptom
symptom_id_3826,腹大坚积,symptom
symptom_id_3827,腹大饱满,symptom
symptom_id_3828,腹左块硬,symptom
symptom_id_3829,腹平,symptom
symptom_id_3830,腹心下痞满,symptom
symptom_id_3831,腹拘急,symptom
symptom_id_3832,腹水,symptom
symptom_id_3833,腹水病,symptom
symptom_id_3834,腹泻,symptom
symptom_id_3835,腹泻未愈,symptom
symptom_id_3836,腹满,symptom
symptom_id_3837,腹满微痛,symptom
symptom_id_3838,腹满痛,symptom
symptom_id_3839,腹满硬痛,symptom
symptom_id_3840,腹满胀痛,symptom
symptom_id_3841,腹满腹痛,symptom
symptom_id_3842,腹灼热,symptom
symptom_id_3843,腹热,symptom
symptom_id_3844,腹煮,symptom
symptom_id_3845,腹痛,symptom
symptom_id_3846,腹痛不爽,symptom
symptom_id_3847,腹痛减轻,symptom
symptom_id_3848,腹痛泄泻,symptom
symptom_id_3849,腹痛痞胀,symptom
symptom_id_3850,腹硬,symptom
symptom_id_3851,腹紧,symptom
symptom_id_3852,腹绞痛,symptom
symptom_id_3853,腹肋痛,symptom
symptom_id_3854,腹肌弱,symptom
symptom_id_3855,腹肌弱紧张,symptom
symptom_id_3856,腹肌挛急,symptom
symptom_id_3857,腹肌紧张,symptom
symptom_id_3858,腹肌轻度紧张,symptom
symptom_id_3859,腹胀,symptom
symptom_id_3860,腹胀满,symptom
symptom_id_3861,腹胀痛,symptom
symptom_id_3862,腹胀肠鸣,symptom
symptom_id_3863,腹胁胀满,symptom
symptom_id_3864,腹膨部隆,symptom
symptom_id_3865,腹软,symptom
symptom_id_3866,腹软无压痛,symptom
symptom_id_3867,腹部下坠,symptom
symptom_id_3868,腹部不适,symptom
symptom_id_3869,腹部偏左,symptom
symptom_id_3870,腹部充实,symptom
symptom_id_3871,腹部冷痛,symptom
symptom_id_3872,腹部凉,symptom
symptom_id_3873,腹部凹陷,symptom
symptom_id_3874,腹部动悸,symptom
symptom_id_3875,腹部包块,symptom
symptom_id_3876,腹部压痛,symptom
symptom_id_3877,腹部压痛坚紧,symptom
symptom_id_3878,腹部压迫感,symptom
symptom_id_3879,腹部发冷,symptom
symptom_id_3880,腹部坚实,symptom
symptom_id_3881,腹部坚硬,symptom
symptom_id_3882,腹部坚紧,symptom
symptom_id_3883,腹部坠胀感,symptom
symptom_id_3884,腹部平坦,symptom
symptom_id_3885,腹部扁平,symptom
symptom_id_3886,腹部手术,symptom
symptom_id_3887,腹部抵抗感,symptom
symptom_id_3888,腹部拘急,symptom
symptom_id_3889,腹部挛缩,symptom
symptom_id_3890,腹部振水音,symptom
symptom_id_3891,腹部无底力,symptom
symptom_id_3892,腹部松软,symptom
symptom_id_3893,腹部松软膨隆,symptom
symptom_id_3894,腹部灼热感,symptom
symptom_id_3895,腹部疼痛,symptom
symptom_id_3896,腹部硕大,symptom
symptom_id_3897,腹部硬满,symptom
symptom_id_3898,腹部肿胀,symptom
symptom_id_3899,腹部胀满,symptom
symptom_id_3900,腹部膨大,symptom
symptom_id_3901,腹部膨隆,symptom
symptom_id_3902,腹部软弱,symptom
symptom_id_3903,腹部隆起,symptom
symptom_id_3904,腹部饱胀,symptom
symptom_id_3905,腹部麻木,symptom
symptom_id_3906,腹重,symptom
symptom_id_3907,腹隐痛,symptom
symptom_id_3908,腹青筋暴露,symptom
symptom_id_3909,腹饥挛急,symptom
symptom_id_3910,腺样体肥厚,symptom
symptom_id_3911,腺样体肥大,symptom
symptom_id_3912,腿乏力,symptom
symptom_id_3913,腿关节疼痛,symptom
symptom_id_3914,腿冷,symptom
symptom_id_3915,腿凉,symptom
symptom_id_3916,腿出汗,symptom
symptom_id_3917,腿困,symptom
symptom_id_3918,腿抽筋,symptom
symptom_id_3919,腿无力,symptom
symptom_id_3920,腿沉,symptom
symptom_id_3921,腿痛,symptom
symptom_id_3922,腿窜疼,symptom
symptom_id_3923,腿股软弱,symptom
symptom_id_3924,腿胀,symptom
symptom_id_3925,腿脚麻木,symptom
symptom_id_3926,腿软,symptom
symptom_id_3927,腿部疼痛,symptom
symptom_id_3928,腿部痉挛,symptom
symptom_id_3929,腿部瘙痒,symptom
symptom_id_3930,腿部肿胀,symptom
symptom_id_3931,腿部酸痛,symptom
symptom_id_3932,腿颤,symptom
symptom_id_3933,腿麻木,symptom
symptom_id_3934,膀胱充盈,symptom
symptom_id_3935,膀胱炎,symptom
symptom_id_3936,膀胱虚冷,symptom
symptom_id_3937,膏淋,symptom
symptom_id_3938,膝关节滑膜炎,symptom
symptom_id_3939,膝关节疼痛,symptom
symptom_id_3940,膝关节肿,symptom
symptom_id_3941,膝关节肿胀,symptom
symptom_id_3942,膝痛,symptom
symptom_id_3943,膝盖无力,symptom
symptom_id_3944,膝盖沉,symptom
symptom_id_3945,膝盖疼,symptom
symptom_id_3946,膝踝关节游走性疼痛,symptom
symptom_id_3947,膝踝关节红肿热痛,symptom
symptom_id_3948,臀部凉,symptom
symptom_id_3949,臀部疼痛,symptom
symptom_id_3950,自利,symptom
symptom_id_3951,自发性出汗,symptom
symptom_id_3952,自发性外出血,symptom
symptom_id_3953,自汗,symptom
symptom_id_3954,自汗口渴,symptom
symptom_id_3955,自汗盗汗,symptom
symptom_id_3956,自觉发热,symptom
symptom_id_3957,自觉潮热,symptom
symptom_id_3958,舌下起泡,symptom
symptom_id_3959,舌体灵活,symptom
symptom_id_3960,舌冰凉,symptom
symptom_id_3961,舌坚少涎,symptom
symptom_id_3962,舌头溃疡,symptom
symptom_id_3963,舌头疼,symptom
symptom_id_3964,舌头辣,symptom
symptom_id_3965,舌尖疼,symptom
symptom_id_3966,舌尖碎痛,symptom
symptom_id_3967,舌尖麻,symptom
symptom_id_3968,舌干口渴,symptom
symptom_id_3969,舌强不语,symptom
symptom_id_3970,舌心痛,symptom
symptom_id_3971,舌溃疡,symptom
symptom_id_3972,舌燥少涎,symptom
symptom_id_3973,舌疼,symptom
symptom_id_3974,舌痛,symptom
symptom_id_3975,舌硬,symptom
symptom_id_3976,舌绛烦渴,symptom
symptom_id_3977,舌血泡,symptom
symptom_id_3978,舌蹇语涩,symptom
symptom_id_3979,舌边,symptom
symptom_id_3980,舌震颤,symptom
symptom_id_3981,舌颤,symptom
symptom_id_3982,舌麻木,symptom
symptom_id_3983,色斑,symptom
symptom_id_3984,色暗,symptom
symptom_id_3985,色润肌丰,symptom
symptom_id_3986,色深,symptom
symptom_id_3987,苦味,symptom
symptom_id_3988,荨麻疹,symptom
symptom_id_3989,菌痢,symptom
symptom_id_3990,萎缩性胃炎,symptom
symptom_id_3991,萎缩性鼻炎,symptom
symptom_id_3992,萎靡,symptom
symptom_id_3993,营养不良,symptom
symptom_id_3994,营卫不和,symptom
symptom_id_3995,虚不固,symptom
symptom_id_3996,虚劳,symptom
symptom_id_3997,虚劳吐血,symptom
symptom_id_3998,虚劳咳喘,symptom
symptom_id_3999,虚劳咳血,symptom
symptom_id_4000,虚劳烦热,symptom
symptom_id_4001,虚劳精亏,symptom
symptom_id_4002,虚劳羸瘦,symptom
symptom_id_4003,虚喘,symptom
symptom_id_4004,虚喘气促,symptom
symptom_id_4005,虚寒,symptom
symptom_id_4006,虚寒吐泻,symptom
symptom_id_4007,虚寒呃逆,symptom
symptom_id_4008,虚寒喘嗽,symptom
symptom_id_4009,虚寒性出血,symptom
symptom_id_4010,虚寒腹痛,symptom
symptom_id_4011,虚弱,symptom
symptom_id_4012,虚损,symptom
symptom_id_4013,虚汗,symptom
symptom_id_4014,虚汗不止,symptom
symptom_id_4015,虚烦,symptom
symptom_id_4016,虚烦不眠,symptom
symptom_id_4017,虚烦惊悸,symptom
symptom_id_4018,虚热,symptom
symptom_id_4019,虚热不退,symptom
symptom_id_4020,虚热消渴,symptom
symptom_id_4021,虚热烦倦,symptom
symptom_id_4022,虚热烦渴,symptom
symptom_id_4023,虚痨,symptom
symptom_id_4024,虚脱,symptom
symptom_id_4025,虚里洪大,symptom
symptom_id_4026,虚里跳动,symptom
symptom_id_4027,虚阳上浮,symptom
symptom_id_4028,虚风内动,symptom
symptom_id_4029,虚风眩晕,symptom
symptom_id_4030,虫伤,symptom
symptom_id_4031,虫咬伤,symptom
symptom_id_4032,虫痛,symptom
symptom_id_4033,虫积,symptom
symptom_id_4034,虫积内阻,symptom
symptom_id_4035,虫积腹痛,symptom
symptom_id_4036,虫蛇咬伤,symptom
symptom_id_4037,虹膜化,symptom
symptom_id_4038,蚕豆病,symptom
symptom_id_4039,蛇咬伤,symptom
symptom_id_4040,蛇虫咬伤,symptom
symptom_id_4041,蛇虫毒,symptom
symptom_id_4042,蛋白不消,symptom
symptom_id_4043,蛋白尿,symptom
symptom_id_4044,蛔厥,symptom
symptom_id_4045,蛔虫,symptom
symptom_id_4046,蛔虫多,symptom
symptom_id_4047,蛔虫扰乱,symptom
symptom_id_4048,蛔虫排出成团成球,symptom
symptom_id_4049,蛔虫病,symptom
symptom_id_4050,蛲虫病,symptom
symptom_id_4051,蜘蛛痣,symptom
symptom_id_4052,蜷曲活动困难,symptom
symptom_id_4053,血压,symptom
symptom_id_4054,血压下降,symptom
symptom_id_4055,血压低,symptom
symptom_id_4056,血压偏高,symptom
symptom_id_4057,血压升高,symptom
symptom_id_4058,血压高,symptom
symptom_id_4059,血吸虫病,symptom
symptom_id_4060,血吸虫病性肝硬化,symptom
symptom_id_4061,血寒经闭,symptom
symptom_id_4062,血小板减少性紫癜,symptom
symptom_id_4063,血小板减少性鼻出血,symptom
symptom_id_4064,血小板减少症,symptom
symptom_id_4065,血尿,symptom
symptom_id_4066,血崩,symptom
symptom_id_4067,血斑,symptom
symptom_id_4068,血晕,symptom
symptom_id_4069,血枯便秘,symptom
symptom_id_4070,血栓闭塞性脉管炎,symptom
symptom_id_4071,血气不足,symptom
symptom_id_4072,血气腹痛,symptom
symptom_id_4073,血浆蛋白水平,symptom
symptom_id_4074,血涕,symptom
symptom_id_4075,血淋,symptom
symptom_id_4076,血淋涩痛,symptom
symptom_id_4077,血淋血尿,symptom
symptom_id_4078,血滞,symptom
symptom_id_4079,血滞经闭,symptom
symptom_id_4080,血热,symptom
symptom_id_4081,血热吐血,symptom
symptom_id_4082,血热吐衄,symptom
symptom_id_4083,血热毒盛,symptom
symptom_id_4084,血热脱发,symptom
symptom_id_4085,血燥,symptom
symptom_id_4086,血痢,symptom
symptom_id_4087,血痰,symptom
symptom_id_4088,血瘀,symptom
symptom_id_4089,血瘀作痛,symptom
symptom_id_4090,血瘀疼痛,symptom
symptom_id_4091,血瘀经闭,symptom
symptom_id_4092,血管硬化,symptom
symptom_id_4093,血管神经性头痛,symptom
symptom_id_4094,血管闭塞性脉管炎,symptom
symptom_id_4095,血虚,symptom
symptom_id_4096,血虚津亏,symptom
symptom_id_4097,血虚肝旺,symptom
symptom_id_4098,血虚萎黄,symptom
symptom_id_4099,血虚身痛,symptom
symptom_id_4100,衄血,symptom
symptom_id_4101,行动困难,symptom
symptom_id_4102,行走不便,symptom
symptom_id_4103,行走不稳,symptom
symptom_id_4104,行走困难,symptom
symptom_id_4105,行迟,symptom
symptom_id_4106,补气,symptom
symptom_id_4107,补气温阳,symptom
symptom_id_4108,表情呆滞,symptom
symptom_id_4109,表情少,symptom
symptom_id_4110,表情淡漠,symptom
symptom_id_4111,表情痛苦,symptom
symptom_id_4112,表虚自汗,symptom
symptom_id_4113,视力下降,symptom
symptom_id_4114,视力减退,symptom
symptom_id_4115,视力受损,symptom
symptom_id_4116,视力受限,symptom
symptom_id_4117,视力改变,symptom
symptom_id_4118,视力改善,symptom
symptom_id_4119,视力模糊,symptom
symptom_id_4120,视力衰退,symptom
symptom_id_4121,视物不清,symptom
symptom_id_4122,视物变形,symptom
symptom_id_4123,视物昏花,symptom
symptom_id_4124,视物模糊,symptom
symptom_id_4125,角弓反张,symptom
symptom_id_4126,角膜水肿,symptom
symptom_id_4127,角膜溃疡,symptom
symptom_id_4128,解巴豆毒,symptom
symptom_id_4129,言多,symptom
symptom_id_4130,言謇,symptom
symptom_id_4131,言语不利,symptom
symptom_id_4132,言语不清,symptom
symptom_id_4133,言语困难,symptom
symptom_id_4134,言语无序,symptom
symptom_id_4135,言语狂躁,symptom
symptom_id_4136,言语艰涩,symptom
symptom_id_4137,言语谵妄,symptom
symptom_id_4138,言语谵妄神昏,symptom
symptom_id_4139,言语费力,symptom
symptom_id_4140,言语较清,symptom
symptom_id_4141,言语错乱,symptom
symptom_id_4142,记忆力下降,symptom
symptom_id_4143,记忆力减退,symptom
symptom_id_4144,记忆力差,symptom
symptom_id_4145,话少,symptom
symptom_id_4146,语低气微,symptom
symptom_id_4147,语声低微,symptom
symptom_id_4148,语声洪大,symptom
symptom_id_4149,语无伦次,symptom
symptom_id_4150,语言不利,symptom
symptom_id_4151,语言不清,symptom
symptom_id_4152,语言含糊,symptom
symptom_id_4153,语言困难,symptom
symptom_id_4154,语言模糊,symptom
symptom_id_4155,语言清晰,symptom
symptom_id_4156,语言艰涩,symptom
symptom_id_4157,语言謇涩,symptom
symptom_id_4158,语言蹇涩,symptom
symptom_id_4159,语蹇,symptom
symptom_id_4160,语速快,symptom
symptom_id_4161,调补安神,symptom
symptom_id_4162,谵妄,symptom
symptom_id_4163,谵妄昏迷,symptom
symptom_id_4164,谵语,symptom
symptom_id_4165,谵语不休,symptom
symptom_id_4166,谵语抽搐,symptom
symptom_id_4167,谵语神昏,symptom
symptom_id_4168,败血症,symptom
symptom_id_4169,贪睡,symptom
symptom_id_4170,贫血,symptom
symptom_id_4171,贲门息肉,symptom
symptom_id_4172,贲门溃疡,symptom
symptom_id_4173,贲门肿,symptom
symptom_id_4174,赘疣,symptom
symptom_id_4175,赢瘦腹满,symptom
symptom_id_4176,赤痢,symptom
symptom_id_4177,赤痢热泻,symptom
symptom_id_4178,赤白下痢,symptom
symptom_id_4179,赤白带下,symptom
symptom_id_4180,走路不稳,symptom
symptom_id_4181,走路乏力,symptom
symptom_id_4182,足,symptom
symptom_id_4183,足底烫,symptom
symptom_id_4184,足底虫爬感,symptom
symptom_id_4185,足心发热,symptom
symptom_id_4186,足痛,symptom
symptom_id_4187,足痿筋挛,symptom
symptom_id_4188,足肿胀,symptom
symptom_id_4189,足背紫癜,symptom
symptom_id_4190,足胫仍肿,symptom
symptom_id_4191,足胫微肿,symptom
symptom_id_4192,足胫紫癜,symptom
symptom_id_4193,足胫青紫斑点,symptom
symptom_id_4194,足膝无力,symptom
symptom_id_4195,足膝酸重,symptom
symptom_id_4196,足趾内转,symptom
symptom_id_4197,足跗皮肿光亮,symptom
symptom_id_4198,足跟外翻,symptom
symptom_id_4199,足跟痛,symptom
symptom_id_4200,足部湿疮,symptom
symptom_id_4201,足部紫癜,symptom
symptom_id_4202,足面青紫,symptom
symptom_id_4203,跌伤,symptom
symptom_id_4204,跌倒昏迷,symptom
symptom_id_4205,跌扑伤痛,symptom
symptom_id_4206,跌扑损伤,symptom
symptom_id_4207,跌扑肿痛,symptom
symptom_id_4208,跌扑闪挫,symptom
symptom_id_4209,跌打,symptom
symptom_id_4210,跌打伤痛,symptom
symptom_id_4211,跌打伤瘀血疼痛,symptom
symptom_id_4212,跌打伤肿,symptom
symptom_id_4213,跌打刀伤,symptom
symptom_id_4214,跌打创伤,symptom
symptom_id_4215,跌打扭伤,symptom
symptom_id_4216,跌打折损,symptom
symptom_id_4217,跌打损伤,symptom
symptom_id_4218,跌打损伤作痛,symptom
symptom_id_4219,跌打肿痛,symptom
symptom_id_4220,跌损瘀滞,symptom
symptom_id_4221,跌损瘀血,symptom
symptom_id_4222,跨麻木,symptom
symptom_id_4223,踝关节肿痛,symptom
symptom_id_4224,躁热,symptom
symptom_id_4225,躁狂,symptom
symptom_id_4226,躁语谵妄,symptom
symptom_id_4227,身体冰冷,symptom
symptom_id_4228,身体困重,symptom
symptom_id_4229,身体寒冷,symptom
symptom_id_4230,身体异物感,symptom
symptom_id_4231,身体抽动,symptom
symptom_id_4232,身体沉重,symptom
symptom_id_4233,身体疲劳,symptom
symptom_id_4234,身体瘦弱,symptom
symptom_id_4235,身体虚弱,symptom
symptom_id_4236,身体阵发抽动,symptom
symptom_id_4237,身倦,symptom
symptom_id_4238,身冷,symptom
symptom_id_4239,身凉,symptom
symptom_id_4240,身困,symptom
symptom_id_4241,身寒,symptom
symptom_id_4242,身有紫斑,symptom
symptom_id_4243,身楚,symptom
symptom_id_4244,身沉,symptom
symptom_id_4245,身热,symptom
symptom_id_4246,身疹,symptom
symptom_id_4247,身痒,symptom
symptom_id_4248,身痛,symptom
symptom_id_4249,身肿,symptom
symptom_id_4250,身胀,symptom
symptom_id_4251,身软,symptom
symptom_id_4252,身重,symptom
symptom_id_4253,身面浮肿,symptom
symptom_id_4254,身黄,symptom
symptom_id_4255,身黑点,symptom
symptom_id_4256,躯体酸痛,symptom
symptom_id_4257,转筋挛急,symptom
symptom_id_4258,转筋挛痛,symptom
symptom_id_4259,轻度黄疸,symptom
symptom_id_4260,输卵管结扎,symptom
symptom_id_4261,输尿管结石,symptom
symptom_id_4262,输精管堵塞,symptom
symptom_id_4263,迁延性发热,symptom
symptom_id_4264,过敏,symptom
symptom_id_4265,过敏体质,symptom
symptom_id_4266,过敏性紫癜,symptom
symptom_id_4267,迎风流泪,symptom
symptom_id_4268,运动后出汗加重,symptom
symptom_id_4269,运动迟缓,symptom
symptom_id_4270,运动迟钝,symptom
symptom_id_4271,进食减少,symptom
symptom_id_4272,进食少量,symptom
symptom_id_4273,进食量多,symptom
symptom_id_4274,迷糊,symptom
symptom_id_4275,透发不快,symptom
symptom_id_4276,遍体白㾦,symptom
symptom_id_4277,遗,symptom
symptom_id_4278,遗尿,symptom
symptom_id_4279,遗精,symptom
symptom_id_4280,遗精淋浊,symptom
symptom_id_4281,遗精白浊,symptom
symptom_id_4282,郁闷,symptom
symptom_id_4283,酒毒,symptom
symptom_id_4284,酒毒伤中,symptom
symptom_id_4285,酒醉,symptom
symptom_id_4286,酒齄鼻,symptom
symptom_id_4287,酸性呕吐,symptom
symptom_id_4288,酸胀不适,symptom
symptom_id_4289,酸胀感,symptom
symptom_id_4290,里急,symptom
symptom_id_4291,里急后重,symptom
symptom_id_4292,里急腹痛,symptom
symptom_id_4293,重度贫血,symptom
symptom_id_4294,重度黄疸,symptom
symptom_id_4295,重影,symptom
symptom_id_4296,量少,symptom
symptom_id_4297,金创出血,symptom
symptom_id_4298,金疮,symptom
symptom_id_4299,金疮出血,symptom
symptom_id_4300,钩端螺旋体病,symptom
symptom_id_4301,钩虫病,symptom
symptom_id_4302,钻顶样痛,symptom
symptom_id_4303,铅中毒,symptom
symptom_id_4304,闭塞性脑血管病,symptom
symptom_id_4305,闭经,symptom
symptom_id_4306,间歇性跛行,symptom
symptom_id_4307,间歇性鼻塞,symptom
symptom_id_4308,阑尾周围脓肿,symptom
symptom_id_4309,阑尾炎,symptom
symptom_id_4310,阳事渐兴,symptom
symptom_id_4311,阳强不倒,symptom
symptom_id_4312,阳明热盛,symptom
symptom_id_4313,阳毒发斑,symptom
symptom_id_4314,阳痿,symptom
symptom_id_4315,阳痿不举,symptom
symptom_id_4316,阳痿早泄,symptom
symptom_id_4317,阳痿滑精,symptom
symptom_id_4318,阳痿精冷,symptom
symptom_id_4319,阳痿遗精,symptom
symptom_id_4320,阳萎遗精,symptom
symptom_id_4321,阳虚,symptom
symptom_id_4322,阳虚冷喘,symptom
symptom_id_4323,阳虚冷泻,symptom
symptom_id_4324,阳虚外感,symptom
symptom_id_4325,阳虚失血,symptom
symptom_id_4326,阳黄,symptom
symptom_id_4327,阴亏目昏,symptom
symptom_id_4328,阴伤,symptom
symptom_id_4329,阴囊发凉,symptom
symptom_id_4330,阴囊外翻,symptom
symptom_id_4331,阴囊水肿,symptom
symptom_id_4332,阴囊潮湿,symptom
symptom_id_4333,阴囊肿,symptom
symptom_id_4334,阴囊肿大,symptom
symptom_id_4335,阴囊肿胀,symptom
symptom_id_4336,阴囊蜕皮,symptom
symptom_id_4337,阴寒水肿,symptom
symptom_id_4338,阴疮湿痒,symptom
symptom_id_4339,阴疽,symptom
symptom_id_4340,阴疽不敛,symptom
symptom_id_4341,阴疽肿毒,symptom
symptom_id_4342,阴疽肿痛,symptom
symptom_id_4343,阴痒,symptom
symptom_id_4344,阴痒带下,symptom
symptom_id_4345,阴缩,symptom
symptom_id_4346,阴肿阴痒,symptom
symptom_id_4347,阴茎烧灼感,symptom
symptom_id_4348,阴茎疼痛,symptom
symptom_id_4349,阴虚,symptom
symptom_id_4350,阴虚劳嗽,symptom
symptom_id_4351,阴虚发热,symptom
symptom_id_4352,阴虚潮热,symptom
symptom_id_4353,阴虚火旺,symptom
symptom_id_4354,阴虚燥咳,symptom
symptom_id_4355,阴虚痨嗽,symptom
symptom_id_4356,阴虚血亏,symptom
symptom_id_4357,阴虚阳亢,symptom
symptom_id_4358,阴虚风动,symptom
symptom_id_4359,阴虚骨蒸,symptom
symptom_id_4360,阴蚀,symptom
symptom_id_4361,阴血不足,symptom
symptom_id_4362,阴道出血,symptom
symptom_id_4363,阴部瘙痒,symptom
symptom_id_4364,阴门疼痛,symptom
symptom_id_4365,阴门瘙痒,symptom
symptom_id_4366,阵发作恶,symptom
symptom_id_4367,阵发胸痛,symptom
symptom_id_4368,阵发腹痛,symptom
symptom_id_4369,阿米巴痢疾,symptom
symptom_id_4370,附件炎,symptom
symptom_id_4371,险峰未脱,symptom
symptom_id_4372,隐热,symptom
symptom_id_4373,难产,symptom
symptom_id_4374,难吞咽,symptom
symptom_id_4375,难咳,symptom
symptom_id_4376,雀目,symptom
symptom_id_4377,雀盲,symptom
symptom_id_4378,霍乱,symptom
symptom_id_4379,青光眼,symptom
symptom_id_4380,青盲,symptom
symptom_id_4381,青盲翳障,symptom
symptom_id_4382,青筋怒张,symptom
symptom_id_4383,青紫癜,symptom
symptom_id_4384,静脉曲张,symptom
symptom_id_4385,面削颧薄,symptom
symptom_id_4386,面唇色淡,symptom
symptom_id_4387,面垢,symptom
symptom_id_4388,面斑,symptom
symptom_id_4389,面无光泽,symptom
symptom_id_4390,面无表情,symptom
symptom_id_4391,面暗,symptom
symptom_id_4392,面暗红,symptom
symptom_id_4393,面暗黄,symptom
symptom_id_4394,面油,symptom
symptom_id_4395,面浮,symptom
symptom_id_4396,面浮肿,symptom
symptom_id_4397,面潮红,symptom
symptom_id_4398,面灰暗,symptom
symptom_id_4399,面热,symptom
symptom_id_4400,面痘,symptom
symptom_id_4401,面瘫,symptom
symptom_id_4402,面白,symptom
symptom_id_4403,面白唇淡,symptom
symptom_id_4404,面白唇红,symptom
symptom_id_4405,面白消瘦,symptom
symptom_id_4406,面白青,symptom
symptom_id_4407,面白颊红,symptom
symptom_id_4408,面白黄,symptom
symptom_id_4409,面目浮肿,symptom
symptom_id_4410,面目肌肤浮肿,symptom
symptom_id_4411,面目萎黄,symptom
symptom_id_4412,面目黄色,symptom
symptom_id_4413,面神经麻痹,symptom
symptom_id_4414,面红,symptom
symptom_id_4415,面红喜甜,symptom
symptom_id_4416,面红无光,symptom
symptom_id_4417,面红无神,symptom
symptom_id_4418,面红目赤,symptom
symptom_id_4419,面肌抽搐,symptom
symptom_id_4420,面肿,symptom
symptom_id_4421,面脏,symptom
symptom_id_4422,面色不华,symptom
symptom_id_4423,面色发红,symptom
symptom_id_4424,面色发青,symptom
symptom_id_4425,面色改善,symptom
symptom_id_4426,面色无光,symptom
symptom_id_4427,面色无光泽,symptom
symptom_id_4428,面色无华,symptom
symptom_id_4429,面色无华青,symptom
symptom_id_4430,面色明亮,symptom
symptom_id_4431,面色晄白,symptom
symptom_id_4432,面色晦暗,symptom
symptom_id_4433,面色暗,symptom
symptom_id_4434,面色暗黄,symptom
symptom_id_4435,面色淡白,symptom
symptom_id_4436,面色潮红,symptom
symptom_id_4437,面色灰,symptom
symptom_id_4438,面色灰暗,symptom
symptom_id_4439,面色灰白,symptom
symptom_id_4440,面色灰黑,symptom
symptom_id_4441,面色白,symptom
symptom_id_4442,面色白无华,symptom
symptom_id_4443,面色白暗,symptom
symptom_id_4444,面色白青,symptom
symptom_id_4445,面色红,symptom
symptom_id_4446,面色红润,symptom
symptom_id_4447,面色红黄,symptom
symptom_id_4448,面色苍白,symptom
symptom_id_4449,面色苍白红,symptom
symptom_id_4450,面色萎黄,symptom
symptom_id_4451,面色转华,symptom
symptom_id_4452,面色转润,symptom
symptom_id_4453,面色阴沉,symptom
symptom_id_4454,面色青,symptom
symptom_id_4455,面色青淡,symptom
symptom_id_4456,面色青黄,symptom
symptom_id_4457,面色黄,symptom
symptom_id_4458,面色黑,symptom
symptom_id_4459,面色黧黑,symptom
symptom_id_4460,面虚,symptom
symptom_id_4461,面赤,symptom
symptom_id_4462,面赤口渴,symptom
symptom_id_4463,面赤唇干,symptom
symptom_id_4464,面赤微浮,symptom
symptom_id_4465,面足微浮,symptom
symptom_id_4466,面部丘疹,symptom
symptom_id_4467,面部水肿,symptom
symptom_id_4468,面部浮肿,symptom
symptom_id_4469,面部潮红,symptom
symptom_id_4470,面部烘热,symptom
symptom_id_4471,面部热,symptom
symptom_id_4472,面部疼痛,symptom
symptom_id_4473,面部痘痘,symptom
symptom_id_4474,面部痛苦,symptom
symptom_id_4475,面部白斑,symptom
symptom_id_4476,面部紫黑,symptom
symptom_id_4477,面部红肿,symptom
symptom_id_4478,面部红血丝,symptom
symptom_id_4479,面部肿胀,symptom
symptom_id_4480,面部胀痛,symptom
symptom_id_4481,面部过敏,symptom
symptom_id_4482,面部麻木,symptom
symptom_id_4483,面部黑肿,symptom
symptom_id_4484,面青,symptom
symptom_id_4485,面颊发红,symptom
symptom_id_4486,面麻木,symptom
symptom_id_4487,面黄,symptom
symptom_id_4488,面黄体瘦,symptom
symptom_id_4489,面黄偏瘦,symptom
symptom_id_4490,面黄消瘦,symptom
symptom_id_4491,面黄肌瘦,symptom
symptom_id_4492,面黑,symptom
symptom_id_4493,音哑,symptom
symptom_id_4494,音粗,symptom
symptom_id_4495,项头僵痛,symptom
symptom_id_4496,项引不易转侧,symptom
symptom_id_4497,项强,symptom
symptom_id_4498,项强口噤,symptom
symptom_id_4499,项强直,symptom
symptom_id_4500,项背强急,symptom
symptom_id_4501,项背强痛,symptom
symptom_id_4502,项背强直,symptom
symptom_id_4503,项背拘急,symptom
symptom_id_4504,项软,symptom
symptom_id_4505,须发早白,symptom
symptom_id_4506,顽痰,symptom
symptom_id_4507,顽痰胶结,symptom
symptom_id_4508,顽癣,symptom
symptom_id_4509,顿咳,symptom
symptom_id_4510,顿咳痰黏,symptom
symptom_id_4511,颈椎增生,symptom
symptom_id_4512,颈椎活动度下降,symptom
symptom_id_4513,颈椎病,symptom
symptom_id_4514,颈胸透疹,symptom
symptom_id_4515,颈部不适,symptom
symptom_id_4516,颈部疼痛,symptom
symptom_id_4517,颈项,symptom
symptom_id_4518,颈项不适,symptom
symptom_id_4519,颈项不适前额痛,symptom
symptom_id_4520,颈项不适感,symptom
symptom_id_4521,颈项僵直,symptom
symptom_id_4522,颈项包块,symptom
symptom_id_4523,颈项包块变软,symptom
symptom_id_4524,颈项强直,symptom
symptom_id_4525,颈项拘急,symptom
symptom_id_4526,颊腮红肿,symptom
symptom_id_4527,频发性室性早搏,symptom
symptom_id_4528,频发性室早搏,symptom
symptom_id_4529,颜面浮肿,symptom
symptom_id_4530,颜面肌肉痉挛,symptom
symptom_id_4531,额头痘,symptom
symptom_id_4532,颧红,symptom
symptom_id_4533,风冷,symptom
symptom_id_4534,风寒,symptom
symptom_id_4535,风寒咳嗽,symptom
symptom_id_4536,风寒头痛,symptom
symptom_id_4537,风寒感冒,symptom
symptom_id_4538,风寒挟湿,symptom
symptom_id_4539,风寒湿痹,symptom
symptom_id_4540,风心病,symptom
symptom_id_4541,风水浮肿,symptom
symptom_id_4542,风温,symptom
symptom_id_4543,风湿,symptom
symptom_id_4544,风湿关节痛,symptom
symptom_id_4545,风湿性关节炎,symptom
symptom_id_4546,风湿性坐骨神经炎,symptom
symptom_id_4547,风湿性坐骨神经痛,symptom
symptom_id_4548,风湿性心脏病,symptom
symptom_id_4549,风湿热痹,symptom
symptom_id_4550,风湿疼痛,symptom
symptom_id_4551,风湿病,symptom
symptom_id_4552,风湿痛,symptom
symptom_id_4553,风湿痹病,symptom
symptom_id_4554,风湿痹痛,symptom
symptom_id_4555,风湿痹证,symptom
symptom_id_4556,风湿瘫痪,symptom
symptom_id_4557,风湿顽痹,symptom
symptom_id_4558,风湿骨痛,symptom
symptom_id_4559,风火眼疾,symptom
symptom_id_4560,风热,symptom
symptom_id_4561,风热咳嗽,symptom
symptom_id_4562,风热头痛,symptom
symptom_id_4563,风热感冒,symptom
symptom_id_4564,风热痒疹,symptom
symptom_id_4565,风热郁,symptom
symptom_id_4566,风疹,symptom
symptom_id_4567,风疹作痒,symptom
symptom_id_4568,风疹瘙痒,symptom
symptom_id_4569,风痒疮疥,symptom
symptom_id_4570,风痰,symptom
symptom_id_4571,风痰壅塞,symptom
symptom_id_4572,风痰癫痫,symptom
symptom_id_4573,风痰阻塞,symptom
symptom_id_4574,风痹,symptom
symptom_id_4575,风痹疼痛,symptom
symptom_id_4576,风痼,symptom
symptom_id_4577,风眩欲倒,symptom
symptom_id_4578,风虫,symptom
symptom_id_4579,风邪顽痹,symptom
symptom_id_4580,食之无味,symptom
symptom_id_4581,食便尿正常,symptom
symptom_id_4582,食入哽阻,symptom
symptom_id_4583,食入梗阻,symptom
symptom_id_4584,食入痞阻,symptom
symptom_id_4585,食多消瘦,symptom
symptom_id_4586,食少,symptom
symptom_id_4587,食少便溏,symptom
symptom_id_4588,食少倦怠,symptom
symptom_id_4589,食少吐泻,symptom
symptom_id_4590,食少呕吐,symptom
symptom_id_4591,食少干呕,symptom
symptom_id_4592,食少神昏,symptom
symptom_id_4593,食少纳呆,symptom
symptom_id_4594,食少腹胀,symptom
symptom_id_4595,食欲,symptom
symptom_id_4596,食欲下降,symptom
symptom_id_4597,食欲不佳,symptom
symptom_id_4598,食欲不好,symptom
symptom_id_4599,食欲不振,symptom
symptom_id_4600,食欲中等,symptom
symptom_id_4601,食欲仍差,symptom
symptom_id_4602,食欲佳,symptom
symptom_id_4603,食欲减退,symptom
symptom_id_4604,食欲增,symptom
symptom_id_4605,食欲增加,symptom
symptom_id_4606,食欲增进,symptom
symptom_id_4607,食欲大增,symptom
symptom_id_4608,食欲好,symptom
symptom_id_4609,食欲差,symptom
symptom_id_4610,食欲旺盛,symptom
symptom_id_4611,食欲欠佳,symptom
symptom_id_4612,食欲正常,symptom
symptom_id_4613,食欲缺乏,symptom
symptom_id_4614,食欲转好,symptom
symptom_id_4615,食欲过盛,symptom
symptom_id_4616,食物毒,symptom
symptom_id_4617,食物积滞,symptom
symptom_id_4618,食积,symptom
symptom_id_4619,食积不化,symptom
symptom_id_4620,食积不消,symptom
symptom_id_4621,食积气滞,symptom
symptom_id_4622,食积痞满,symptom
symptom_id_4623,食积胀痛,symptom
symptom_id_4624,食管癌,symptom
symptom_id_4625,食纳不佳,symptom
symptom_id_4626,食纳增加,symptom
symptom_id_4627,食纳差,symptom
symptom_id_4628,食纳差改善,symptom
symptom_id_4629,食纳略增,symptom
symptom_id_4630,食量减少,symptom
symptom_id_4631,食量增加,symptom
symptom_id_4632,食量小,symptom
symptom_id_4633,食量少,symptom
symptom_id_4634,食量差,symptom
symptom_id_4635,饥不思饮,symptom
symptom_id_4636,饥饿感,symptom
symptom_id_4637,饭后腹胀,symptom
symptom_id_4638,饮停气逆证,symptom
symptom_id_4639,饮多,symptom
symptom_id_4640,饮少,symptom
symptom_id_4641,饮水减少,symptom
symptom_id_4642,饮水多,symptom
symptom_id_4643,饮水少,symptom
symptom_id_4644,饮水量多,symptom
symptom_id_4645,饮水量少,symptom
symptom_id_4646,饮食不佳,symptom
symptom_id_4647,饮食不振,symptom
symptom_id_4648,饮食不节,symptom
symptom_id_4649,饮食不进,symptom
symptom_id_4650,饮食乏味,symptom
symptom_id_4651,饮食作噎,symptom
symptom_id_4652,饮食停滞,symptom
symptom_id_4653,饮食减少,symptom
symptom_id_4654,饮食增加,symptom
symptom_id_4655,饮食增进,symptom
symptom_id_4656,饮食渐佳,symptom
symptom_id_4657,饮食渐增,symptom
symptom_id_4658,饮食渐思,symptom
symptom_id_4659,饮食生痰,symptom
symptom_id_4660,饮食睡眠佳,symptom
symptom_id_4661,饮食积滞,symptom
symptom_id_4662,饮食肥甘,symptom
symptom_id_4663,饱胀,symptom
symptom_id_4664,饱胀不舒,symptom
symptom_id_4665,饶虫病,symptom
symptom_id_4666,驼背,symptom
symptom_id_4667,骨折,symptom
symptom_id_4668,骨折筋伤,symptom
symptom_id_4669,骨潮热,symptom
symptom_id_4670,骨热皮寒,symptom
symptom_id_4671,骨痹,symptom
symptom_id_4672,骨痿,symptom
symptom_id_4673,骨节烦疼,symptom
symptom_id_4674,骨节疼烦,symptom
symptom_id_4675,骨节疼痛,symptom
symptom_id_4676,骨节痛,symptom
symptom_id_4677,骨节酸楚,symptom
symptom_id_4678,骨节酸痛,symptom
symptom_id_4679,骨蒸,symptom
symptom_id_4680,骨蒸劳嗽,symptom
symptom_id_4681,骨蒸劳热,symptom
symptom_id_4682,骨蒸发热,symptom
symptom_id_4683,骨蒸潮热,symptom
symptom_id_4684,骨蒸盗汗,symptom
symptom_id_4685,骨质增生,symptom
symptom_id_4686,骨质疏松,symptom
symptom_id_4687,骨髓炎,symptom
symptom_id_4688,高发灼痛刺痛,symptom
symptom_id_4689,高处坠落,symptom
symptom_id_4690,高烧,symptom
symptom_id_4691,高热,symptom
symptom_id_4692,高热不退,symptom
symptom_id_4693,高热惊厥,symptom
symptom_id_4694,高热惊痫,symptom
symptom_id_4695,高热抽搐,symptom
symptom_id_4696,高热昏迷后遗症,symptom
symptom_id_4697,高热渐衰,symptom
symptom_id_4698,高热烦渴,symptom
symptom_id_4699,高热痉厥,symptom
symptom_id_4700,高热神昏,symptom
symptom_id_4701,高脂血症,symptom
symptom_id_4702,高血压,symptom
symptom_id_4703,高血压性心脏病,symptom
symptom_id_4704,高血压病,symptom
symptom_id_4705,高血压症,symptom
symptom_id_4706,高血脂,symptom
symptom_id_4707,高血脂症,symptom
symptom_id_4708,鱼蟹中毒,symptom
symptom_id_4709,鸡皮疙瘩,symptom
symptom_id_4710,鸡眼,symptom
symptom_id_4711,鹅掌风,symptom
symptom_id_4712,鹤膝风,symptom
symptom_id_4713,麻木,symptom
symptom_id_4714,麻木拘挛,symptom
symptom_id_4715,麻疹,symptom
symptom_id_4716,麻疹不透,symptom
symptom_id_4717,麻疹病,symptom
symptom_id_4718,麻醉止痛,symptom
symptom_id_4719,麻风,symptom
symptom_id_4720,黄带减少,symptom
symptom_id_4721,黄带变白,symptom
symptom_id_4722,黄带味腥臭,symptom
symptom_id_4723,黄带增多味腥臭,symptom
symptom_id_4724,黄带多,symptom
symptom_id_4725,黄带多腥臭,symptom
symptom_id_4726,黄带粘臭,symptom
symptom_id_4727,黄带转白,symptom
symptom_id_4728,黄带量少,symptom
symptom_id_4729,黄斑丘疹,symptom
symptom_id_4730,黄水淋漓,symptom
symptom_id_4731,黄汗,symptom
symptom_id_4732,黄涕,symptom
symptom_id_4733,黄疸,symptom
symptom_id_4734,黄疸减退,symptom
symptom_id_4735,黄疸型肝炎,symptom
symptom_id_4736,黄疸型肝炎病,symptom
symptom_id_4737,黄疸指数,symptom
symptom_id_4738,黄痰,symptom
symptom_id_4739,黄眼,symptom
symptom_id_4740,黄肿,symptom
symptom_id_4741,黏液性呕吐,symptom
symptom_id_4742,黏稠难咯,symptom
symptom_id_4743,黑便,symptom
symptom_id_4744,黑牙,symptom
symptom_id_4745,黑痰,symptom
symptom_id_4746,黑眼圈,symptom
symptom_id_4747,鼓无压痛,symptom
symptom_id_4748,鼻出血,symptom
symptom_id_4749,鼻咽癌,symptom
symptom_id_4750,鼻唇干燥,symptom
symptom_id_4751,鼻塞,symptom
symptom_id_4752,鼻塞流涕,symptom
symptom_id_4753,鼻头微青,symptom
symptom_id_4754,鼻如烟煤,symptom
symptom_id_4755,鼻子上火,symptom
symptom_id_4756,鼻子不通,symptom
symptom_id_4757,鼻干,symptom
symptom_id_4758,鼻干燥,symptom
symptom_id_4759,鼻息肉,symptom
symptom_id_4760,鼻根疼痛,symptom
symptom_id_4761,鼻气热,symptom
symptom_id_4762,鼻涕,symptom
symptom_id_4763,鼻涕浑浊,symptom
symptom_id_4764,鼻渊,symptom
symptom_id_4765,鼻燥,symptom
symptom_id_4766,鼻燥咽干,symptom
symptom_id_4767,鼻甲肿大,symptom
symptom_id_4768,鼻痒,symptom
symptom_id_4769,鼻痛,symptom
symptom_id_4770,鼻粘膜红肿,symptom
symptom_id_4771,鼻红,symptom
symptom_id_4772,鼻红肿,symptom
symptom_id_4773,鼻翼煽动,symptom
symptom_id_4774,鼻腔干燥,symptom
symptom_id_4775,鼻血,symptom
symptom_id_4776,鼻衄,symptom
symptom_id_4777,鼻赤,symptom
symptom_id_4778,鼻道出血不止,symptom
symptom_id_4779,鼻鸣,symptom
symptom_id_4780,鼻鼽,symptom
symptom_id_4781,齿干,symptom
symptom_id_4782,齿痕明显,symptom
symptom_id_4783,齿痛,symptom
symptom_id_4784,齿衄,symptom
symptom_id_4785,齿龈出血,symptom
symptom_id_4786,齿龈肿痛,symptom
symptom_id_4787,龈肿牙宣,symptom
